id,target,existing,GB,HGB,blend_GB,blend_HGB
443,1,0.4497921941693478,0.9510687741525192,0.7259247950788457,0.7004304841609336,0.5878584946240968
760,0,0.1273394856651121,0.8796703430020502,0.0978249162675077,0.5035049143335811,0.1125822009663099
904,1,0.2773653697488704,0.9885741732500308,0.0757544747734436,0.6329697714994506,0.176559922261157
1210,0,0.5376140363993831,0.0006797079427295,0.9429022357184738,0.2691468721710563,0.7402581360589284
1285,1,0.4322883059617675,0.9445602267928492,0.5529776036140259,0.6884242663773084,0.4926329547878967
1333,0,0.4671999289276865,0.8594164732178772,0.4514594312535377,0.6633082010727819,0.4593296800906121
1526,0,0.5741145680922017,0.0006797079427295,0.5098415839858578,0.2873971380174656,0.5419780760390298
1655,0,0.6276134250421546,0.0015440908679233,0.6835385181077097,0.314578757955039,0.6555759715749321
2706,0,0.6267898041848858,0.0874945902554739,0.754744860725235,0.3571421972201798,0.6907673324550604
3027,0,0.2782609093557537,0.8383172586789482,0.5235012529790187,0.558289084017351,0.4008810811673862
3590,0,0.5949419012751967,0.0004204583238255,0.9705336411276676,0.2976811797995111,0.7827377712014321
3929,1,0.4766135912466784,0.987582767851196,0.3938837370680498,0.7320981795489372,0.4352486641573641
4030,0,0.2024857280511206,0.9657751887622276,0.1207702628238193,0.5841304584066741,0.16162799543747
4117,0,0.6478526196749179,0.0671672507078468,0.577818675456784,0.3575099351913824,0.612835647565851
4899,0,0.5191487149313991,0.122857593806027,0.6928787120128299,0.3210031543687131,0.6060137134721145
5153,0,0.6420846441398496,0.0005756292943886,0.8909571435908518,0.3213301367171191,0.7665208938653507
5398,0,0.2697082124964693,0.986004025842686,0.5616987675814323,0.6278561191695776,0.4157034900389508
5402,1,0.5076712587998354,0.4119358288871879,0.285533809289702,0.4598035438435117,0.3966025340447687
6925,1,0.5656898591722029,0.0038846161943012,0.9338342168882696,0.2847872376832521,0.7497620380302363
6991,1,0.3396133525149394,0.9850411138208188,0.1072349721668478,0.6623272331678791,0.2234241623408936
7592,1,0.7205663313872487,0.2752722026579991,0.2702723597368821,0.4979192670226239,0.4954193455620654
7688,1,0.4173263483761126,0.6181306748130005,0.1872605810763111,0.5177285115945566,0.3022934647262119
8605,0,0.4533071086207546,0.9897983595685302,0.0299855305782204,0.7215527340946424,0.2416463195994875
9940,0,0.5680523952627893,0.0006797079427295,0.8048275198918651,0.2843660516027594,0.6864399575773272
