filename,car,tank
image001.jpg,0,1
image002.jpg,1,0
image003.jpeg,3,0
image004.jpg,0,1
image005.jpg,1,0
image006.jpg,0,1
image007.jpg,1,0
image008.jpg,1,0
image009.jpg,0,1
image010.jpg,1,0
image011.jpeg,2,0
image012.jpg,1,0
image013.jpg,1,0
image014.jpg,1,0
image015.jpg,1,0
image016.jpg,1,0
image017.jpg,0,1
image018.jpg,0,1
image019.jpg,1,0
image020.jpg,1,0
image021.jpg,0,1
image022.jpg,0,1
image023.jpg,0,1
image024.jpg,0,1
image025.jpg,1,0
image026.jpg,1,0
image027.png,0,1
image028.jpg,1,0
image029.jpg,1,0
image031.jpg,1,0
image032.jpg,0,1
image033.jpg,1,0
image034.jpg,1,0
image035.jpg,1,0
image036.jpg,1,0
image037.jpg,1,0
image038.jpg,1,0
image039.jpg,1,0
image040.jpg,1,0
image042.jpg,0,1
image043.jpg,1,0
image044.jpeg,0,1
image045.jpg,0,1
image046.jpg,1,0
image047.webp,1,0
image048.png,1,0
image049.jpg,0,1
image050.jpg,1,0
image051.jpg,0,2
image052.jpg,1,0
image053.jpg,1,0
image054.jpg,1,0
image055.jpg,1,0
image056.jpg,1,0
image057.jpg,1,0
image058.jpg,1,0
image059.jpg,0,1
image060.jpg,1,0
image061.jpg,1,0
image062.png,0,1
image063.jpg,1,0
image064.jpg,0,1
image065.jpg,1,0
image066.jpg,1,0
image067.png,3,0
image068.jpg,0,1
image069.jpg,0,1
image070.jpg,0,1
image071.jpg,0,1
image072.jpg,1,0
image073.jpg,1,0
image074.jpg,1,0
image075.jpg,1,0
image076.jpg,1,0
image077.jpg,1,0
image078.jpg,1,0
image079.jpg,1,0
image080.jpg,0,1
image081.jpg,1,0
image082.jpg,0,2
image083.jpeg,2,0
image084.jpg,0,1
image085.jpg,1,0
image086.jpg,1,0
image087.jpg,1,0
image088.jpg,1,0
image089.jpg,1,0
image090.jpg,0,1
image091.jpg,1,0
image092.jpg,0,1
image093.jpg,1,0
image094.jpg,1,0
image095.png,1,0
image096.jpg,0,1
image097.jpg,0,1
image098.jpg,1,0
image100.png,0,1
image101.jpg,0,1
image102.jpg,0,1
image103.jpg,1,0
image104.jpg,1,0
image105.jpeg,1,0
image106.jpg,1,0
image107.jpg,0,1
image108.jpeg,1,0
image109.jpg,1,0
image110.jpg,1,0
image111.jpg,1,0
image112.png,1,0
image113.jpg,0,1
image114.jpg,1,0
image115.jpg,0,1
image116.webp,2,0
image117.jpg,0,1
image118.jpeg,2,0
image119.jpg,0,1
image120.jpg,1,0
image121.jpg,0,1
image122.jpg,0,1
image123.jpg,1,0
image124.jpg,0,1
image125.jpg,1,0
image126.jpg,1,0
image127.jpg,3,0
image128.jpg,1,0
image129.jpg,1,0
image130.jpg,1,0
image131.jpeg,2,0
image132.jpg,1,0
image133.jpg,0,1
image134.jpg,1,0
image135.png,1,0
image136.jpg,1,0
image137.jpg,1,0
image138.jpg,1,0
image139.jpg,1,0
image140.jpg,0,1
image141.jpg,1,0
image142.jpg,1,0
image143.jpg,0,1
image144.jpg,0,1
image145.jpg,0,1
image146.jpg,0,1
image147.jpg,0,1
image148.jpg,0,1
image149.jpg,1,0
image150.jpg,1,0
image151.jpg,1,0
image152.jpg,0,1
image153.jpg,0,1
image154.png,1,0
image155.jpg,0,1
image156.jpg,0,1
image157.jpg,1,0
image158.jpg,1,0
image159.jpeg,2,0
image160.jpg,1,0
image161.jpg,1,0
image162.jpg,1,0
image163.jpg,2,0
image164.jpg,0,1
image165.jpg,1,0
image166.jpg,1,0
image167.jpg,2,0
image168.jpg,0,1
image169.jpeg,1,0
image170.jpg,1,0
image171.jpeg,1,0
image172.jpg,0,1
image173.png,0,1
image174.jpg,1,0
image175.jpg,0,1
image176.jpg,0,2
image177.jpg,1,0
image178.png,0,1
image179.jpg,1,0
image180.jpg,0,1
image181.jpg,1,0
image182.jpg,1,0
image183.jpg,1,0
image184.jpg,0,2
image185.jpg,1,0
image186.jpg,0,1
image187.jpg,0,1
image188.jpg,1,0
image189.jpg,0,2
image190.jpg,0,1
image191.webp,0,1
image192.jpg,1,0
image193.jpg,0,1
image194.jpg,0,1
image195.png,0,1
image196.jpeg,1,0
image197.jpg,1,0
image198.jpg,1,0
image199.jpg,3,0
image200.jpg,1,0
image201.jpg,1,0
image202.jpg,0,1
image203.jpg,1,0
image204.jpg,1,0
image205.jpg,1,0
image206.png,3,0
image207.jpg,1,0
image208.jpg,1,0
image209.jpg,0,1
image210.jpeg,2,0
image211.jpg,1,0
image212.jpg,1,0
image213.jpg,1,0
image214.jpg,1,0
image215.png,0,1
image216.jpeg,1,0
image217.jpg,0,1
image218.jpg,0,1
image219.jpg,1,0
image220.jpg,1,0
image221.jpg,1,0
image222.jpg,1,0
image223.jpg,0,1
image224.jpg,1,0
image225.jpg,0,1
image226.jpg,0,1
image227.jpg,0,1
image228.jpeg,3,0
image229.jpg,1,0
image230.jpg,0,1
image231.png,0,1
image232.jpg,0,1
image233.jpg,0,1
image234.png,0,1
image235.jpg,0,1
image236.jpg,1,0
image237.jpg,1,0
image238.jpg,1,0
image239.jpg,1,0
image240.jpg,1,0
image241.jpg,0,1
image243.jpg,1,0
image244.jpg,1,0
image245.png,1,0
image246.jpg,1,0
image247.png,1,0
image248.jpeg,1,0
image249.jpg,0,1
image250.jpg,1,0
image251.jpg,1,0
image252.jpg,1,0
image253.jpg,1,0
image254.jpg,0,1
image255.jpg,0,1
image256.jpg,0,1
image257.jpg,1,0
image258.jpg,1,0
image259.jpg,0,1
image260.jpg,1,0
image261.jpg,1,0
image262.jpg,0,1
image263.jpg,2,0
image264.jpg,0,1
image265.jpg,1,0
image266.jpg,0,1
image267.jpg,1,0
image268.jpg,1,0
image269.jpg,1,0
image270.jpg,1,0
image271.png,0,2
image272.jpg,1,0
image273.jpg,1,0
image274.jpg,1,0
image275.jpg,0,1
image276.jpg,0,1
image277.jpg,0,1
image278.jpg,1,0
image279.jpg,0,1
image280.jpg,1,0
image281.jpg,0,1
image282.jpg,1,0
image283.jpg,0,1
image284.jpg,1,0
image285.jpg,1,0
image286.jpg,1,0
image287.jpg,1,0
image288.jpeg,1,0
image289.png,1,0
image290.jpg,0,1
image291.jpg,1,0
image292.jpg,0,1
image293.jpg,1,0
image294.jpg,1,0
image295.jpg,1,0
image296.jpg,0,1
image297.jpg,1,0
image298.jpeg,2,0
image299.jpg,1,0
image300.jpg,2,0
image301.png,0,1
image302.jpg,0,1
image303.jpg,1,0
image304.jpg,1,0
image305.jpg,1,0
image306.jpg,1,0
image307.jpg,0,1
image308.jpg,0,1
image309.jpg,0,1
image310.jpg,1,0
image311.jpg,0,1
image312.jpg,1,0
image313.jpg,0,1
image314.jpg,1,0
image315.jpg,1,0
image316.jpg,0,1
image317.jpg,1,0
image318.jpg,1,0
image319.jpg,1,0
image320.jpg,0,1
image321.jpg,1,0
image322.jpg,0,1
image323.jpg,1,0
image324.jpg,1,0
image325.jpg,1,0
image326.jpg,1,0
image327.jpg,1,0
image328.jpg,1,0
image329.jpg,0,1
image330.jpg,1,0
image331.jpg,0,1
image332.jpg,1,0
image333.jpg,1,0
image334.jpg,1,0
image335.jpg,1,0
image336.jpg,1,0
image337.png,0,1
image338.jpg,1,0
image339.jpg,0,1
image340.jpg,1,0
image341.jpg,1,0
image342.jpg,2,0
image343.jpg,1,0
image344.jpg,1,0
image346.jpg,0,1
image347.jpg,0,1
image348.jpg,1,0
image349.jpg,1,0
image350.jpg,1,0
image351.jpg,0,1
image352.jpeg,3,0
image353.jpg,0,1
image354.jpg,1,0
image356.jpg,1,0
image357.png,1,0
image358.jpg,1,0
image359.jpg,1,0
image360.jpg,1,0
image361.jpeg,2,0
image362.jpg,0,1
image363.jpg,0,1
image364.jpg,1,0
image365.jpg,0,1
image366.jpg,1,0
image367.jpg,1,0
image368.jpg,0,1
image369.jpg,1,0
image370.jpg,0,1
image371.jpg,1,0
image372.png,1,0
image373.jpg,1,0
image374.jpg,1,0
image375.jpg,0,1
image376.jpg,0,1
image377.jpg,1,0
image378.jpeg,1,0
image379.jpg,1,0
image380.jpeg,1,0
image381.webp,1,0
image382.jpg,1,0
image383.jpg,0,1
image384.jpg,0,1
image385.jpg,1,0
image386.jpg,1,0
image387.jpg,1,0
image388.png,1,0
image389.png,1,0
image390.png,1,0
image391.jpg,2,0
image392.jpg,0,1
image393.jpg,1,0
image394.jpg,1,0
image395.jpg,0,1
image396.jpg,0,1
image397.jpg,0,2
image398.jpg,1,0
image399.jpg,0,1
image400.jpg,1,0
image401.jpg,1,0
image402.jpg,0,1
image403.jpg,1,0
image404.jpg,0,1
image405.jpg,1,0
image406.jpg,1,0
