id,troop1,troop2,troop3,troop4,troop5
0,3436,418,3730,457,2504
1,3487,1470,220,2565,4468
2,151,1937,1589,1317,4549
3,2043,1373,1693,2175,2284
4,607,4393,2707,3188,2825
5,4403,4155,4540,2188,3312
6,3718,2502,601,4466,1269
7,1116,4976,898,2069,1606
8,679,1534,222,2050,1249
9,1456,4832,4350,3925,3083
10,4109,4547,3275,3411,1159
11,2989,212,4044,2057,332
12,3420,2217,4566,3430,1256
13,3489,1132,2383,1253,2706
14,2449,3235,4232,1085,3286
15,2628,2201,4566,3299,340
16,3574,286,2501,942,3218
17,100,2143,4777,1195,1619
18,4364,487,2452,4931,3838
19,4011,3429,3672,547,3708
20,3310,1600,3977,3544,2525
21,3194,164,830,2245,178
22,4096,4086,3298,1303,1683
23,4724,1910,3570,3562,4387
24,3627,1811,3750,2180,1095
25,4878,2819,444,3627,3996
26,4054,4563,752,3968,3891
27,4450,3774,1426,4833,502
28,4337,4774,3039,4815,1783
29,3662,4607,4110,4398,2603
30,1958,901,1285,3843,4298
31,3177,3527,3879,1896,3980
32,2562,3316,915,3637,1033
33,3022,1361,390,3606,3889
34,1022,3631,438,4931,1945
35,508,4253,2211,4815,1627
36,1073,4312,724,1476,2332
37,2603,4813,2440,4535,677
38,1201,1520,4592,4157,3897
39,4558,1342,4323,4891,417
40,3740,1722,371,4634,127
41,786,4095,754,458,4238
42,3270,3185,2536,3676,403
43,1756,1659,171,2830,3306
44,832,531,3806,2513,1629
45,3219,1060,819,4876,3743
46,1238,2564,3798,2701,3976
47,1433,2198,371,442,2445
48,2574,3411,3158,1928,193
49,2344,4386,3125,1175,4151
50,2821,1743,4793,3633,4084
51,1765,1053,4361,3142,2114
52,646,898,1889,1900,716
53,4611,2442,2174,1039,799
54,2913,2518,2209,4230,2478
55,3403,3794,2753,2363,3322
56,4469,1235,3694,3353,2575
57,2053,2539,1482,3156,3982
58,2521,3676,388,3484,4307
59,3824,2606,3165,1387,3863
60,401,3649,3363,3690,750
61,1846,2433,3644,4099,1130
62,2035,3802,3013,2205,1802
63,4718,3094,135,1807,1799
64,3537,3029,2979,4327,1037
65,3659,807,223,2922,4581
66,3360,3304,1093,3195,3426
67,1511,2118,4891,1418,2911
68,1116,585,1569,436,1513
69,1801,3013,4440,3237,4260
70,3460,3086,1562,4304,758
71,4232,199,373,2251,2711
72,4394,4998,4247,4792,3326
73,3649,3543,3758,2176,226
74,4274,3612,1118,563,3970
75,1675,3843,1745,1117,2181
76,2265,3868,3184,1297,2904
77,681,4911,4662,396,3243
78,3445,4742,1192,3386,394
79,138,987,625,3909,2657
80,1933,2657,4884,4529,1338
81,1481,1694,3124,3660,1197
82,3865,3078,3751,3468,358
83,3251,544,4481,2117,634
84,2472,1069,2515,2963,2899
85,2227,1249,4476,4573,3205
86,710,2953,944,4382,4870
87,4135,3382,3104,568,3791
88,1892,1629,2436,463,4428
89,2435,1551,1968,3954,1775
90,125,3895,2675,1087,3999
91,929,3659,2675,163,4108
92,1003,834,4124,2804,1869
93,4541,4778,3174,2747,3274
94,3627,3864,1633,3808,851
95,1175,1310,2691,4420,2999
96,4336,4632,2707,1660,4407
97,374,895,3824,1827,2549
98,1701,1489,3360,2668,362
99,3153,3355,759,1384,3822
