id,tip
T04500,2.26120226006332
T04501,4.16100077965437
T04502,3.7307446965468953
T04503,4.504546175991861
T04504,0.0
T04505,1.7765956762718658
T04506,7.4854961750551094
T04507,7.552282054673026
T04508,0.0
T04509,1.917976579660413
T04510,3.0650306625484727
T04511,0.0
T04512,2.4974730809305754
T04513,0.0
T04514,2.2774616521060307
T04515,3.3456625956252655
T04516,4.15781836836809
T04517,2.9057915461432677
T04518,0.0
T04519,1.9162991846954984
T04520,3.0950788142193417
T04521,0.0
T04522,0.02486820102758225
T04523,4.089914648942425
T04524,2.99070196602836
T04525,3.2670682249325447
T04526,3.196715267702804
T04527,1.4676330117463556
T04528,3.615821710803595
T04529,0.0
T04530,3.169529582797785
T04531,2.038184775009894
T04532,1.6230346689284827
T04533,0.4570178278852737
T04534,2.3638593376227894
T04535,1.6457844913775423
T04536,0.0
T04537,2.3529343020011804
T04538,2.2841471635608985
T04539,1.9431779420715216
T04540,2.191752438652938
T04541,1.4316108097645257
T04542,0.0
T04543,3.3664955283651423
T04544,2.010560212811588
T04545,0.0
T04546,2.6188546987485135
T04547,2.457960467521426
T04548,0.0
T04549,2.737040286503902
T04550,3.448211834971738
T04551,0.0
T04552,0.0
T04553,1.531417790240098
T04554,0.0
T04555,2.4863025788859936
T04556,2.3736254801479646
T04557,6.488605636435897
T04558,4.284554515918467
T04559,1.897615048473554
T04560,1.843136025746887
T04561,2.4174633261924456
T04562,1.7638157279148097
T04563,0.0
T04564,0.0
T04565,0.0
T04566,3.0840912978367028
T04567,4.145402962553992
T04568,2.0260278049424945
T04569,1.661335434328683
T04570,0.0
T04571,1.2001745406524498
T04572,0.0
T04573,0.0
T04574,2.2388153907259865
T04575,2.043959963499963
T04576,1.7643324825260631
T04577,2.156036408147217
T04578,1.918498045854585
T04579,0.0
T04580,2.4357188131897347
T04581,1.738698384048372
T04582,0.0
T04583,1.470666846330122
T04584,2.1197279611409097
T04585,4.037621197111545
T04586,0.0
T04587,3.044124418719125
T04588,2.8199337683815293
T04589,0.0
T04590,8.68246861908944
T04591,2.4453904045724473
T04592,1.334777834894774
T04593,0.3422236304052504
T04594,0.0
T04595,1.5909483574120813
T04596,0.0
T04597,2.920441083661514
T04598,3.059764306947117
T04599,2.3513836097657386
T04600,12.02341019224928
T04601,3.304824001921281
T04602,1.8618690674213971
T04603,3.3414359970348295
T04604,2.4037861084082124
T04605,0.0
T04606,1.7663876943866799
T04607,2.630424028688391
T04608,2.435011622130125
T04609,3.718948103827633
T04610,1.9152927765786285
T04611,3.7008539757895322
T04612,2.5250105118914132
T04613,1.936213226349429
T04614,2.4750193643852816
T04615,4.022841477620373
T04616,1.9029688893336192
T04617,3.7478519826395904
T04618,2.7244042466654883
T04619,4.010081147416333
T04620,2.280177561988834
T04621,3.0271593984990135
T04622,0.0
T04623,2.850863788680389
T04624,4.3966981296151815
T04625,1.784999562855436
T04626,0.0
T04627,3.1456513924395115
T04628,0.0
T04629,2.5602731017482308
T04630,2.012162885864548
T04631,0.0
T04632,0.0
T04633,1.866529087868256
T04634,0.0
T04635,2.03420303585994
T04636,0.0
T04637,0.0
T04638,0.0
T04639,4.873047880542753
T04640,2.1523782754252982
T04641,2.268701948270717
T04642,9.340138793509183
T04643,3.1894005246142383
T04644,1.5755528232455904
T04645,0.0
T04646,2.097579592105123
T04647,2.950083842108794
T04648,2.7963989727246332
T04649,0.3960446707146772
T04650,2.1249919873852328
T04651,1.6691954287705366
T04652,0.0
T04653,7.778850430307857
T04654,3.9395477978415605
T04655,1.751148362879317
T04656,1.5743590876768288
T04657,1.574408461490925
T04658,0.0
T04659,0.0
T04660,0.0
T04661,2.4406033377612313
T04662,0.0
T04663,1.879156939129877
T04664,2.73934394860089
T04665,2.3397215095276094
T04666,0.0
T04667,0.0
T04668,3.5688482877432044
T04669,2.620538943702279
T04670,3.8385201411253593
T04671,0.0
T04672,4.302522339370322
T04673,2.132701986688529
T04674,3.970655284878259
T04675,0.0
T04676,1.8999556179205215
T04677,4.243778054165455
T04678,2.7345410224477895
T04679,3.7513010309752293
T04680,2.3053938637613993
T04681,0.0
T04682,0.0
T04683,0.0
T04684,0.0
T04685,0.0
T04686,2.0218137482441336
T04687,0.0
T04688,11.37443183705953
T04689,0.0
T04690,0.0
T04691,10.600239149866841
T04692,1.4335913006393435
T04693,0.0
T04694,3.9991850407943312
T04695,10.923878416033705
T04696,5.629139428471029
T04697,2.7063301758530782
T04698,0.0
T04699,1.80775281918854
T04700,0.0
T04701,9.055876423542681
T04702,4.408872264566101
T04703,2.834441092463851
T04704,3.240587480120756
T04705,1.940393896988951
T04706,9.405745595038368
T04707,1.9210127162493604
T04708,0.0
T04709,1.9897689022811913
T04710,3.8930310100352346
T04711,0.0
T04712,1.8871409399342536
T04713,0.0
T04714,1.1610460783819418
T04715,1.8752603672179056
T04716,0.0
T04717,2.695950040987436
T04718,9.320278721839575
T04719,2.930627775463135
T04720,2.1931808965031485
T04721,3.229088710226328
T04722,4.421412984506869
T04723,1.8026151063100668
T04724,1.581716192521526
T04725,2.663380804859344
T04726,2.149312674019447
T04727,10.89187853523461
T04728,0.0
T04729,3.158898807658187
T04730,4.319339858307686
T04731,2.0684116276256588
T04732,11.443380013697984
T04733,11.987829344635717
T04734,1.2399581458358868
T04735,2.098468896191995
T04736,0.0
T04737,1.9285370503491244
T04738,0.0
T04739,0.0
T04740,9.491008533733105
T04741,1.3933892463992779
T04742,0.0
T04743,0.0
T04744,3.635595155171458
T04745,2.1991088727725203
T04746,3.0011997481509862
T04747,0.0
T04748,0.0
T04749,2.8442035933699925
T04750,2.0147321468964954
T04751,0.0
T04752,5.599987768171303
T04753,1.8436425661851337
T04754,1.766839892307581
T04755,4.731499781003071
T04756,0.0
T04757,0.0
T04758,1.0651333013717361
T04759,1.8165470642285408
T04760,6.072544775122729
T04761,1.711011788327298
T04762,0.0
T04763,2.1467145724580043
T04764,4.399396801504189
T04765,3.4105229833194644
T04766,2.0158120236249863
T04767,1.6673967112614227
T04768,1.2941438772086058
T04769,2.6534974192289744
T04770,0.0
T04771,3.267888631173433
T04772,4.627566976984536
T04773,1.2637955422924092
T04774,1.46830331823468
T04775,0.0
T04776,2.3784580037923604
T04777,0.0
T04778,2.5302259248455314
T04779,2.868726707592277
T04780,1.6277133725927833
T04781,2.4502899460233785
T04782,0.0
T04783,9.653581537375825
T04784,2.611901552032109
T04785,1.964084823410075
T04786,2.03076067721537
T04787,2.746843791906453
T04788,3.6285455598878986
T04789,0.0
T04790,2.849502026394452
T04791,0.0
T04792,0.0
T04793,6.066410662314038
T04794,3.6439062219758274
T04795,3.1036793563471585
T04796,0.0
T04797,1.5294947459582129
T04798,2.5692521874004486
T04799,0.0
T04800,0.0
T04801,9.710577309033058
T04802,2.2838829054335577
T04803,0.0
T04804,4.4481760787369415
T04805,2.019522958580439
T04806,1.5574955926401934
T04807,1.1832020657858853
T04808,3.1399896897993953
T04809,4.045513892991062
T04810,4.937182628456517
T04811,2.664636634544174
T04812,3.5616562884805836
T04813,2.288729133291136
T04814,1.1705189412762642
T04815,3.7692411738401144
T04816,1.568488637712072
T04817,2.381526421715811
T04818,1.942708554180765
T04819,4.973460923850038
T04820,1.591955903735497
T04821,2.945128506575437
T04822,0.0
T04823,0.0
T04824,2.177824768044444
T04825,11.859415959216056
T04826,0.20973173663035705
T04827,2.85679694715645
T04828,1.783514432026356
T04829,4.14532596861613
T04830,0.0
T04831,2.826438397067311
T04832,1.6040321266881112
T04833,0.0
T04834,1.9107162417249268
T04835,2.5708157959266176
T04836,2.5830573532715424
T04837,0.0
T04838,3.8415579616281397
T04839,0.0
T04840,3.205222953066275
T04841,0.0
T04842,0.0
T04843,2.5354112520083714
T04844,1.8411559262929673
T04845,2.0448009214608374
T04846,2.2660165445403573
T04847,4.4604493445231235
T04848,0.0
T04849,3.046239155590159
T04850,2.249894018461293
T04851,0.0
T04852,3.1963835078257907
T04853,1.9083905630623588
T04854,3.7960389372490697
T04855,2.5657794806485805
T04856,7.512006984731355
T04857,0.0
T04858,0.0
T04859,0.0
T04860,2.5173665765594126
T04861,4.617299537702076
T04862,0.0
T04863,3.2056643427249667
T04864,0.0
T04865,0.0
T04866,1.6494674737919062
T04867,1.839461214317143
T04868,2.3109262146560785
T04869,1.8731158819193312
T04870,1.6245998944782791
T04871,2.3017109853533553
T04872,0.0
T04873,0.0
T04874,0.0
T04875,0.0
T04876,3.7559008249164596
T04877,3.4768088833754165
T04878,5.608499037053246
T04879,0.0
T04880,3.6941680856053623
T04881,0.11985489328423382
T04882,6.674544229685252
T04883,2.4902118289439854
T04884,2.8912945334666458
T04885,2.4656162982685337
T04886,1.8820281083733201
T04887,0.0
T04888,1.8711707838688787
T04889,1.7211732149071257
T04890,11.209107628809125
T04891,1.9621057091667788
T04892,0.0
T04893,1.9054922542595523
T04894,2.3552461610579556
T04895,0.0
T04896,3.561436827006788
T04897,8.407468797706555
T04898,1.9220228932179662
T04899,0.0
T04900,0.0
T04901,0.0
T04902,0.0
T04903,0.0
T04904,2.6819953643415455
T04905,1.801415427441236
T04906,0.0
T04907,1.7301726540839941
T04908,2.3501491863304462
T04909,3.0787131518485715
T04910,1.6898909359495322
T04911,1.7016212118143945
T04912,2.904728100473166
T04913,4.3219457833481245
T04914,1.6294285148337282
T04915,1.4794740247461817
T04916,0.0
T04917,1.958762290842056
T04918,0.0
T04919,0.0
T04920,0.0
T04921,0.0
T04922,6.495822823667764
T04923,0.0
T04924,0.0
T04925,5.045135180005832
T04926,0.0
T04927,2.7618863369852793
T04928,0.9105147604243828
T04929,2.2391765411835287
T04930,2.2455569707081757
T04931,2.9656696314280993
T04932,1.5128340509138867
T04933,0.0
T04934,6.829786053442036
T04935,7.877232263565091
T04936,2.291132669648415
T04937,0.0
T04938,5.3015498090065805
T04939,1.0198151467003862
T04940,0.0
T04941,0.0
T04942,0.8188953345527337
T04943,0.0
T04944,2.430661287375011
T04945,0.0
T04946,0.0
T04947,0.0
T04948,2.7254387406559495
T04949,0.0
T04950,2.1550815095701314
T04951,0.0
T04952,2.391660737958776
T04953,2.2581319120864354
T04954,0.0
T04955,3.188487454493833
T04956,0.0
T04957,0.0
T04958,5.0885664205689025
T04959,2.8685115381775512
T04960,3.8490800739447373
T04961,0.0
T04962,0.012141265146632385
T04963,2.7183408782698386
T04964,13.594462207580573
T04965,2.3950293139148355
T04966,0.0
T04967,0.0
T04968,2.128856266703666
T04969,0.0
T04970,0.0
T04971,0.0
T04972,0.0
T04973,3.003547503892108
T04974,0.0
T04975,3.3394545792979113
T04976,5.591392703945376
T04977,1.654432945351649
T04978,0.9291618726124007
T04979,4.112317541893189
T04980,1.7862814646494414
T04981,3.1778794930091046
T04982,2.249515387650724
T04983,3.0109490134028
T04984,3.451138187499388
T04985,0.0
T04986,0.8642363694148893
T04987,0.0
T04988,1.4845258528713297
T04989,4.233936355465081
T04990,1.8171585559638053
T04991,3.997522054049764
T04992,2.4111207301340207
T04993,3.3400445867051176
T04994,0.0
T04995,0.0
T04996,0.0
T04997,2.356811444926588
T04998,2.2562501225267395
T04999,0.8574810197383025
T05000,2.0468559109914777
T05001,0.5258980663344734
T05002,2.1747184229835126
T05003,1.4753979856532875
T05004,3.1652194252906565
T05005,0.0
T05006,3.5181406234200336
T05007,2.6715216746998527
T05008,4.8229584552634215
T05009,0.056772726157735764
T05010,2.137655549360129
T05011,3.956447175355434
T05012,2.630472252690062
T05013,2.7207622687222135
T05014,0.0
T05015,7.720892314998611
T05016,2.8317654910983654
T05017,0.0
T05018,0.0
T05019,4.030766460057584
T05020,1.321362186087445
T05021,0.0
T05022,0.9630982122572433
T05023,0.0
T05024,0.0
T05025,1.7377413850283898
T05026,4.123770380106322
T05027,0.0
T05028,1.559750874235124
T05029,0.0
T05030,1.762413808082507
T05031,0.0
T05032,4.159058771969637
T05033,2.220628226128882
T05034,2.513984981985307
T05035,0.0
T05036,2.0364735604221673
T05037,0.0
T05038,2.8406747312811373
T05039,3.011256264651368
T05040,0.0
T05041,0.580962075902512
T05042,3.0975967316932653
T05043,4.364310630639045
T05044,1.8027301118828496
T05045,1.477172745699082
T05046,1.1886603220001617
T05047,1.8736630389622178
T05048,8.925754438494327
T05049,2.730253269996094
T05050,2.3118578474270173
T05051,1.6203884518509866
T05052,9.466075685894268
T05053,8.024374016302463
T05054,0.0
T05055,1.5835282043104857
T05056,1.9186604697657623
T05057,2.8437473907155444
T05058,3.4994738074997684
T05059,0.0
T05060,2.117727432307209
T05061,1.3776722934578574
T05062,2.659193971248629
T05063,3.2110595028234252
T05064,8.134216040424622
T05065,0.0
T05066,8.24174925623268
T05067,0.6360352047173152
T05068,10.260913171393268
T05069,0.0
T05070,1.6234080536386872
T05071,0.0
T05072,0.4148333700402096
T05073,3.8499674838171405
T05074,2.261955054529399
T05075,5.933499971399106
T05076,2.832966918900804
T05077,2.0037568995357
T05078,2.1179758599395093
T05079,2.0302584799614354
T05080,7.151673850886689
T05081,0.0
T05082,0.0
T05083,0.0
T05084,0.0
T05085,3.537643597402681
T05086,1.8220115149365146
T05087,0.0
T05088,2.0185481648380463
T05089,2.014896091735183
T05090,2.598645770033453
T05091,11.564257025436657
T05092,2.370820170721473
T05093,2.5937627397319596
T05094,2.1303006506541253
T05095,2.9553243709078423
T05096,0.0
T05097,7.906761752650602
T05098,1.4985790837142283
T05099,2.9858406171287397
T05100,0.0
T05101,0.0
T05102,2.9192790996082603
T05103,1.897293924722619
T05104,1.2817039870858036
T05105,1.8067038538801203
T05106,4.066144160363781
T05107,9.130923195891965
T05108,2.536324541404379
T05109,5.666953444124633
T05110,2.855929630172987
T05111,2.16128056948665
T05112,2.0313975353670974
T05113,2.4950259013778675
T05114,0.0
T05115,3.3152421920592534
T05116,2.1964239606501565
T05117,2.530126899035512
T05118,0.0
T05119,0.0
T05120,0.0
T05121,0.0
T05122,0.0
T05123,4.555587745297387
T05124,0.0
T05125,2.037543564277391
T05126,4.767163284087301
T05127,5.488052689675962
T05128,1.4922491367452153
T05129,3.128204477987186
T05130,1.8316983069491835
T05131,2.6781552073270314
T05132,1.982002795902333
T05133,2.1280938235594875
T05134,1.7340120013700098
T05135,1.817290779496543
T05136,0.0
T05137,2.5289813676319057
T05138,0.0
T05139,1.977113385088268
T05140,0.0
T05141,1.8786939654554544
T05142,0.0
T05143,0.0
T05144,1.7348913372043246
T05145,7.693771618231047
T05146,3.5791383226654876
T05147,2.429687114149262
T05148,2.9866127482527567
T05149,7.633422867814967
T05150,0.0
T05151,0.0
T05152,1.5151226825189248
T05153,0.0
T05154,1.5574389410672647
T05155,0.5372506008806786
T05156,5.515618714415515
T05157,1.7257890293489138
T05158,3.6948003832780554
T05159,2.71633143593977
T05160,5.010803912296011
T05161,0.0
T05162,2.934443282300034
T05163,3.180778494901864
T05164,0.0
T05165,0.0
T05166,1.9201679876999056
T05167,2.1269537517764934
T05168,2.6057758875959816
T05169,4.510315653521008
T05170,1.8448272961535095
T05171,0.0
T05172,1.3186116978102809
T05173,0.0
T05174,0.0
T05175,0.0
T05176,1.4167476493668687
T05177,0.0
T05178,3.4485066210994755
T05179,0.0
T05180,0.0
T05181,0.0
T05182,1.8757481151919566
T05183,9.357272496714543
T05184,0.0
T05185,3.7796256362560747
T05186,0.0
T05187,2.2147392975349653
T05188,0.0
T05189,2.681429417767257
T05190,3.194571114022653
T05191,4.94467818577181
T05192,2.6282683854942057
T05193,2.229341550837052
T05194,9.497335571449234
T05195,2.117332517389599
T05196,8.924956274890949
T05197,0.0
T05198,1.7097303977996887
T05199,0.0
T05200,1.5526220426285173
T05201,1.5724818255374196
T05202,6.110566159295395
T05203,1.9669267885423916
T05204,2.154581153038845
T05205,1.4756502203721151
T05206,2.7762080122506894
T05207,2.1128051415261857
T05208,0.0
T05209,2.2290636114393694
T05210,0.0
T05211,1.5755735715253485
T05212,3.4438664571151403
T05213,0.0
T05214,0.0
T05215,0.0
T05216,3.5456298389080056
T05217,0.0
T05218,4.889732092644042
T05219,0.0
T05220,0.0
T05221,1.727082678460496
T05222,9.70722813724505
T05223,1.7342710400863623
T05224,4.668917840904843
T05225,0.0
T05226,0.0
T05227,0.0
T05228,2.272792194787832
T05229,2.9557927967848925
T05230,1.720458827802633
T05231,3.3279253972010356
T05232,1.322410896155569
T05233,2.5043737721201684
T05234,1.6255136033058042
T05235,2.92482390741125
T05236,0.7835893247725538
T05237,2.8499519214521194
T05238,2.469552506471823
T05239,2.225191755323308
T05240,0.0
T05241,5.169602181090588
T05242,2.3936738444997254
T05243,2.0195381181687564
T05244,0.0
T05245,0.0
T05246,3.277233399733712
T05247,0.0
T05248,3.79192014458188
T05249,2.7145390000372087
T05250,3.6096093650513428
T05251,0.0
T05252,0.0
T05253,0.0
T05254,0.0
T05255,0.0
T05256,5.49411031245807
T05257,1.6308279879359442
T05258,2.5665237829719705
T05259,0.0
T05260,0.9607794761727773
T05261,0.0
T05262,1.8513776435309781
T05263,1.4575769580466351
T05264,7.12986400284175
T05265,12.027057003239737
T05266,3.0328810782964606
T05267,0.0
T05268,4.47717296908749
T05269,0.0
T05270,0.0
T05271,1.1415623466309468
T05272,1.92922853346912
T05273,8.890448670957255
T05274,2.107381418195375
T05275,0.0
T05276,3.5338014124932604
T05277,7.497933781316496
T05278,3.4363306627002697
T05279,2.013180786514901
T05280,1.8416113893108343
T05281,3.3300058607973124
T05282,1.8121177485829796
T05283,0.0
T05284,0.0
T05285,0.0
T05286,2.0210870374594947
T05287,3.930782219750574
T05288,3.1871679394096075
T05289,1.5232644842017813
T05290,3.8686757243812835
T05291,2.5387386931189537
T05292,0.0
T05293,0.0
T05294,1.6478756741337794
T05295,2.255871931383653
T05296,3.559468477042536
T05297,1.935397004854586
T05298,2.157494412008123
T05299,2.0292568312148087
T05300,0.0
T05301,2.926573287205858
T05302,2.431663380278022
T05303,2.701547494039647
T05304,1.6992619036159498
T05305,1.7865268508087084
T05306,3.704063169023684
T05307,2.7667810193003666
T05308,0.0
T05309,3.650365707731571
T05310,0.0
T05311,2.14057765121872
T05312,2.2479395863073064
T05313,3.3405679057302944
T05314,1.1426889707734285
T05315,2.0579971585104064
T05316,0.0
T05317,2.1764728184671744
T05318,2.9024349649488204
T05319,7.635665114654287
T05320,3.934400183582836
T05321,0.0
T05322,1.8677744202151676
T05323,1.6350548497283937
T05324,11.503981785298116
T05325,2.5981769094877216
T05326,0.0
T05327,2.3707449174699926
T05328,1.86346796351182
T05329,1.6710160023907226
T05330,4.883022090246547
T05331,0.0
T05332,2.2744723841746457
T05333,0.0
T05334,0.0
T05335,2.37925255793091
T05336,3.7129122259678167
T05337,2.4489271586560277
T05338,0.0
T05339,0.0
T05340,3.0622935782141667
T05341,2.7944076933313537
T05342,1.913716252906167
T05343,9.01044623289415
T05344,0.0
T05345,2.7363980321528825
T05346,9.037895726877188
T05347,0.0
T05348,2.21745367701085
T05349,3.357963970350988
T05350,0.0
T05351,0.0
T05352,1.8899620174010046
T05353,3.0879892576879078
T05354,2.3205128564700988
T05355,0.0
T05356,1.9060934412071087
T05357,1.8768371653765166
T05358,5.4090019999993295
T05359,0.0
T05360,1.6239513683369196
T05361,0.0
T05362,2.0445158575634887
T05363,0.0
T05364,0.0
T05365,2.144184520530197
T05366,4.523672710521454
T05367,10.018560319821844
T05368,0.0
T05369,4.491775538048986
T05370,4.028196232635006
T05371,1.4404937416594508
T05372,0.0
T05373,1.51299217235148
T05374,0.0
T05375,2.7543264468591677
T05376,2.3820737684909297
T05377,3.1674992376378897
T05378,9.582716828042257
T05379,0.0
T05380,10.895196465677753
T05381,0.0
T05382,0.0
T05383,11.649420377764148
T05384,1.997059211737515
T05385,1.9146940460429116
T05386,8.166132562013502
T05387,0.0
T05388,0.0
T05389,0.0
T05390,7.297953259355599
T05391,5.235631571439566
T05392,2.1403921139195345
T05393,1.418209739608042
T05394,2.6348048907491215
T05395,0.0
T05396,0.0
T05397,5.601779189326418
T05398,0.0
T05399,7.145911768928606
T05400,0.0
T05401,3.143648911015317
T05402,1.8269197236287427
T05403,10.90253399889313
T05404,0.6089457925504815
T05405,0.0
T05406,3.320851679053235
T05407,1.3793050031018526
T05408,1.897946430037961
T05409,0.0
T05410,0.0
T05411,4.918896499800445
T05412,10.140014798026687
T05413,16.603310692641436
T05414,0.0
T05415,0.0
T05416,3.4474107780541905
T05417,3.878197163351909
T05418,2.0351105487812866
T05419,0.0
T05420,1.834055621922368
T05421,2.536887873344441
T05422,2.0115590555293443
T05423,2.5840665244443137
T05424,0.0
T05425,3.2046467328583255
T05426,2.5352469261694104
T05427,1.3768728776241455
T05428,0.0
T05429,0.0
T05430,0.0
T05431,0.0
T05432,0.0
T05433,0.0
T05434,0.0
T05435,0.0
T05436,1.8407817589924211
T05437,1.78890182020347
T05438,5.494019953523512
T05439,9.744135955156608
T05440,0.0
T05441,0.0
T05442,2.0991186654918033
T05443,2.2280059775075123
T05444,2.644905987152277
T05445,2.827882028793491
T05446,0.0
T05447,0.0
T05448,2.4669411848621086
T05449,2.6180877733075
T05450,0.0
T05451,0.15147465189298392
T05452,2.3581553328506852
T05453,3.434780381265604
T05454,2.4749291672677267
T05455,4.087801927360266
T05456,2.9027550595646865
T05457,2.0221497535803294
T05458,0.0
T05459,2.8192827723568223
T05460,2.7145001707851955
T05461,2.966828707470918
T05462,2.189554540054783
T05463,2.6923273483771304
T05464,1.983044535001059
T05465,2.81242973288356
T05466,2.7791367543995076
T05467,0.0
T05468,4.620663910391359
T05469,3.3432555780314277
T05470,0.0
T05471,0.0
T05472,3.0381625135306374
T05473,2.512307137148598
T05474,0.0
T05475,1.8169345829316021
T05476,0.0
T05477,2.410588035400293
T05478,0.0
T05479,2.412638380621517
T05480,3.682826243443305
T05481,2.031984842135642
T05482,1.5588949978891602
T05483,0.0
T05484,2.2159457030051417
T05485,3.3944646572242467
T05486,2.674960957809432
T05487,0.0
T05488,7.5496229127144465
T05489,6.044770892903404
T05490,1.199085053762232
T05491,0.0
T05492,2.6556038914196836
T05493,2.6759936551712937
T05494,0.0
T05495,2.986967008896933
T05496,1.8941018939663352
T05497,0.0
T05498,0.0
T05499,0.0
T05500,2.8521559533408003
T05501,2.021280312640113
T05502,1.7161168776377327
T05503,2.9895493055071825
T05504,2.8024640271968213
T05505,0.0
T05506,3.1674654449412873
T05507,2.936289142526998
T05508,0.0
T05509,0.0
T05510,4.625782726681663
T05511,0.0
T05512,1.610463356437495
T05513,3.1825336677177525
T05514,0.0
T05515,1.918649852627531
T05516,4.668996902734133
T05517,0.5832707987506691
T05518,3.8766895296497155
T05519,0.0
T05520,1.005634437406904
T05521,4.696899408982075
T05522,11.410501717730181
T05523,3.8332935435722844
T05524,2.9992869821634485
T05525,1.5886133253383536
T05526,0.0
T05527,2.6071202843338956
T05528,0.0
T05529,2.3273631073505947
T05530,0.0
T05531,0.609867841366236
T05532,2.071092984995845
T05533,0.0
T05534,2.122099095816803
T05535,4.631089317778029
T05536,1.9131295156095682
T05537,2.88954027384752
T05538,2.7493348639568316
T05539,7.254447795293626
T05540,0.0
T05541,0.0
T05542,0.0
T05543,4.79567081858583
T05544,0.0
T05545,0.9998654704873522
T05546,1.5535142472196561
T05547,1.8028947858624047
T05548,1.655967365876316
T05549,2.624393470973449
T05550,0.0
T05551,0.0
T05552,0.0
T05553,0.0
T05554,0.0
T05555,1.9960466241255344
T05556,0.0
T05557,2.2651565704557743
T05558,4.180087833610284
T05559,0.0
T05560,5.220532719456461
T05561,2.0699896300751357
T05562,2.300018240511499
T05563,0.9464774520719856
T05564,2.5354533634616705
T05565,1.6769865915808215
T05566,2.0890152843704874
T05567,3.5830685172340644
T05568,0.0
T05569,2.17081767498745
T05570,2.4556562490092704
T05571,3.0873537186678472
T05572,0.0
T05573,2.5912203464473587
T05574,3.399957107970541
T05575,1.5692449649954994
T05576,1.3502588321681985
T05577,0.0
T05578,2.5158943850005717
T05579,3.7107586135375943
T05580,8.972169956986122
T05581,0.0
T05582,2.381621345494979
T05583,1.4825953243758296
T05584,2.031862956269937
T05585,2.3423995644830264
T05586,1.8627222999300599
T05587,3.9131578574301678
T05588,1.691892993964516
T05589,1.4730122063013824
T05590,3.3999584288065288
T05591,2.6385346960084903
T05592,5.2919549947376145
T05593,0.0
T05594,0.0
T05595,0.0
T05596,2.931971783184052
T05597,2.7085843402608294
T05598,1.7520990305066446
T05599,5.004964804662557
T05600,3.7160055352481
T05601,2.0323109839834643
T05602,2.444440865034011
T05603,11.419772877284359
T05604,4.64945243328598
T05605,1.496393928666257
T05606,0.0
T05607,1.7627796824314867
T05608,4.383063961060939
T05609,2.019624208065664
T05610,0.0
T05611,0.0
T05612,1.5655984376006293
T05613,1.8970238768732806
T05614,3.502803328801348
T05615,3.504954735685941
T05616,0.0
T05617,3.0611349114282396
T05618,4.427110703125891
T05619,3.3848755306317573
T05620,0.0
T05621,0.0
T05622,2.045533854860021
T05623,1.7351206532281982
T05624,2.1440271549693413
T05625,0.0
T05626,2.7492378052912576
T05627,2.9072146618365053
T05628,1.6131390681011832
T05629,2.678346492083123
T05630,0.0
T05631,4.71759431180906
T05632,2.2146362037038836
T05633,2.0095563839913666
T05634,2.281228317704036
T05635,5.245834485780096
T05636,3.0410301854169832
T05637,1.88831242948546
T05638,1.728689491550126
T05639,0.0
T05640,3.0996981493450173
T05641,0.0
T05642,2.2295435474032232
T05643,1.9807451676575734
T05644,2.302480389791071
T05645,5.2047300337972136
T05646,0.0
T05647,4.1009052208473875
T05648,5.149281736457439
T05649,5.106851601446532
T05650,11.374022857232758
T05651,0.0
T05652,2.913056096588544
T05653,1.0779953920340297
T05654,4.068310979457859
T05655,0.0
T05656,2.2997182894097397
T05657,2.183160440979179
T05658,2.6981360656002153
T05659,0.0
T05660,0.6078730532839207
T05661,4.122985304923031
T05662,8.394576640633298
T05663,0.0
T05664,2.1188940950522706
T05665,2.62062485233988
T05666,2.1179048734555797
T05667,1.410474295918904
T05668,1.0551971528390396
T05669,0.0
T05670,2.8437614461095064
T05671,0.0
T05672,2.7873822009329823
T05673,2.7776594254413602
T05674,2.194888899864225
T05675,1.6430853066819622
T05676,2.9845297546349445
T05677,2.294077136455906
T05678,1.9007160598251176
T05679,0.0
T05680,1.6913374064664728
T05681,2.968327247774911
T05682,5.018500698215522
T05683,2.006521631651214
T05684,0.0
T05685,2.7145243118261595
T05686,1.5017013057825597
T05687,2.0890734819974277
T05688,1.7730954123506535
T05689,0.0
T05690,2.976070716001107
T05691,2.3915257586054217
T05692,3.5198261443805756
T05693,1.482620525801736
T05694,1.8465398249502825
T05695,3.1184061750083005
T05696,2.1925595569436283
T05697,3.3160844743939784
T05698,0.0
T05699,2.0165228840090927
T05700,3.7101791169206026
T05701,2.353398508088627
T05702,2.669376723311593
T05703,2.5353384311301306
T05704,1.0606604625951757
T05705,0.0
T05706,2.465884019273446
T05707,4.38997795419982
T05708,7.889633433822332
T05709,1.240739756473083
T05710,0.47479893982741506
T05711,1.6547023403561731
T05712,0.0
T05713,2.579140787611735
T05714,1.7441011446344676
T05715,0.0
T05716,0.0
T05717,7.422533086082952
T05718,0.0
T05719,2.495824767300026
T05720,0.0
T05721,0.0
T05722,1.901419492888865
T05723,1.9340044545810489
T05724,4.790321559825966
T05725,1.7522244114870689
T05726,2.8384073791644164
T05727,3.429139211702506
T05728,0.0
T05729,0.7955564720291861
T05730,1.8733114830498696
T05731,9.08947300257697
T05732,0.0
T05733,0.0
T05734,1.9568415713820282
T05735,0.0
T05736,0.0
T05737,2.3548277927349863
T05738,2.148124071641578
T05739,1.2233545778523842
T05740,3.341266495990687
T05741,2.342460032488088
T05742,5.960849189148709
T05743,1.2301922166886423
T05744,2.766768487700569
T05745,1.8188455483431876
T05746,0.0
T05747,0.0
T05748,3.349316903984331
T05749,0.0
T05750,2.5625375579698577
T05751,4.703614008951153
T05752,1.9368014273170648
T05753,1.5877770444638453
T05754,3.179994669786854
T05755,2.134061620878055
T05756,3.3920414849093907
T05757,0.0
T05758,2.7220814629661825
T05759,2.7589448945203072
T05760,3.374549689718192
T05761,0.0
T05762,0.0
T05763,0.0
T05764,0.0
T05765,0.0
T05766,4.06973161324234
T05767,11.805288664342287
T05768,3.5198010267948723
T05769,11.618051226168049
T05770,2.2687310684859794
T05771,0.0
T05772,0.0
T05773,1.7649796306317138
T05774,4.001825979271508
T05775,1.731487953528531
T05776,0.0
T05777,0.0
T05778,1.8218548269407562
T05779,1.5105393324796055
T05780,7.392685762582017
T05781,3.617781547447972
T05782,0.0
T05783,0.0
T05784,2.0859651606025165
T05785,0.0
T05786,3.805731369903516
T05787,2.9740426076522155
T05788,1.997832611581292
T05789,1.9104623793453126
T05790,1.8714918426465321
T05791,0.0
T05792,4.617071050781122
T05793,2.90618532632409
T05794,1.5819175089783428
T05795,0.0
T05796,1.073799198637762
T05797,0.0
T05798,0.0
T05799,0.0
T05800,0.0
T05801,1.914532837878959
T05802,0.0
T05803,2.829166617563441
T05804,0.0
T05805,2.9727108781693046
T05806,2.8585923905643815
T05807,2.089500844252475
T05808,5.850829751635594
T05809,1.9138387920113344
T05810,0.7692963466764129
T05811,2.7062638623647546
T05812,2.4772731001975203
T05813,6.449438244372455
T05814,4.068241216460229
T05815,0.0
T05816,0.0
T05817,3.9717798991608957
T05818,2.602104808423982
T05819,0.0
T05820,1.7866793683552407
T05821,7.556145624463369
T05822,1.9927925474272963
T05823,3.0110599735566272
T05824,3.7504364755869473
T05825,1.9702797119608146
T05826,0.0
T05827,0.0
T05828,2.630319293028488
T05829,2.7978545769567273
T05830,0.0
T05831,1.4559919808026454
T05832,1.61022091152662
T05833,1.7783552316235727
T05834,0.0
T05835,3.8342506126885487
T05836,1.9445780476808685
T05837,0.0
T05838,1.9684666050114015
T05839,0.0
T05840,1.2280376960432147
T05841,1.798306552744685
T05842,1.5469770490625065
T05843,3.661966355951927
T05844,4.572235427098347
T05845,0.0
T05846,1.8251381584746036
T05847,2.6284289923395647
T05848,0.0
T05849,1.903970479611234
T05850,9.524408439431895
T05851,2.890184748131575
T05852,3.561708040138619
T05853,1.4591665185431166
T05854,1.6816669396941604
T05855,2.6116262481928523
T05856,1.87849600079242
T05857,4.805730280697125
T05858,0.0
T05859,3.158668159770012
T05860,1.881899998505472
T05861,2.409568936268562
T05862,1.6534324396259237
T05863,1.1569119383281499
T05864,1.8225852478400726
T05865,2.7227822636262866
T05866,1.7371460175171136
T05867,2.7926395581746943
T05868,1.5069918646912863
T05869,3.4585978987066066
T05870,1.9099241988080036
T05871,2.4034205501916532
T05872,0.0
T05873,2.4018147822511104
T05874,2.573594909563716
T05875,1.964900058577581
T05876,1.7839774582806311
T05877,1.73114469674089
T05878,0.0
T05879,0.0
T05880,2.1415017621467545
T05881,0.0
T05882,2.4069842744049055
T05883,1.6472669459461984
T05884,4.383785017810874
T05885,1.3566441974510681
T05886,0.8285873310478717
T05887,2.022052183712097
T05888,0.0
T05889,0.0
T05890,1.9008261730216998
T05891,5.980376005438679
T05892,2.6848624406249275
T05893,3.0407606375640928
T05894,3.214504303752837
T05895,2.3586928298918273
T05896,11.72720401773887
T05897,2.7786529116690892
T05898,0.0
T05899,0.0
T05900,2.7084261715521425
T05901,0.0
T05902,9.552265598241625
T05903,0.0
T05904,1.9955068475088789
T05905,2.625010441124869
T05906,0.0
T05907,2.401080319933451
T05908,5.4591369419455305
T05909,1.8355927436602089
T05910,0.0
T05911,3.1704723717663432
T05912,1.7832659614114832
T05913,0.0
T05914,0.0
T05915,1.048993017916006
T05916,2.918659630650252
T05917,3.195975480302808
T05918,1.9258278927621282
T05919,0.0
T05920,4.080965795258381
T05921,1.7045733387836512
T05922,2.81337754533809
T05923,0.2780806256980113
T05924,2.170115525118834
T05925,2.18424684692917
T05926,1.90453114585971
T05927,2.926490972316582
T05928,5.664779564682351
T05929,0.0
T05930,2.1559615244931294
T05931,1.7916034382772446
T05932,2.61721636406596
T05933,2.7175150533502235
T05934,2.037775260056235
T05935,0.0
T05936,0.0
T05937,1.967360017712179
T05938,5.573659027186197
T05939,1.947831834021256
T05940,8.169788948855754
T05941,3.8335302241910707
T05942,1.9715100340541425
T05943,2.519866540624041
T05944,3.2473040631302057
T05945,0.0
T05946,2.379527218788277
T05947,2.434691179904737
T05948,0.0
T05949,5.063804185284394
T05950,1.898281098616045
T05951,0.0
T05952,0.0
T05953,1.730754778293984
T05954,4.086172850917384
T05955,3.6626232183864955
T05956,1.4792627407643306
T05957,1.8440511118378506
T05958,3.1662822935775177
T05959,0.0
T05960,2.823311103452182
T05961,4.7664131082824746
T05962,3.625331523055854
T05963,1.4021333762528476
T05964,3.3439678886942987
T05965,0.0
T05966,0.0
T05967,0.0
T05968,0.0
T05969,2.3971868455257876
T05970,3.6484938105339397
T05971,0.0
T05972,0.0
T05973,0.0
T05974,4.639952998115999
T05975,11.35113657777855
T05976,0.0
T05977,2.051885263572008
T05978,2.3100806477111435
T05979,1.6533745517906246
T05980,0.0
T05981,0.0
T05982,2.71821090126849
T05983,1.820384174358675
T05984,0.0
T05985,2.9791144682410775
T05986,5.121688436297701
T05987,0.0
T05988,0.0
T05989,0.0
T05990,1.8866676969461267
T05991,0.0
T05992,0.0
T05993,0.0
T05994,3.3489496015112223
T05995,0.0
T05996,7.594901440208919
T05997,2.081708965011474
T05998,0.0
T05999,1.4643870445986265
T06000,2.899776586193718
T06001,2.691998500794054
T06002,0.0
T06003,0.0
T06004,0.0
T06005,3.346545290213835
T06006,0.0
T06007,0.0
T06008,3.2536948418483123
T06009,2.6353840726893925
T06010,0.0
T06011,0.3664835922705225
T06012,2.5221438182218217
T06013,2.111124786950618
T06014,11.750760270614265
T06015,0.0
T06016,0.0
T06017,1.3713604082008395
T06018,2.465069041334319
T06019,0.0
T06020,0.0
T06021,2.491406692557108
T06022,1.6611176368713043
T06023,0.0
T06024,0.0
T06025,0.0
T06026,2.3051700703184523
T06027,0.0
T06028,0.0
T06029,0.0
T06030,0.0
T06031,2.7036510603442077
T06032,1.6233452249981248
T06033,0.0
T06034,2.49211858309368
T06035,2.1454264358867454
T06036,1.6384807088224225
T06037,2.00760783056973
T06038,2.071882268103108
T06039,11.480370012005295
T06040,2.487323581093872
T06041,0.0
T06042,2.045671499519699
T06043,2.615822654979274
T06044,1.8354815482021363
T06045,3.231621121330005
T06046,3.118822642972255
T06047,1.9886039777559623
T06048,1.6396481423111848
T06049,4.567742938795131
T06050,3.9992698376910267
T06051,2.2129855846795943
T06052,3.0677789446991675
T06053,0.0
T06054,2.456826964634054
T06055,2.3591394073791956
T06056,11.960774432076844
T06057,3.8040484862875754
T06058,3.0632546021253
T06059,0.0
T06060,1.5703061089871833
T06061,2.8542160636817813
T06062,11.50216533181478
T06063,0.0
T06064,0.0
T06065,2.9890672855027693
T06066,0.0
T06067,2.2048896268994307
T06068,0.0
T06069,0.0
T06070,1.624338522199972
T06071,1.3985099675938149
T06072,2.1925142389479406
T06073,2.5201339878978293
T06074,3.8555492350478726
T06075,2.433913110359616
T06076,1.8929045104726872
T06077,3.502642544598416
T06078,0.869546909271369
T06079,2.02674023456203
T06080,0.0
T06081,1.39189832589906
T06082,0.0
T06083,1.273989928507218
T06084,2.0315924436030417
T06085,6.131052359156559
T06086,0.0
T06087,2.472309259755007
T06088,2.1807174669502505
T06089,4.127975673500664
T06090,0.0
T06091,0.0
T06092,0.0
T06093,0.0
T06094,2.551320263252283
T06095,2.428916411957223
T06096,3.313785251088258
T06097,3.2601254900772014
T06098,2.6729989687698565
T06099,2.23895455716468
T06100,8.83615175422906
T06101,0.8536893048406913
T06102,0.0
T06103,7.859291945981185
T06104,8.905126127613837
T06105,0.0
T06106,3.435280491359338
T06107,0.8738607391853093
T06108,2.0825230166106232
T06109,10.141401157388263
T06110,0.0
T06111,7.8023055160956165
T06112,0.0
T06113,0.0
T06114,2.9342778049500025
T06115,2.132744181825307
T06116,0.0
T06117,3.3447640815760815
T06118,0.6691014999666172
T06119,4.4758491094079975
T06120,2.964663922537217
T06121,1.5570852722258217
T06122,2.8981162576184145
T06123,1.7961350775264167
T06124,1.9078192011649415
T06125,1.5923709386193052
T06126,1.7777327206040525
T06127,0.0
T06128,0.0
T06129,0.9931396890719206
T06130,2.7621345448763877
T06131,3.123437063047811
T06132,1.5195110010775492
T06133,2.7872111624478886
T06134,3.3925113908358044
T06135,2.4070756749262414
T06136,0.0
T06137,2.6992969402570957
T06138,0.0
T06139,0.0
T06140,1.5739655593416315
T06141,2.0708221423587503
T06142,5.579984231943639
T06143,0.0
T06144,2.8911128630586496
T06145,1.9695157673698471
T06146,3.9683088024999043
T06147,0.0
T06148,0.0
T06149,1.8890205346175655
T06150,1.60982635943627
T06151,2.813993046414984
T06152,8.130217235686791
T06153,1.9053676308128187
T06154,2.0261874150163166
T06155,1.6826578077242629
T06156,8.219600822897219
T06157,0.0
T06158,0.0
T06159,3.0580231797862503
T06160,8.730306107036348
T06161,1.7064951717271037
T06162,0.0
T06163,0.020437158452220938
T06164,2.7707331028121915
T06165,2.96475621576549
T06166,9.944896749514694
T06167,2.474937397234531
T06168,1.0845291919634
T06169,6.147221307148671
T06170,0.4209077516949655
T06171,0.0
T06172,0.0
T06173,1.9416647271882044
T06174,2.1142884363930583
T06175,0.0
T06176,3.7863993142110015
T06177,1.8971604771925938
T06178,1.991793833896493
T06179,0.0
T06180,2.034827677147089
T06181,0.0
T06182,0.878819950317647
T06183,2.394207395994905
T06184,10.065689450878121
T06185,2.589307073029892
T06186,1.9605876024505569
T06187,1.9070714220065845
T06188,2.431162487469963
T06189,0.0
T06190,2.0981438408481288
T06191,3.2373752482518485
T06192,2.1249972777455377
T06193,0.0
T06194,2.526636224433901
T06195,1.6963662623867286
T06196,2.7449186220503705
T06197,2.8555468224610903
T06198,4.7047265601568276
T06199,0.0
T06200,0.0
T06201,3.1467246771610293
T06202,0.0
T06203,1.6634578810583083
T06204,0.0
T06205,1.8794915244643144
T06206,8.159612013617146
T06207,2.0092247304815745
T06208,9.339127193455631
T06209,0.0
T06210,0.0
T06211,1.5298947892759345
T06212,4.856152759947914
T06213,1.8049724328293222
T06214,1.6385719609447853
T06215,2.1039348860816918
T06216,2.12381303872792
T06217,8.050602617743323
T06218,2.9010610732224267
T06219,0.0
T06220,4.170274681094039
T06221,0.0
T06222,2.4057316971001232
T06223,0.0
T06224,2.4200792514010665
T06225,1.8963161715992027
T06226,0.0
T06227,0.0
T06228,3.7119333261145067
T06229,1.679196165951337
T06230,0.0
T06231,0.0
T06232,4.172881033526621
T06233,0.0
T06234,0.0
T06235,0.0
T06236,2.554282076924229
T06237,2.057950956445725
T06238,1.7373463410609058
T06239,0.0
T06240,0.0
T06241,1.5077390398010388
T06242,1.9371404474229479
T06243,0.0
T06244,2.6457916960504013
T06245,0.0
T06246,0.7400679012407545
T06247,1.5184191447892483
T06248,0.0
T06249,0.0
T06250,0.0
T06251,0.0
T06252,2.06300309462183
T06253,0.0
T06254,0.6685144722578185
T06255,2.5933724809317713
T06256,2.787772587909928
T06257,0.0
T06258,0.0
T06259,3.6614830116389294
T06260,3.37284360075407
T06261,0.0
T06262,4.024146551298464
T06263,0.0
T06264,0.0
T06265,2.251063998877934
T06266,2.097206753347768
T06267,2.701289333382638
T06268,0.0
T06269,0.0
T06270,1.0305378704118273
T06271,2.141891788398903
T06272,1.480847479508256
T06273,1.6763395649374584
T06274,0.5756780787859628
T06275,2.7078552203574944
T06276,0.0
T06277,2.55158760428305
T06278,0.0
T06279,0.0
T06280,4.438151418393141
T06281,2.7604220325203688
T06282,5.386669792339289
T06283,1.8045561728675286
T06284,0.0
T06285,2.3945641532011077
T06286,0.0
T06287,1.480248123841265
T06288,1.763123097303564
T06289,0.0
T06290,3.166617014431828
T06291,2.2363396987883
T06292,2.827329436488152
T06293,2.7174455853641435
T06294,0.0
T06295,2.4455584944525
T06296,0.0
T06297,6.81848310085462
T06298,0.0
T06299,1.7605099367364219
T06300,0.0
T06301,5.479238629375511
T06302,0.0
T06303,1.6569986692825274
T06304,0.0
T06305,1.9238000923473253
T06306,0.0
T06307,3.2260787308494994
T06308,3.2416902846769844
T06309,2.0173505102459344
T06310,2.417526314355683
T06311,3.277685739543643
T06312,1.644995023806205
T06313,1.7001653812429804
T06314,2.556178112444817
T06315,1.8040940597333994
T06316,0.0
T06317,5.011275478863383
T06318,2.4782244073247552
T06319,0.0
T06320,0.0
T06321,1.4910596253412371
T06322,5.280799297204732
T06323,1.7783099075900766
T06324,3.2192135647079194
T06325,0.0
T06326,0.0
T06327,3.530513770413883
T06328,9.810459456903232
T06329,4.571034335370708
T06330,2.1025737515985434
T06331,1.8245933886219161
T06332,1.8607228811239949
T06333,1.4955197831664582
T06334,8.8255390437659
T06335,3.2602982663342175
T06336,0.0
T06337,5.581112232751475
T06338,0.5819048787797914
T06339,4.142234423290959
T06340,1.504951609253882
T06341,1.7611566304508162
T06342,1.8307793686244478
T06343,1.1679984419064282
T06344,4.034107476803831
T06345,2.8623289902859868
T06346,0.0
T06347,0.0
T06348,0.0
T06349,0.0
T06350,1.5137607572964344
T06351,2.294396992253894
T06352,1.8967081500661864
T06353,3.9728476071928105
T06354,2.8280333720391253
T06355,1.692188927577393
T06356,1.9335180200963795
T06357,5.190131849922995
T06358,2.4597187120343103
T06359,0.0
T06360,3.2062225557860184
T06361,0.0
T06362,0.0
T06363,2.1181370634672216
T06364,0.0
T06365,1.078830532592764
T06366,4.533837052661106
T06367,3.074146654112618
T06368,2.9450557928652827
T06369,1.8708446415495745
T06370,0.0
T06371,0.0
T06372,3.3325438953430577
T06373,1.5463803762156512
T06374,0.0
T06375,1.9152593193991239
T06376,0.0
T06377,1.852595134854964
T06378,1.8794207380703791
T06379,1.8838366984197705
T06380,2.4153908578919543
T06381,2.4056076791576952
T06382,2.630247383052681
T06383,2.275002168822543
T06384,2.1897996548270218
T06385,1.9198954824924894
T06386,0.0
T06387,2.1689504699712514
T06388,1.5786145319367884
T06389,2.2357513172851697
T06390,2.572058432559015
T06391,0.0
T06392,5.022467245534773
T06393,2.129648706484487
T06394,1.25145235946035
T06395,0.0
T06396,7.465541437706079
T06397,2.18409026955183
T06398,2.8059554289850492
T06399,0.0
T06400,2.3567410391635986
T06401,1.2910712216403506
T06402,0.0
T06403,0.0
T06404,0.0
T06405,2.0831666899994827
T06406,6.936492134555982
T06407,3.9545602245883353
T06408,1.5901971245986468
T06409,11.683430405531084
T06410,2.5312362263449866
T06411,1.3868255384480954
T06412,2.5473978041928866
T06413,0.0
T06414,1.9039597933570094
T06415,2.7664752104967576
T06416,0.026984010080213228
T06417,3.25289818429129
T06418,1.700934069654015
T06419,0.0
T06420,2.2448064158992342
T06421,0.0
T06422,0.0
T06423,0.0
T06424,1.8185238543467273
T06425,0.0
T06426,1.9473015336628081
T06427,0.09968639575411231
T06428,0.0
T06429,2.7916950093391644
T06430,0.0
T06431,0.0
T06432,8.662572318778947
