filename,left,right,top,bottom
image_1.jpg,302,334,329,428
image_2.jpg,236,283,103,172
image_3.jpg,312,338,181,229
image_4.jpg,15,42,380,444
image_5.jpg,111,192,473,505
image_6.jpg,412,461,242,333
image_7.jpg,314,365,254,285
image_8.jpg,178,216,370,431
image_9.jpg,350,404,81,179
image_10.jpg,58,143,361,421
image_11.jpg,92,114,27,48
image_12.jpg,364,388,269,367
image_13.jpg,253,346,488,511
image_14.jpg,398,449,200,223
image_15.jpg,87,141,83,132
image_16.jpg,97,191,338,381
image_17.jpg,91,155,71,103
image_18.jpg,230,276,393,433
image_19.jpg,72,159,274,365
image_20.jpg,111,165,112,204
image_21.jpg,230,298,456,492
image_22.jpg,117,170,315,354
image_23.jpg,361,390,80,180
image_24.jpg,348,427,320,399
image_25.jpg,99,139,73,157
image_26.jpg,208,289,29,89
image_27.jpg,121,190,319,395
image_28.jpg,96,197,169,216
image_29.jpg,208,300,233,267
image_30.jpg,26,88,239,304
image_31.jpg,80,122,2,42
image_32.jpg,93,167,103,195
image_33.jpg,446,475,5,74
image_34.jpg,84,139,413,488
image_35.jpg,18,64,434,482
image_36.jpg,260,319,176,198
image_37.jpg,38,82,358,396
image_38.jpg,144,200,322,366
image_39.jpg,71,164,150,246
image_40.jpg,285,376,205,249
image_41.jpg,2,80,118,184
image_42.jpg,392,460,49,72
image_43.jpg,390,477,331,393
image_44.jpg,172,251,170,221
image_45.jpg,217,278,85,153
image_46.jpg,98,176,398,495
image_47.jpg,92,183,418,499
image_48.jpg,175,254,454,488
image_49.jpg,268,364,235,274
image_50.jpg,72,134,270,331
image_51.jpg,275,318,163,220
image_52.jpg,149,242,258,353
image_53.jpg,188,220,5,54
image_54.jpg,379,402,316,355
image_55.jpg,270,312,222,262
image_56.jpg,297,337,139,227
image_57.jpg,262,299,311,362
image_58.jpg,391,461,214,306
image_59.jpg,248,339,313,370
image_60.jpg,327,349,290,333
image_61.jpg,62,114,383,466
image_62.jpg,345,369,143,225
image_63.jpg,440,510,324,382
image_64.jpg,397,420,236,270
image_65.jpg,279,343,428,469
image_66.jpg,74,148,88,109
image_67.jpg,239,286,238,335
image_68.jpg,403,459,301,357
image_69.jpg,287,363,309,396
image_70.jpg,158,247,378,403
image_71.jpg,192,244,375,398
image_72.jpg,22,113,361,416
image_73.jpg,324,412,338,432
image_74.jpg,454,508,417,439
image_75.jpg,94,184,85,142
image_76.jpg,117,144,203,262
image_77.jpg,246,278,96,159
image_78.jpg,289,370,104,143
image_79.jpg,53,119,19,54
image_80.jpg,132,154,166,217
image_81.jpg,188,262,427,505
image_82.jpg,61,86,192,259
image_83.jpg,217,265,34,69
image_84.jpg,114,205,242,264
image_85.jpg,445,466,335,373
image_86.jpg,137,161,209,239
image_87.jpg,321,379,97,143
image_88.jpg,209,279,38,64
image_89.jpg,387,452,453,507
image_90.jpg,132,153,68,130
image_91.jpg,104,141,78,113
image_92.jpg,290,319,440,487
image_93.jpg,325,361,129,163
image_94.jpg,335,386,149,217
image_95.jpg,137,159,374,405
image_96.jpg,380,456,302,327
image_97.jpg,440,483,347,421
image_98.jpg,137,206,330,414
image_99.jpg,55,102,362,409
image_100.jpg,196,265,234,257
