id,label
R20000,0
R20001,0
R20002,0
R20003,0
R20004,0
R20005,0
R20006,0
R20007,0
R20008,0
R20009,0
R20010,0
R20011,0
R20012,0
R20013,0
R20014,0
R20015,0
R20016,0
R20017,0
R20018,0
R20019,0
R20020,0
R20021,0
R20022,0
R20023,0
R20024,0
R20025,0
R20026,0
R20027,0
R20028,0
R20029,0
R20030,0
R20031,0
R20032,0
R20033,0
R20034,0
R20035,0
R20036,0
R20037,0
R20038,0
R20039,0
R20040,0
R20041,0
R20042,0
R20043,0
R20044,0
R20045,0
R20046,0
R20047,0
R20048,0
R20049,0
R20050,0
R20051,0
R20052,0
R20053,0
R20054,0
R20055,0
R20056,0
R20057,0
R20058,0
R20059,0
R20060,0
R20061,0
R20062,0
R20063,0
R20064,0
R20065,0
R20066,0
R20067,0
R20068,0
R20069,0
R20070,0
R20071,0
R20072,0
R20073,0
R20074,0
R20075,0
R20076,0
R20077,0
R20078,0
R20079,0
R20080,0
R20081,0
R20082,0
R20083,0
R20084,0
R20085,0
R20086,0
R20087,0
R20088,0
R20089,0
R20090,0
R20091,0
R20092,0
R20093,0
R20094,0
R20095,0
R20096,0
R20097,0
R20098,0
R20099,0
R20100,0
R20101,0
R20102,0
R20103,0
R20104,0
R20105,0
R20106,0
R20107,0
R20108,0
R20109,0
R20110,0
R20111,0
R20112,0
R20113,0
R20114,0
R20115,0
R20116,0
R20117,0
R20118,0
R20119,0
R20120,0
R20121,0
R20122,0
R20123,0
R20124,0
R20125,0
R20126,0
R20127,0
R20128,0
R20129,0
R20130,0
R20131,0
R20132,0
R20133,0
R20134,0
R20135,0
R20136,0
R20137,0
R20138,0
R20139,0
R20140,0
R20141,0
R20142,0
R20143,0
R20144,0
R20145,0
R20146,0
R20147,0
R20148,0
R20149,0
R20150,0
R20151,0
R20152,0
R20153,0
R20154,0
R20155,0
R20156,0
R20157,0
R20158,0
R20159,0
R20160,0
R20161,0
R20162,0
R20163,0
R20164,0
R20165,0
R20166,0
R20167,0
R20168,0
R20169,0
R20170,0
R20171,0
R20172,0
R20173,0
R20174,0
R20175,0
R20176,0
R20177,0
R20178,0
R20179,0
R20180,0
R20181,0
R20182,0
R20183,0
R20184,0
R20185,0
R20186,0
R20187,0
R20188,0
R20189,0
R20190,0
R20191,0
R20192,0
R20193,0
R20194,0
R20195,0
R20196,0
R20197,0
R20198,0
R20199,0
R20200,0
R20201,0
R20202,0
R20203,0
R20204,0
R20205,0
R20206,0
R20207,0
R20208,0
R20209,0
R20210,0
R20211,0
R20212,0
R20213,0
R20214,0
R20215,0
R20216,0
R20217,0
R20218,0
R20219,0
R20220,0
R20221,0
R20222,0
R20223,0
R20224,0
R20225,0
R20226,0
R20227,0
R20228,0
R20229,0
R20230,0
R20231,0
R20232,0
R20233,0
R20234,0
R20235,0
R20236,0
R20237,0
R20238,0
R20239,0
R20240,0
R20241,0
R20242,0
R20243,0
R20244,0
R20245,0
R20246,0
R20247,0
R20248,0
R20249,0
R20250,0
R20251,0
R20252,0
R20253,0
R20254,0
R20255,0
R20256,0
R20257,0
R20258,0
R20259,0
R20260,0
R20261,0
R20262,0
R20263,0
R20264,0
R20265,0
R20266,0
R20267,0
R20268,0
R20269,0
R20270,0
R20271,0
R20272,0
R20273,0
R20274,0
R20275,0
R20276,0
R20277,0
R20278,0
R20279,0
R20280,0
R20281,0
R20282,0
R20283,0
R20284,0
R20285,0
R20286,0
R20287,0
R20288,0
R20289,0
R20290,0
R20291,0
R20292,0
R20293,0
R20294,0
R20295,0
R20296,0
R20297,0
R20298,0
R20299,0
R20300,0
R20301,0
R20302,0
R20303,0
R20304,0
R20305,0
R20306,0
R20307,0
R20308,0
R20309,0
R20310,0
R20311,0
R20312,0
R20313,0
R20314,0
R20315,0
R20316,0
R20317,0
R20318,0
R20319,0
R20320,0
R20321,0
R20322,0
R20323,0
R20324,0
R20325,0
R20326,0
R20327,0
R20328,0
R20329,0
R20330,0
R20331,0
R20332,0
R20333,0
R20334,0
R20335,0
R20336,0
R20337,0
R20338,0
R20339,0
R20340,0
R20341,0
R20342,0
R20343,0
R20344,0
R20345,0
R20346,0
R20347,0
R20348,0
R20349,0
R20350,0
R20351,0
R20352,0
R20353,0
R20354,0
R20355,0
R20356,0
R20357,0
R20358,0
R20359,0
R20360,0
R20361,0
R20362,0
R20363,0
R20364,0
R20365,0
R20366,0
R20367,0
R20368,0
R20369,0
R20370,0
R20371,0
R20372,0
R20373,0
R20374,0
R20375,0
R20376,0
R20377,0
R20378,0
R20379,0
R20380,0
R20381,0
R20382,0
R20383,0
R20384,0
R20385,0
R20386,0
R20387,0
R20388,0
R20389,0
R20390,0
R20391,0
R20392,0
R20393,0
R20394,0
R20395,0
R20396,0
R20397,0
R20398,0
R20399,0
R20400,0
R20401,0
R20402,0
R20403,0
R20404,0
R20405,0
R20406,0
R20407,0
R20408,0
R20409,0
R20410,0
R20411,0
R20412,0
R20413,0
R20414,0
R20415,0
R20416,0
R20417,0
R20418,0
R20419,0
R20420,0
R20421,0
R20422,0
R20423,0
R20424,0
R20425,0
R20426,0
R20427,0
R20428,0
R20429,0
R20430,0
R20431,0
R20432,0
R20433,0
R20434,0
R20435,0
R20436,0
R20437,0
R20438,0
R20439,0
R20440,0
R20441,0
R20442,0
R20443,0
R20444,0
R20445,0
R20446,0
R20447,0
R20448,0
R20449,0
R20450,0
R20451,0
R20452,0
R20453,0
R20454,0
R20455,0
R20456,0
R20457,0
R20458,0
R20459,0
R20460,0
R20461,0
R20462,0
R20463,0
R20464,0
R20465,0
R20466,0
R20467,0
R20468,0
R20469,0
R20470,0
R20471,0
R20472,0
R20473,0
R20474,0
R20475,0
R20476,0
R20477,0
R20478,0
R20479,0
R20480,0
R20481,0
R20482,0
R20483,0
R20484,0
R20485,0
R20486,0
R20487,0
R20488,0
R20489,0
R20490,0
R20491,0
R20492,0
R20493,0
R20494,0
R20495,0
R20496,0
R20497,0
R20498,0
R20499,0
R20500,0
R20501,0
R20502,0
R20503,0
R20504,0
R20505,0
R20506,0
R20507,0
R20508,0
R20509,0
R20510,0
R20511,0
R20512,0
R20513,0
R20514,0
R20515,0
R20516,0
R20517,0
R20518,0
R20519,0
R20520,0
R20521,0
R20522,0
R20523,0
R20524,0
R20525,0
R20526,0
R20527,0
R20528,0
R20529,0
R20530,0
R20531,0
R20532,0
R20533,0
R20534,0
R20535,0
R20536,0
R20537,0
R20538,0
R20539,0
R20540,0
R20541,0
R20542,0
R20543,0
R20544,0
R20545,0
R20546,0
R20547,0
R20548,0
R20549,0
R20550,0
R20551,0
R20552,0
R20553,0
R20554,0
R20555,0
R20556,0
R20557,0
R20558,0
R20559,0
R20560,0
R20561,0
R20562,0
R20563,0
R20564,0
R20565,0
R20566,0
R20567,0
R20568,0
R20569,0
R20570,0
R20571,0
R20572,0
R20573,0
R20574,0
R20575,0
R20576,0
R20577,0
R20578,0
R20579,0
R20580,0
R20581,0
R20582,0
R20583,0
R20584,0
R20585,0
R20586,0
R20587,0
R20588,0
R20589,0
R20590,0
R20591,0
R20592,0
R20593,0
R20594,0
R20595,0
R20596,0
R20597,0
R20598,0
R20599,0
R20600,0
R20601,0
R20602,0
R20603,0
R20604,0
R20605,0
R20606,0
R20607,0
R20608,0
R20609,0
R20610,0
R20611,0
R20612,0
R20613,0
R20614,0
R20615,0
R20616,0
R20617,0
R20618,0
R20619,0
R20620,0
R20621,0
R20622,0
R20623,0
R20624,0
R20625,0
R20626,0
R20627,0
R20628,0
R20629,0
R20630,0
R20631,0
R20632,0
R20633,0
R20634,0
R20635,0
R20636,0
R20637,0
R20638,0
R20639,0
R20640,0
R20641,0
R20642,0
R20643,0
R20644,0
R20645,0
R20646,0
R20647,0
R20648,0
R20649,0
R20650,0
R20651,0
R20652,0
R20653,0
R20654,0
R20655,0
R20656,0
R20657,0
R20658,0
R20659,0
R20660,0
R20661,0
R20662,0
R20663,0
R20664,0
R20665,0
R20666,0
R20667,0
R20668,0
R20669,0
R20670,0
R20671,0
R20672,0
R20673,0
R20674,0
R20675,0
R20676,0
R20677,0
R20678,0
R20679,0
R20680,0
R20681,0
R20682,0
R20683,0
R20684,0
R20685,0
R20686,0
R20687,0
R20688,0
R20689,0
R20690,0
R20691,0
R20692,0
R20693,0
R20694,0
R20695,0
R20696,0
R20697,0
R20698,0
R20699,0
R20700,0
R20701,0
R20702,0
R20703,0
R20704,0
R20705,0
R20706,0
R20707,0
R20708,0
R20709,0
R20710,0
R20711,0
R20712,0
R20713,0
R20714,0
R20715,0
R20716,0
R20717,0
R20718,0
R20719,0
R20720,0
R20721,0
R20722,0
R20723,0
R20724,0
R20725,0
R20726,0
R20727,0
R20728,0
R20729,0
R20730,0
R20731,0
R20732,0
R20733,0
R20734,0
R20735,0
R20736,0
R20737,0
R20738,0
R20739,0
R20740,0
R20741,0
R20742,0
R20743,0
R20744,0
R20745,0
R20746,0
R20747,0
R20748,0
R20749,0
R20750,0
R20751,0
R20752,0
R20753,0
R20754,0
R20755,0
R20756,0
R20757,0
R20758,0
R20759,0
R20760,0
R20761,0
R20762,0
R20763,0
R20764,0
R20765,0
R20766,0
R20767,0
R20768,0
R20769,0
R20770,0
R20771,0
R20772,0
R20773,0
R20774,0
R20775,0
R20776,0
R20777,0
R20778,0
R20779,0
R20780,0
R20781,0
R20782,0
R20783,0
R20784,0
R20785,0
R20786,0
R20787,0
R20788,0
R20789,0
R20790,0
R20791,0
R20792,0
R20793,0
R20794,0
R20795,0
R20796,0
R20797,0
R20798,0
R20799,0
R20800,0
R20801,0
R20802,0
R20803,0
R20804,0
R20805,0
R20806,0
R20807,0
R20808,0
R20809,0
R20810,0
R20811,0
R20812,0
R20813,0
R20814,0
R20815,0
R20816,0
R20817,0
R20818,0
R20819,0
R20820,0
R20821,0
R20822,0
R20823,0
R20824,0
R20825,0
R20826,0
R20827,0
R20828,0
R20829,0
R20830,0
R20831,0
R20832,0
R20833,0
R20834,0
R20835,0
R20836,0
R20837,0
R20838,0
R20839,0
R20840,0
R20841,0
R20842,0
R20843,0
R20844,0
R20845,0
R20846,0
R20847,0
R20848,0
R20849,0
R20850,0
R20851,0
R20852,0
R20853,0
R20854,0
R20855,0
R20856,0
R20857,0
R20858,0
R20859,0
R20860,0
R20861,0
R20862,0
R20863,0
R20864,0
R20865,0
R20866,0
R20867,0
R20868,0
R20869,0
R20870,0
R20871,0
R20872,0
R20873,0
R20874,0
R20875,0
R20876,0
R20877,0
R20878,0
R20879,0
R20880,0
R20881,0
R20882,0
R20883,0
R20884,0
R20885,0
R20886,0
R20887,0
R20888,0
R20889,0
R20890,0
R20891,0
R20892,0
R20893,0
R20894,0
R20895,0
R20896,0
R20897,0
R20898,0
R20899,0
R20900,0
R20901,0
R20902,0
R20903,0
R20904,0
R20905,0
R20906,0
R20907,0
R20908,0
R20909,0
R20910,0
R20911,0
R20912,0
R20913,0
R20914,0
R20915,0
R20916,0
R20917,0
R20918,0
R20919,0
R20920,0
R20921,0
R20922,0
R20923,0
R20924,0
R20925,0
R20926,0
R20927,0
R20928,0
R20929,0
R20930,0
R20931,0
R20932,0
R20933,0
R20934,0
R20935,0
R20936,0
R20937,0
R20938,0
R20939,0
R20940,0
R20941,0
R20942,0
R20943,0
R20944,0
R20945,0
R20946,0
R20947,0
R20948,0
R20949,0
R20950,0
R20951,0
R20952,0
R20953,0
R20954,0
R20955,0
R20956,0
R20957,0
R20958,0
R20959,0
R20960,0
R20961,0
R20962,0
R20963,0
R20964,0
R20965,0
R20966,0
R20967,0
R20968,0
R20969,0
R20970,0
R20971,0
R20972,0
R20973,0
R20974,0
R20975,0
R20976,0
R20977,0
R20978,0
R20979,0
R20980,0
R20981,0
R20982,0
R20983,0
R20984,0
R20985,0
R20986,0
R20987,0
R20988,0
R20989,0
R20990,0
R20991,0
R20992,0
R20993,0
R20994,0
R20995,0
R20996,0
R20997,0
R20998,0
R20999,0
R21000,0
R21001,0
R21002,0
R21003,0
R21004,0
R21005,0
R21006,0
R21007,0
R21008,0
R21009,0
R21010,0
R21011,0
R21012,0
R21013,0
R21014,0
R21015,0
R21016,0
R21017,0
R21018,0
R21019,0
R21020,0
R21021,0
R21022,0
R21023,0
R21024,0
R21025,0
R21026,0
R21027,0
R21028,0
R21029,0
R21030,0
R21031,0
R21032,0
R21033,0
R21034,0
R21035,0
R21036,0
R21037,0
R21038,0
R21039,0
R21040,0
R21041,0
R21042,0
R21043,0
R21044,0
R21045,0
R21046,0
R21047,0
R21048,0
R21049,0
R21050,0
R21051,0
R21052,0
R21053,0
R21054,0
R21055,0
R21056,0
R21057,0
R21058,0
R21059,0
R21060,0
R21061,0
R21062,0
R21063,0
R21064,0
R21065,0
R21066,0
R21067,0
R21068,0
R21069,0
R21070,0
R21071,0
R21072,0
R21073,0
R21074,0
R21075,0
R21076,0
R21077,0
R21078,0
R21079,0
R21080,0
R21081,0
R21082,0
R21083,0
R21084,0
R21085,0
R21086,0
R21087,0
R21088,0
R21089,0
R21090,0
R21091,0
R21092,0
R21093,0
R21094,0
R21095,0
R21096,0
R21097,0
R21098,0
R21099,0
R21100,0
R21101,0
R21102,0
R21103,0
R21104,0
R21105,0
R21106,0
R21107,0
R21108,0
R21109,0
R21110,0
R21111,0
R21112,0
R21113,0
R21114,0
R21115,0
R21116,0
R21117,0
R21118,0
R21119,0
R21120,0
R21121,0
R21122,0
R21123,0
R21124,0
R21125,0
R21126,0
R21127,0
R21128,0
R21129,0
R21130,0
R21131,0
R21132,0
R21133,0
R21134,0
R21135,0
R21136,0
R21137,0
R21138,0
R21139,0
R21140,0
R21141,0
R21142,0
R21143,0
R21144,0
R21145,0
R21146,0
R21147,0
R21148,0
R21149,0
R21150,0
R21151,0
R21152,0
R21153,0
R21154,0
R21155,0
R21156,0
R21157,0
R21158,0
R21159,0
R21160,0
R21161,0
R21162,0
R21163,0
R21164,0
R21165,0
R21166,0
R21167,0
R21168,0
R21169,0
R21170,0
R21171,0
R21172,0
R21173,0
R21174,0
R21175,0
R21176,0
R21177,0
R21178,0
R21179,0
R21180,0
R21181,0
R21182,0
R21183,0
R21184,0
R21185,0
R21186,0
R21187,0
R21188,0
R21189,0
R21190,0
R21191,0
R21192,0
R21193,0
R21194,0
R21195,0
R21196,0
R21197,0
R21198,0
R21199,0
R21200,0
R21201,0
R21202,0
R21203,0
R21204,0
R21205,0
R21206,0
R21207,0
R21208,0
R21209,0
R21210,0
R21211,0
R21212,0
R21213,0
R21214,0
R21215,0
R21216,0
R21217,0
R21218,0
R21219,0
R21220,0
R21221,0
R21222,0
R21223,0
R21224,0
R21225,0
R21226,0
R21227,0
R21228,0
R21229,0
R21230,0
R21231,0
R21232,0
R21233,0
R21234,0
R21235,0
R21236,0
R21237,0
R21238,0
R21239,0
R21240,0
R21241,0
R21242,0
R21243,0
R21244,0
R21245,0
R21246,0
R21247,0
R21248,0
R21249,0
R21250,0
R21251,0
R21252,0
R21253,0
R21254,0
R21255,0
R21256,0
R21257,0
R21258,0
R21259,0
R21260,0
R21261,0
R21262,0
R21263,0
R21264,0
R21265,0
R21266,0
R21267,0
R21268,0
R21269,0
R21270,0
R21271,0
R21272,0
R21273,0
R21274,0
R21275,0
R21276,0
R21277,0
R21278,0
R21279,0
R21280,0
R21281,0
R21282,0
R21283,0
R21284,0
R21285,0
R21286,0
R21287,0
R21288,0
R21289,0
R21290,0
R21291,0
R21292,0
R21293,0
R21294,0
R21295,0
R21296,0
R21297,0
R21298,0
R21299,0
R21300,0
R21301,0
R21302,0
R21303,0
R21304,0
R21305,0
R21306,0
R21307,0
R21308,0
R21309,0
R21310,0
R21311,0
R21312,0
R21313,0
R21314,0
R21315,0
R21316,0
R21317,0
R21318,0
R21319,0
R21320,0
R21321,0
R21322,0
R21323,0
R21324,0
R21325,0
R21326,0
R21327,0
R21328,0
R21329,0
R21330,0
R21331,0
R21332,0
R21333,0
R21334,0
R21335,0
R21336,0
R21337,0
R21338,0
R21339,0
R21340,0
R21341,0
R21342,0
R21343,0
R21344,0
R21345,0
R21346,0
R21347,0
R21348,0
R21349,0
R21350,0
R21351,0
R21352,0
R21353,0
R21354,0
R21355,0
R21356,0
R21357,0
R21358,0
R21359,0
R21360,0
R21361,0
R21362,0
R21363,0
R21364,0
R21365,0
R21366,0
R21367,0
R21368,0
R21369,0
R21370,0
R21371,0
R21372,0
R21373,0
R21374,0
R21375,0
R21376,0
R21377,0
R21378,0
R21379,0
R21380,0
R21381,0
R21382,0
R21383,0
R21384,0
R21385,0
R21386,0
R21387,0
R21388,0
R21389,0
R21390,0
R21391,0
R21392,0
R21393,0
R21394,0
R21395,0
R21396,0
R21397,0
R21398,0
R21399,0
R21400,0
R21401,0
R21402,0
R21403,0
R21404,0
R21405,0
R21406,0
R21407,0
R21408,0
R21409,0
R21410,0
R21411,0
R21412,0
R21413,0
R21414,0
R21415,0
R21416,0
R21417,0
R21418,0
R21419,0
R21420,0
R21421,0
R21422,0
R21423,0
R21424,0
R21425,0
R21426,0
R21427,0
R21428,0
R21429,0
R21430,0
R21431,0
R21432,0
R21433,0
R21434,0
R21435,0
R21436,0
R21437,0
R21438,0
R21439,0
R21440,0
R21441,0
R21442,0
R21443,0
R21444,0
R21445,0
R21446,0
R21447,0
R21448,0
R21449,0
R21450,0
R21451,0
R21452,0
R21453,0
R21454,0
R21455,0
R21456,0
R21457,0
R21458,0
R21459,0
R21460,0
R21461,0
R21462,0
R21463,0
R21464,0
R21465,0
R21466,0
R21467,0
R21468,0
R21469,0
R21470,0
R21471,0
R21472,0
R21473,0
R21474,0
R21475,0
R21476,0
R21477,0
R21478,0
R21479,0
R21480,0
R21481,0
R21482,0
R21483,0
R21484,0
R21485,0
R21486,0
R21487,0
R21488,0
R21489,0
R21490,0
R21491,0
R21492,0
R21493,0
R21494,0
R21495,0
R21496,0
R21497,0
R21498,0
R21499,0
R21500,0
R21501,0
R21502,0
R21503,0
R21504,0
R21505,0
R21506,0
R21507,0
R21508,0
R21509,0
R21510,0
R21511,0
R21512,0
R21513,0
R21514,0
R21515,0
R21516,0
R21517,0
R21518,0
R21519,0
R21520,0
R21521,0
R21522,0
R21523,0
R21524,0
R21525,0
R21526,0
R21527,0
R21528,0
R21529,0
R21530,0
R21531,0
R21532,0
R21533,0
R21534,0
R21535,0
R21536,0
R21537,0
R21538,0
R21539,0
R21540,0
R21541,0
R21542,0
R21543,0
R21544,0
R21545,0
R21546,0
R21547,0
R21548,0
R21549,0
R21550,0
R21551,0
R21552,0
R21553,0
R21554,0
R21555,0
R21556,0
R21557,0
R21558,0
R21559,0
R21560,0
R21561,0
R21562,0
R21563,0
R21564,0
R21565,0
R21566,0
R21567,0
R21568,0
R21569,0
R21570,0
R21571,0
R21572,0
R21573,0
R21574,0
R21575,0
R21576,0
R21577,0
R21578,0
R21579,0
R21580,0
R21581,0
R21582,0
R21583,0
R21584,0
R21585,0
R21586,0
R21587,0
R21588,0
R21589,0
R21590,0
R21591,0
R21592,0
R21593,0
R21594,0
R21595,0
R21596,0
R21597,0
R21598,0
R21599,0
R21600,0
R21601,0
R21602,0
R21603,0
R21604,0
R21605,0
R21606,0
R21607,0
R21608,0
R21609,0
R21610,0
R21611,0
R21612,0
R21613,0
R21614,0
R21615,0
R21616,0
R21617,0
R21618,0
R21619,0
R21620,0
R21621,0
R21622,0
R21623,0
R21624,0
R21625,0
R21626,0
R21627,0
R21628,0
R21629,0
R21630,0
R21631,0
R21632,0
R21633,0
R21634,0
R21635,0
R21636,0
R21637,0
R21638,0
R21639,0
R21640,0
R21641,0
R21642,0
R21643,0
R21644,0
R21645,0
R21646,0
R21647,0
R21648,0
R21649,0
R21650,0
R21651,0
R21652,0
R21653,0
R21654,0
R21655,0
R21656,0
R21657,0
R21658,0
R21659,0
R21660,0
R21661,0
R21662,0
R21663,0
R21664,0
R21665,0
R21666,0
R21667,0
R21668,0
R21669,0
R21670,0
R21671,0
R21672,0
R21673,0
R21674,0
R21675,0
R21676,0
R21677,0
R21678,0
R21679,0
R21680,0
R21681,0
R21682,0
R21683,0
R21684,0
R21685,0
R21686,0
R21687,0
R21688,0
R21689,0
R21690,0
R21691,0
R21692,0
R21693,0
R21694,0
R21695,0
R21696,0
R21697,0
R21698,0
R21699,0
R21700,0
R21701,0
R21702,0
R21703,0
R21704,0
R21705,0
R21706,0
R21707,0
R21708,0
R21709,0
R21710,0
R21711,0
R21712,0
R21713,0
R21714,0
R21715,0
R21716,0
R21717,0
R21718,0
R21719,0
R21720,0
R21721,0
R21722,0
R21723,0
R21724,0
R21725,0
R21726,0
R21727,0
R21728,0
R21729,0
R21730,0
R21731,0
R21732,0
R21733,0
R21734,0
R21735,0
R21736,0
R21737,0
R21738,0
R21739,0
R21740,0
R21741,0
R21742,0
R21743,0
R21744,0
R21745,0
R21746,0
R21747,0
R21748,0
R21749,0
R21750,0
R21751,0
R21752,0
R21753,0
R21754,0
R21755,0
R21756,0
R21757,0
R21758,0
R21759,0
R21760,0
R21761,0
R21762,0
R21763,0
R21764,0
R21765,0
R21766,0
R21767,0
R21768,0
R21769,0
R21770,0
R21771,0
R21772,0
R21773,0
R21774,0
R21775,0
R21776,0
R21777,0
R21778,0
R21779,0
R21780,0
R21781,0
R21782,0
R21783,0
R21784,0
R21785,0
R21786,0
R21787,0
R21788,0
R21789,0
R21790,0
R21791,0
R21792,0
R21793,0
R21794,0
R21795,0
R21796,0
R21797,0
R21798,0
R21799,0
R21800,0
R21801,0
R21802,0
R21803,0
R21804,0
R21805,0
R21806,0
R21807,0
R21808,0
R21809,0
R21810,0
R21811,0
R21812,0
R21813,0
R21814,0
R21815,0
R21816,0
R21817,0
R21818,0
R21819,0
R21820,0
R21821,0
R21822,0
R21823,0
R21824,0
R21825,0
R21826,0
R21827,0
R21828,0
R21829,0
R21830,0
R21831,0
R21832,0
R21833,0
R21834,0
R21835,0
R21836,0
R21837,0
R21838,0
R21839,0
R21840,0
R21841,0
R21842,0
R21843,0
R21844,0
R21845,0
R21846,0
R21847,0
R21848,0
R21849,0
R21850,0
R21851,0
R21852,0
R21853,0
R21854,0
R21855,0
R21856,0
R21857,0
R21858,0
R21859,0
R21860,0
R21861,0
R21862,0
R21863,0
R21864,0
R21865,0
R21866,0
R21867,0
R21868,0
R21869,0
R21870,0
R21871,0
R21872,0
R21873,0
R21874,0
R21875,0
R21876,0
R21877,0
R21878,0
R21879,0
R21880,0
R21881,0
R21882,0
R21883,0
R21884,0
R21885,0
R21886,0
R21887,0
R21888,0
R21889,0
R21890,0
R21891,0
R21892,0
R21893,0
R21894,0
R21895,0
R21896,0
R21897,0
R21898,0
R21899,0
R21900,0
R21901,0
R21902,0
R21903,0
R21904,0
R21905,0
R21906,0
R21907,0
R21908,0
R21909,0
R21910,0
R21911,0
R21912,0
R21913,0
R21914,0
R21915,0
R21916,0
R21917,0
R21918,0
R21919,0
R21920,0
R21921,0
R21922,0
R21923,0
R21924,0
R21925,0
R21926,0
R21927,0
R21928,0
R21929,0
R21930,0
R21931,0
R21932,0
R21933,0
R21934,0
R21935,0
R21936,0
R21937,0
R21938,0
R21939,0
R21940,0
R21941,0
R21942,0
R21943,0
R21944,0
R21945,0
R21946,0
R21947,0
R21948,0
R21949,0
R21950,0
R21951,0
R21952,0
R21953,0
R21954,0
R21955,0
R21956,0
R21957,0
R21958,0
R21959,0
R21960,0
R21961,0
R21962,0
R21963,0
R21964,0
R21965,0
R21966,0
R21967,0
R21968,0
R21969,0
R21970,0
R21971,0
R21972,0
R21973,0
R21974,0
R21975,0
R21976,0
R21977,0
R21978,0
R21979,0
R21980,0
R21981,0
R21982,0
R21983,0
R21984,0
R21985,0
R21986,0
R21987,0
R21988,0
R21989,0
R21990,0
R21991,0
R21992,0
R21993,0
R21994,0
R21995,0
R21996,0
R21997,0
R21998,0
R21999,0
R22000,0
R22001,0
R22002,0
R22003,0
R22004,0
R22005,0
R22006,0
R22007,0
R22008,0
R22009,0
R22010,0
R22011,0
R22012,0
R22013,0
R22014,0
R22015,0
R22016,0
R22017,0
R22018,0
R22019,0
R22020,0
R22021,0
R22022,0
R22023,0
R22024,0
R22025,0
R22026,0
R22027,0
R22028,0
R22029,0
R22030,0
R22031,0
R22032,0
R22033,0
R22034,0
R22035,0
R22036,0
R22037,0
R22038,0
R22039,0
R22040,0
R22041,0
R22042,0
R22043,0
R22044,0
R22045,0
R22046,0
R22047,0
R22048,0
R22049,0
R22050,0
R22051,0
R22052,0
R22053,0
R22054,0
R22055,0
R22056,0
R22057,0
R22058,0
R22059,0
R22060,0
R22061,0
R22062,0
R22063,0
R22064,0
R22065,0
R22066,0
R22067,0
R22068,0
R22069,0
R22070,0
R22071,0
R22072,0
R22073,0
R22074,0
R22075,0
R22076,0
R22077,0
R22078,0
R22079,0
R22080,0
R22081,0
R22082,0
R22083,0
R22084,0
R22085,0
R22086,0
R22087,0
R22088,0
R22089,0
R22090,0
R22091,0
R22092,0
R22093,0
R22094,0
R22095,0
R22096,0
R22097,0
R22098,0
R22099,0
R22100,0
R22101,0
R22102,0
R22103,0
R22104,0
R22105,0
R22106,0
R22107,0
R22108,0
R22109,0
R22110,0
R22111,0
R22112,0
R22113,0
R22114,0
R22115,0
R22116,0
R22117,0
R22118,0
R22119,0
R22120,0
R22121,0
R22122,0
R22123,0
R22124,0
R22125,0
R22126,0
R22127,0
R22128,0
R22129,0
R22130,0
R22131,0
R22132,0
R22133,0
R22134,0
R22135,0
R22136,0
R22137,0
R22138,0
R22139,0
R22140,0
R22141,0
R22142,0
R22143,0
R22144,0
R22145,0
R22146,0
R22147,0
R22148,0
R22149,0
R22150,0
R22151,0
R22152,0
R22153,0
R22154,0
R22155,0
R22156,0
R22157,0
R22158,0
R22159,0
R22160,0
R22161,0
R22162,0
R22163,0
R22164,0
R22165,0
R22166,0
R22167,0
R22168,0
R22169,0
R22170,0
R22171,0
R22172,0
R22173,0
R22174,0
R22175,0
R22176,0
R22177,0
R22178,0
R22179,0
R22180,0
R22181,0
R22182,0
R22183,0
R22184,0
R22185,0
R22186,0
R22187,0
R22188,0
R22189,0
R22190,0
R22191,0
R22192,0
R22193,0
R22194,0
R22195,0
R22196,0
R22197,0
R22198,0
R22199,0
R22200,0
R22201,0
R22202,0
R22203,0
R22204,0
R22205,0
R22206,0
R22207,0
R22208,0
R22209,0
R22210,0
R22211,0
R22212,0
R22213,0
R22214,0
R22215,0
R22216,0
R22217,0
R22218,0
R22219,0
R22220,0
R22221,0
R22222,0
R22223,0
R22224,0
R22225,0
R22226,0
R22227,0
R22228,0
R22229,0
R22230,0
R22231,0
R22232,0
R22233,0
R22234,0
R22235,0
R22236,0
R22237,0
R22238,0
R22239,0
R22240,0
R22241,0
R22242,0
R22243,0
R22244,0
R22245,0
R22246,0
R22247,0
R22248,0
R22249,0
R22250,0
R22251,0
R22252,0
R22253,0
R22254,0
R22255,0
R22256,0
R22257,0
R22258,0
R22259,0
R22260,0
R22261,0
R22262,0
R22263,0
R22264,0
R22265,0
R22266,0
R22267,0
R22268,0
R22269,0
R22270,0
R22271,0
R22272,0
R22273,0
R22274,0
R22275,0
R22276,0
R22277,0
R22278,0
R22279,0
R22280,0
R22281,0
R22282,0
R22283,0
R22284,0
R22285,0
R22286,0
R22287,0
R22288,0
R22289,0
R22290,0
R22291,0
R22292,0
R22293,0
R22294,0
R22295,0
R22296,0
R22297,0
R22298,0
R22299,0
R22300,0
R22301,0
R22302,0
R22303,0
R22304,0
R22305,0
R22306,0
R22307,0
R22308,0
R22309,0
R22310,0
R22311,0
R22312,0
R22313,0
R22314,0
R22315,0
R22316,0
R22317,0
R22318,0
R22319,0
R22320,0
R22321,0
R22322,0
R22323,0
R22324,0
R22325,0
R22326,0
R22327,0
R22328,0
R22329,0
R22330,0
R22331,0
R22332,0
R22333,0
R22334,0
R22335,0
R22336,0
R22337,0
R22338,0
R22339,0
R22340,0
R22341,0
R22342,0
R22343,0
R22344,0
R22345,0
R22346,0
R22347,0
R22348,0
R22349,0
R22350,0
R22351,0
R22352,0
R22353,0
R22354,0
R22355,0
R22356,0
R22357,0
R22358,0
R22359,0
R22360,0
R22361,0
R22362,0
R22363,0
R22364,0
R22365,0
R22366,0
R22367,0
R22368,0
R22369,0
R22370,0
R22371,0
R22372,0
R22373,0
R22374,0
R22375,0
R22376,0
R22377,0
R22378,0
R22379,0
R22380,0
R22381,0
R22382,0
R22383,0
R22384,0
R22385,0
R22386,0
R22387,0
R22388,0
R22389,0
R22390,0
R22391,0
R22392,0
R22393,0
R22394,0
R22395,0
R22396,0
R22397,0
R22398,0
R22399,0
R22400,0
R22401,0
R22402,0
R22403,0
R22404,0
R22405,0
R22406,0
R22407,0
R22408,0
R22409,0
R22410,0
R22411,0
R22412,0
R22413,0
R22414,0
R22415,0
R22416,0
R22417,0
R22418,0
R22419,0
R22420,0
R22421,0
R22422,0
R22423,0
R22424,0
R22425,0
R22426,0
R22427,0
R22428,0
R22429,0
R22430,0
R22431,0
R22432,0
R22433,0
R22434,0
R22435,0
R22436,0
R22437,0
R22438,0
R22439,0
R22440,0
R22441,0
R22442,0
R22443,0
R22444,0
R22445,0
R22446,0
R22447,0
R22448,0
R22449,0
R22450,0
R22451,0
R22452,0
R22453,0
R22454,0
R22455,0
R22456,0
R22457,0
R22458,0
R22459,0
R22460,0
R22461,0
R22462,0
R22463,0
R22464,0
R22465,0
R22466,0
R22467,0
R22468,0
R22469,0
R22470,0
R22471,0
R22472,0
R22473,0
R22474,0
R22475,0
R22476,0
R22477,0
R22478,0
R22479,0
R22480,0
R22481,0
R22482,0
R22483,0
R22484,0
R22485,0
R22486,0
R22487,0
R22488,0
R22489,0
R22490,0
R22491,0
R22492,0
R22493,0
R22494,0
R22495,0
R22496,0
R22497,0
R22498,0
R22499,0
R22500,0
R22501,0
R22502,0
R22503,0
R22504,0
R22505,0
R22506,0
R22507,0
R22508,0
R22509,0
R22510,0
R22511,0
R22512,0
R22513,0
R22514,0
R22515,0
R22516,0
R22517,0
R22518,0
R22519,0
R22520,0
R22521,0
R22522,0
R22523,0
R22524,0
R22525,0
R22526,0
R22527,0
R22528,0
R22529,0
R22530,0
R22531,0
R22532,0
R22533,0
R22534,0
R22535,0
R22536,0
R22537,0
R22538,0
R22539,0
R22540,0
R22541,0
R22542,0
R22543,0
R22544,0
R22545,0
R22546,0
R22547,0
R22548,0
R22549,0
R22550,0
R22551,0
R22552,0
R22553,0
R22554,0
R22555,0
R22556,0
R22557,0
R22558,0
R22559,0
R22560,0
R22561,0
R22562,0
R22563,0
R22564,0
R22565,0
R22566,0
R22567,0
R22568,0
R22569,0
R22570,0
R22571,0
R22572,0
R22573,0
R22574,0
R22575,0
R22576,0
R22577,0
R22578,0
R22579,0
R22580,0
R22581,0
R22582,0
R22583,0
R22584,0
R22585,0
R22586,0
R22587,0
R22588,0
R22589,0
R22590,0
R22591,0
R22592,0
R22593,0
R22594,0
R22595,0
R22596,0
R22597,0
R22598,0
R22599,0
R22600,0
R22601,0
R22602,0
R22603,0
R22604,0
R22605,0
R22606,0
R22607,0
R22608,0
R22609,0
R22610,0
R22611,0
R22612,0
R22613,0
R22614,0
R22615,0
R22616,0
R22617,0
R22618,0
R22619,0
R22620,0
R22621,0
R22622,0
R22623,0
R22624,0
R22625,0
R22626,0
R22627,0
R22628,0
R22629,0
R22630,0
R22631,0
R22632,0
R22633,0
R22634,0
R22635,0
R22636,0
R22637,0
R22638,0
R22639,0
R22640,0
R22641,0
R22642,0
R22643,0
R22644,0
R22645,0
R22646,0
R22647,0
R22648,0
R22649,0
R22650,0
R22651,0
R22652,0
R22653,0
R22654,0
R22655,0
R22656,0
R22657,0
R22658,0
R22659,0
R22660,0
R22661,0
R22662,0
R22663,0
R22664,0
R22665,0
R22666,0
R22667,0
R22668,0
R22669,0
R22670,0
R22671,0
R22672,0
R22673,0
R22674,0
R22675,0
R22676,0
R22677,0
R22678,0
R22679,0
R22680,0
R22681,0
R22682,0
R22683,0
R22684,0
R22685,0
R22686,0
R22687,0
R22688,0
R22689,0
R22690,0
R22691,0
R22692,0
R22693,0
R22694,0
R22695,0
R22696,0
R22697,0
R22698,0
R22699,0
R22700,0
R22701,0
R22702,0
R22703,0
R22704,0
R22705,0
R22706,0
R22707,0
R22708,0
R22709,0
R22710,0
R22711,0
R22712,0
R22713,0
R22714,0
R22715,0
R22716,0
R22717,0
R22718,0
R22719,0
R22720,0
R22721,0
R22722,0
R22723,0
R22724,0
R22725,0
R22726,0
R22727,0
R22728,0
R22729,0
R22730,0
R22731,0
R22732,0
R22733,0
R22734,0
R22735,0
R22736,0
R22737,0
R22738,0
R22739,0
R22740,0
R22741,0
R22742,0
R22743,0
R22744,0
R22745,0
R22746,0
R22747,0
R22748,0
R22749,0
R22750,0
R22751,0
R22752,0
R22753,0
R22754,0
R22755,0
R22756,0
R22757,0
R22758,0
R22759,0
R22760,0
R22761,0
R22762,0
R22763,0
R22764,0
R22765,0
R22766,0
R22767,0
R22768,0
R22769,0
R22770,0
R22771,0
R22772,0
R22773,0
R22774,0
R22775,0
R22776,0
R22777,0
R22778,0
R22779,0
R22780,0
R22781,0
R22782,0
R22783,0
R22784,0
R22785,0
R22786,0
R22787,0
R22788,0
R22789,0
R22790,0
R22791,0
R22792,0
R22793,0
R22794,0
R22795,0
R22796,0
R22797,0
R22798,0
R22799,0
R22800,0
R22801,0
R22802,0
R22803,0
R22804,0
R22805,0
R22806,0
R22807,0
R22808,0
R22809,0
R22810,0
R22811,0
R22812,0
R22813,0
R22814,0
R22815,0
R22816,0
R22817,0
R22818,0
R22819,0
R22820,0
R22821,0
R22822,0
R22823,0
R22824,0
R22825,0
R22826,0
R22827,0
R22828,0
R22829,0
R22830,0
R22831,0
R22832,0
R22833,0
R22834,0
R22835,0
R22836,0
R22837,0
R22838,0
R22839,0
R22840,0
R22841,0
R22842,0
R22843,0
R22844,0
R22845,0
R22846,0
R22847,0
R22848,0
R22849,0
R22850,0
R22851,0
R22852,0
R22853,0
R22854,0
R22855,0
R22856,0
R22857,0
R22858,0
R22859,0
R22860,0
R22861,0
R22862,0
R22863,0
R22864,0
R22865,0
R22866,0
R22867,0
R22868,0
R22869,0
R22870,0
R22871,0
R22872,0
R22873,0
R22874,0
R22875,0
R22876,0
R22877,0
R22878,0
R22879,0
R22880,0
R22881,0
R22882,0
R22883,0
R22884,0
R22885,0
R22886,0
R22887,0
R22888,0
R22889,0
R22890,0
R22891,0
R22892,0
R22893,0
R22894,0
R22895,0
R22896,0
R22897,0
R22898,0
R22899,0
R22900,0
R22901,0
R22902,0
R22903,0
R22904,0
R22905,0
R22906,0
R22907,0
R22908,0
R22909,0
R22910,0
R22911,0
R22912,0
R22913,0
R22914,0
R22915,0
R22916,0
R22917,0
R22918,0
R22919,0
R22920,0
R22921,0
R22922,0
R22923,0
R22924,0
R22925,0
R22926,0
R22927,0
R22928,0
R22929,0
R22930,0
R22931,0
R22932,0
R22933,0
R22934,0
R22935,0
R22936,0
R22937,0
R22938,0
R22939,0
R22940,0
R22941,0
R22942,0
R22943,0
R22944,0
R22945,0
R22946,0
R22947,0
R22948,0
R22949,0
R22950,0
R22951,0
R22952,0
R22953,0
R22954,0
R22955,0
R22956,0
R22957,0
R22958,0
R22959,0
R22960,0
R22961,0
R22962,0
R22963,0
R22964,0
R22965,0
R22966,0
R22967,0
R22968,0
R22969,0
R22970,0
R22971,0
R22972,0
R22973,0
R22974,0
R22975,0
R22976,0
R22977,0
R22978,0
R22979,0
R22980,0
R22981,0
R22982,0
R22983,0
R22984,0
R22985,0
R22986,0
R22987,0
R22988,0
R22989,0
R22990,0
R22991,0
R22992,0
R22993,0
R22994,0
R22995,0
R22996,0
R22997,0
R22998,0
R22999,0
R23000,0
R23001,0
R23002,0
R23003,0
R23004,0
R23005,0
R23006,0
R23007,0
R23008,0
R23009,0
R23010,0
R23011,0
R23012,0
R23013,0
R23014,0
R23015,0
R23016,0
R23017,0
R23018,0
R23019,0
R23020,0
R23021,0
R23022,0
R23023,0
R23024,0
R23025,0
R23026,0
R23027,0
R23028,0
R23029,0
R23030,0
R23031,0
R23032,0
R23033,0
R23034,0
R23035,0
R23036,0
R23037,0
R23038,0
R23039,0
R23040,0
R23041,0
R23042,0
R23043,0
R23044,0
R23045,0
R23046,0
R23047,0
R23048,0
R23049,0
R23050,0
R23051,0
R23052,0
R23053,0
R23054,0
R23055,0
R23056,0
R23057,0
R23058,0
R23059,0
R23060,0
R23061,0
R23062,0
R23063,0
R23064,0
R23065,0
R23066,0
R23067,0
R23068,0
R23069,0
R23070,0
R23071,0
R23072,0
R23073,0
R23074,0
R23075,0
R23076,0
R23077,0
R23078,0
R23079,0
R23080,0
R23081,0
R23082,0
R23083,0
R23084,0
R23085,0
R23086,0
R23087,0
R23088,0
R23089,0
R23090,0
R23091,0
R23092,0
R23093,0
R23094,0
R23095,0
R23096,0
R23097,0
R23098,0
R23099,0
R23100,0
R23101,0
R23102,0
R23103,0
R23104,0
R23105,0
R23106,0
R23107,0
R23108,0
R23109,0
R23110,0
R23111,0
R23112,0
R23113,0
R23114,0
R23115,0
R23116,0
R23117,0
R23118,0
R23119,0
R23120,0
R23121,0
R23122,0
R23123,0
R23124,0
R23125,0
R23126,0
R23127,0
R23128,0
R23129,0
R23130,0
R23131,0
R23132,0
R23133,0
R23134,0
R23135,0
R23136,0
R23137,0
R23138,0
R23139,0
R23140,0
R23141,0
R23142,0
R23143,0
R23144,0
R23145,0
R23146,0
R23147,0
R23148,0
R23149,0
R23150,0
R23151,0
R23152,0
R23153,0
R23154,0
R23155,0
R23156,0
R23157,0
R23158,0
R23159,0
R23160,0
R23161,0
R23162,0
R23163,0
R23164,0
R23165,0
R23166,0
R23167,0
R23168,0
R23169,0
R23170,0
R23171,0
R23172,0
R23173,0
R23174,0
R23175,0
R23176,0
R23177,0
R23178,0
R23179,0
R23180,0
R23181,0
R23182,0
R23183,0
R23184,0
R23185,0
R23186,0
R23187,0
R23188,0
R23189,0
R23190,0
R23191,0
R23192,0
R23193,0
R23194,0
R23195,0
R23196,0
R23197,0
R23198,0
R23199,0
R23200,0
R23201,0
R23202,0
R23203,0
R23204,0
R23205,0
R23206,0
R23207,0
R23208,0
R23209,0
R23210,0
R23211,0
R23212,0
R23213,0
R23214,0
R23215,0
R23216,0
R23217,0
R23218,0
R23219,0
R23220,0
R23221,0
R23222,0
R23223,0
R23224,0
R23225,0
R23226,0
R23227,0
R23228,0
R23229,0
R23230,0
R23231,0
R23232,0
R23233,0
R23234,0
R23235,0
R23236,0
R23237,0
R23238,0
R23239,0
R23240,0
R23241,0
R23242,0
R23243,0
R23244,0
R23245,0
R23246,0
R23247,0
R23248,0
R23249,0
R23250,0
R23251,0
R23252,0
R23253,0
R23254,0
R23255,0
R23256,0
R23257,0
R23258,0
R23259,0
R23260,0
R23261,0
R23262,0
R23263,0
R23264,0
R23265,0
R23266,0
R23267,0
R23268,0
R23269,0
R23270,0
R23271,0
R23272,0
R23273,0
R23274,0
R23275,0
R23276,0
R23277,0
R23278,0
R23279,0
R23280,0
R23281,0
R23282,0
R23283,0
R23284,0
R23285,0
R23286,0
R23287,0
R23288,0
R23289,0
R23290,0
R23291,0
R23292,0
R23293,0
R23294,0
R23295,0
R23296,0
R23297,0
R23298,0
R23299,0
R23300,0
R23301,0
R23302,0
R23303,0
R23304,0
R23305,0
R23306,0
R23307,0
R23308,0
R23309,0
R23310,0
R23311,0
R23312,0
R23313,0
R23314,0
R23315,0
R23316,0
R23317,0
R23318,0
R23319,0
R23320,0
R23321,0
R23322,0
R23323,0
R23324,0
R23325,0
R23326,0
R23327,0
R23328,0
R23329,0
R23330,0
R23331,0
R23332,0
R23333,0
R23334,0
R23335,0
R23336,0
R23337,0
R23338,0
R23339,0
R23340,0
R23341,0
R23342,0
R23343,0
R23344,0
R23345,0
R23346,0
R23347,0
R23348,0
R23349,0
R23350,0
R23351,0
R23352,0
R23353,0
R23354,0
R23355,0
R23356,0
R23357,0
R23358,0
R23359,0
R23360,0
R23361,0
R23362,0
R23363,0
R23364,0
R23365,0
R23366,0
R23367,0
R23368,0
R23369,0
R23370,0
R23371,0
R23372,0
R23373,0
R23374,0
R23375,0
R23376,0
R23377,0
R23378,0
R23379,0
R23380,0
R23381,0
R23382,0
R23383,0
R23384,0
R23385,0
R23386,0
R23387,0
R23388,0
R23389,0
R23390,0
R23391,0
R23392,0
R23393,0
R23394,0
R23395,0
R23396,0
R23397,0
R23398,0
R23399,0
R23400,0
R23401,0
R23402,0
R23403,0
R23404,0
R23405,0
R23406,0
R23407,0
R23408,0
R23409,0
R23410,0
R23411,0
R23412,0
R23413,0
R23414,0
R23415,0
R23416,0
R23417,0
R23418,0
R23419,0
R23420,0
R23421,0
R23422,0
R23423,0
R23424,0
R23425,0
R23426,0
R23427,0
R23428,0
R23429,0
R23430,0
R23431,0
R23432,0
R23433,0
R23434,0
R23435,0
R23436,0
R23437,0
R23438,0
R23439,0
R23440,0
R23441,0
R23442,0
R23443,0
R23444,0
R23445,0
R23446,0
R23447,0
R23448,0
R23449,0
R23450,0
R23451,0
R23452,0
R23453,0
R23454,0
R23455,0
R23456,0
R23457,0
R23458,0
R23459,0
R23460,0
R23461,0
R23462,0
R23463,0
R23464,0
R23465,0
R23466,0
R23467,0
R23468,0
R23469,0
R23470,0
R23471,0
R23472,0
R23473,0
R23474,0
R23475,0
R23476,0
R23477,0
R23478,0
R23479,0
R23480,0
R23481,0
R23482,0
R23483,0
R23484,0
R23485,0
R23486,0
R23487,0
R23488,0
R23489,0
R23490,0
R23491,0
R23492,0
R23493,0
R23494,0
R23495,0
R23496,0
R23497,0
R23498,0
R23499,0
R23500,0
R23501,0
R23502,0
R23503,0
R23504,0
R23505,0
R23506,0
R23507,0
R23508,0
R23509,0
R23510,0
R23511,0
R23512,0
R23513,0
R23514,0
R23515,0
R23516,0
R23517,0
R23518,0
R23519,0
R23520,0
R23521,0
R23522,0
R23523,0
R23524,0
R23525,0
R23526,0
R23527,0
R23528,0
R23529,0
R23530,0
R23531,0
R23532,0
R23533,0
R23534,0
R23535,0
R23536,0
R23537,0
R23538,0
R23539,0
R23540,0
R23541,0
R23542,0
R23543,0
R23544,0
R23545,0
R23546,0
R23547,0
R23548,0
R23549,0
R23550,0
R23551,0
R23552,0
R23553,0
R23554,0
R23555,0
R23556,0
R23557,0
R23558,0
R23559,0
R23560,0
R23561,0
R23562,0
R23563,0
R23564,0
R23565,0
R23566,0
R23567,0
R23568,0
R23569,0
R23570,0
R23571,0
R23572,0
R23573,0
R23574,0
R23575,0
R23576,0
R23577,0
R23578,0
R23579,0
R23580,0
R23581,0
R23582,0
R23583,0
R23584,0
R23585,0
R23586,0
R23587,0
R23588,0
R23589,0
R23590,0
R23591,0
R23592,0
R23593,0
R23594,0
R23595,0
R23596,0
R23597,0
R23598,0
R23599,0
R23600,0
R23601,0
R23602,0
R23603,0
R23604,0
R23605,0
R23606,0
R23607,0
R23608,0
R23609,0
R23610,0
R23611,0
R23612,0
R23613,0
R23614,0
R23615,0
R23616,0
R23617,0
R23618,0
R23619,0
R23620,0
R23621,0
R23622,0
R23623,0
R23624,0
R23625,0
R23626,0
R23627,0
R23628,0
R23629,0
R23630,0
R23631,0
R23632,0
R23633,0
R23634,0
R23635,0
R23636,0
R23637,0
R23638,0
R23639,0
R23640,0
R23641,0
R23642,0
R23643,0
R23644,0
R23645,0
R23646,0
R23647,0
R23648,0
R23649,0
R23650,0
R23651,0
R23652,0
R23653,0
R23654,0
R23655,0
R23656,0
R23657,0
R23658,0
R23659,0
R23660,0
R23661,0
R23662,0
R23663,0
R23664,0
R23665,0
R23666,0
R23667,0
R23668,0
R23669,0
R23670,0
R23671,0
R23672,0
R23673,0
R23674,0
R23675,0
R23676,0
R23677,0
R23678,0
R23679,0
R23680,0
R23681,0
R23682,0
R23683,0
R23684,0
R23685,0
R23686,0
R23687,0
R23688,0
R23689,0
R23690,0
R23691,0
R23692,0
R23693,0
R23694,0
R23695,0
R23696,0
R23697,0
R23698,0
R23699,0
R23700,0
R23701,0
R23702,0
R23703,0
R23704,0
R23705,0
R23706,0
R23707,0
R23708,0
R23709,0
R23710,0
R23711,0
R23712,0
R23713,0
R23714,0
R23715,0
R23716,0
R23717,0
R23718,0
R23719,0
R23720,0
R23721,0
R23722,0
R23723,0
R23724,0
R23725,0
R23726,0
R23727,0
R23728,0
R23729,0
R23730,0
R23731,0
R23732,0
R23733,0
R23734,0
R23735,0
R23736,0
R23737,0
R23738,0
R23739,0
R23740,0
R23741,0
R23742,0
R23743,0
R23744,0
R23745,0
R23746,0
R23747,0
R23748,0
R23749,0
R23750,0
R23751,0
R23752,0
R23753,0
R23754,0
R23755,0
R23756,0
R23757,0
R23758,0
R23759,0
R23760,0
R23761,0
R23762,0
R23763,0
R23764,0
R23765,0
R23766,0
R23767,0
R23768,0
R23769,0
R23770,0
R23771,0
R23772,0
R23773,0
R23774,0
R23775,0
R23776,0
R23777,0
R23778,0
R23779,0
R23780,0
R23781,0
R23782,0
R23783,0
R23784,0
R23785,0
R23786,0
R23787,0
R23788,0
R23789,0
R23790,0
R23791,0
R23792,0
R23793,0
R23794,0
R23795,0
R23796,0
R23797,0
R23798,0
R23799,0
R23800,0
R23801,0
R23802,0
R23803,0
R23804,0
R23805,0
R23806,0
R23807,0
R23808,0
R23809,0
R23810,0
R23811,0
R23812,0
R23813,0
R23814,0
R23815,0
R23816,0
R23817,0
R23818,0
R23819,0
R23820,0
R23821,0
R23822,0
R23823,0
R23824,0
R23825,0
R23826,0
R23827,0
R23828,0
R23829,0
R23830,0
R23831,0
R23832,0
R23833,0
R23834,0
R23835,0
R23836,0
R23837,0
R23838,0
R23839,0
R23840,0
R23841,0
R23842,0
R23843,0
R23844,0
R23845,0
R23846,0
R23847,0
R23848,0
R23849,0
R23850,0
R23851,0
R23852,0
R23853,0
R23854,0
R23855,0
R23856,0
R23857,0
R23858,0
R23859,0
R23860,0
R23861,0
R23862,0
R23863,0
R23864,0
R23865,0
R23866,0
R23867,0
R23868,0
R23869,0
R23870,0
R23871,0
R23872,0
R23873,0
R23874,0
R23875,0
R23876,0
R23877,0
R23878,0
R23879,0
R23880,0
R23881,0
R23882,0
R23883,0
R23884,0
R23885,0
R23886,0
R23887,0
R23888,0
R23889,0
R23890,0
R23891,0
R23892,0
R23893,0
R23894,0
R23895,0
R23896,0
R23897,0
R23898,0
R23899,0
R23900,0
R23901,0
R23902,0
R23903,0
R23904,0
R23905,0
R23906,0
R23907,0
R23908,0
R23909,0
R23910,0
R23911,0
R23912,0
R23913,0
R23914,0
R23915,0
R23916,0
R23917,0
R23918,0
R23919,0
R23920,0
R23921,0
R23922,0
R23923,0
R23924,0
R23925,0
R23926,0
R23927,0
R23928,0
R23929,0
R23930,0
R23931,0
R23932,0
R23933,0
R23934,0
R23935,0
R23936,0
R23937,0
R23938,0
R23939,0
R23940,0
R23941,0
R23942,0
R23943,0
R23944,0
R23945,0
R23946,0
R23947,0
R23948,0
R23949,0
R23950,0
R23951,0
R23952,0
R23953,0
R23954,0
R23955,0
R23956,0
R23957,0
R23958,0
R23959,0
R23960,0
R23961,0
R23962,0
R23963,0
R23964,0
R23965,0
R23966,0
R23967,0
R23968,0
R23969,0
R23970,0
R23971,0
R23972,0
R23973,0
R23974,0
R23975,0
R23976,0
R23977,0
R23978,0
R23979,0
R23980,0
R23981,0
R23982,0
R23983,0
R23984,0
R23985,0
R23986,0
R23987,0
R23988,0
R23989,0
R23990,0
R23991,0
R23992,0
R23993,0
R23994,0
R23995,0
R23996,0
R23997,0
R23998,0
R23999,0
R24000,0
R24001,0
R24002,0
R24003,0
R24004,0
R24005,0
R24006,0
R24007,0
R24008,0
R24009,0
R24010,0
R24011,0
R24012,0
R24013,0
R24014,0
R24015,0
R24016,0
R24017,0
R24018,0
R24019,0
R24020,0
R24021,0
R24022,0
R24023,0
R24024,0
R24025,0
R24026,0
R24027,0
R24028,0
R24029,0
R24030,0
R24031,0
R24032,0
R24033,0
R24034,0
R24035,0
R24036,0
R24037,0
R24038,0
R24039,0
R24040,0
R24041,0
R24042,0
R24043,0
R24044,0
R24045,0
R24046,0
R24047,0
R24048,0
R24049,0
R24050,0
R24051,0
R24052,0
R24053,0
R24054,0
R24055,0
R24056,0
R24057,0
R24058,0
R24059,0
R24060,0
R24061,0
R24062,0
R24063,0
R24064,0
R24065,0
R24066,0
R24067,0
R24068,0
R24069,0
R24070,0
R24071,0
R24072,0
R24073,0
R24074,0
R24075,0
R24076,0
R24077,0
R24078,0
R24079,0
R24080,0
R24081,0
R24082,0
R24083,0
R24084,0
R24085,0
R24086,0
R24087,0
R24088,0
R24089,0
R24090,0
R24091,0
R24092,0
R24093,0
R24094,0
R24095,0
R24096,0
R24097,0
R24098,0
R24099,0
R24100,0
R24101,0
R24102,0
R24103,0
R24104,0
R24105,0
R24106,0
R24107,0
R24108,0
R24109,0
R24110,0
R24111,0
R24112,0
R24113,0
R24114,0
R24115,0
R24116,0
R24117,0
R24118,0
R24119,0
R24120,0
R24121,0
R24122,0
R24123,0
R24124,0
R24125,0
R24126,0
R24127,0
R24128,0
R24129,0
R24130,0
R24131,0
R24132,0
R24133,0
R24134,0
R24135,0
R24136,0
R24137,0
R24138,0
R24139,0
R24140,0
R24141,0
R24142,0
R24143,0
R24144,0
R24145,0
R24146,0
R24147,0
R24148,0
R24149,0
R24150,0
R24151,0
R24152,0
R24153,0
R24154,0
R24155,0
R24156,0
R24157,0
R24158,0
R24159,0
R24160,0
R24161,0
R24162,0
R24163,0
R24164,0
R24165,0
R24166,0
R24167,0
R24168,0
R24169,0
R24170,0
R24171,0
R24172,0
R24173,0
R24174,0
R24175,0
R24176,0
R24177,0
R24178,0
R24179,0
R24180,0
R24181,0
R24182,0
R24183,0
R24184,0
R24185,0
R24186,0
R24187,0
R24188,0
R24189,0
R24190,0
R24191,0
R24192,0
R24193,0
R24194,0
R24195,0
R24196,0
R24197,0
R24198,0
R24199,0
R24200,0
R24201,0
R24202,0
R24203,0
R24204,0
R24205,0
R24206,0
R24207,0
R24208,0
R24209,0
R24210,0
R24211,0
R24212,0
R24213,0
R24214,0
R24215,0
R24216,0
R24217,0
R24218,0
R24219,0
R24220,0
R24221,0
R24222,0
R24223,0
R24224,0
R24225,0
R24226,0
R24227,0
R24228,0
R24229,0
R24230,0
R24231,0
R24232,0
R24233,0
R24234,0
R24235,0
R24236,0
R24237,0
R24238,0
R24239,0
R24240,0
R24241,0
R24242,0
R24243,0
R24244,0
R24245,0
R24246,0
R24247,0
R24248,0
R24249,0
R24250,0
R24251,0
R24252,0
R24253,0
R24254,0
R24255,0
R24256,0
R24257,0
R24258,0
R24259,0
R24260,0
R24261,0
R24262,0
R24263,0
R24264,0
R24265,0
R24266,0
R24267,0
R24268,0
R24269,0
R24270,0
R24271,0
R24272,0
R24273,0
R24274,0
R24275,0
R24276,0
R24277,0
R24278,0
R24279,0
R24280,0
R24281,0
R24282,0
R24283,0
R24284,0
R24285,0
R24286,0
R24287,0
R24288,0
R24289,0
R24290,0
R24291,0
R24292,0
R24293,0
R24294,0
R24295,0
R24296,0
R24297,0
R24298,0
R24299,0
R24300,0
R24301,0
R24302,0
R24303,0
R24304,0
R24305,0
R24306,0
R24307,0
R24308,0
R24309,0
R24310,0
R24311,0
R24312,0
R24313,0
R24314,0
R24315,0
R24316,0
R24317,0
R24318,0
R24319,0
R24320,0
R24321,0
R24322,0
R24323,0
R24324,0
R24325,0
R24326,0
R24327,0
R24328,0
R24329,0
R24330,0
R24331,0
R24332,0
R24333,0
R24334,0
R24335,0
R24336,0
R24337,0
R24338,0
R24339,0
R24340,0
R24341,0
R24342,0
R24343,0
R24344,0
R24345,0
R24346,0
R24347,0
R24348,0
R24349,0
R24350,0
R24351,0
R24352,0
R24353,0
R24354,0
R24355,0
R24356,0
R24357,0
R24358,0
R24359,0
R24360,0
R24361,0
R24362,0
R24363,0
R24364,0
R24365,0
R24366,0
R24367,0
R24368,0
R24369,0
R24370,0
R24371,0
R24372,0
R24373,0
R24374,0
R24375,0
R24376,0
R24377,0
R24378,0
R24379,0
R24380,0
R24381,0
R24382,0
R24383,0
R24384,0
R24385,0
R24386,0
R24387,0
R24388,0
R24389,0
R24390,0
R24391,0
R24392,0
R24393,0
R24394,0
R24395,0
R24396,0
R24397,0
R24398,0
R24399,0
R24400,0
R24401,0
R24402,0
R24403,0
R24404,0
R24405,0
R24406,0
R24407,0
R24408,0
R24409,0
R24410,0
R24411,0
R24412,0
R24413,0
R24414,0
R24415,0
R24416,0
R24417,0
R24418,0
R24419,0
R24420,0
R24421,0
R24422,0
R24423,0
R24424,0
R24425,0
R24426,0
R24427,0
R24428,0
R24429,0
R24430,0
R24431,0
R24432,0
R24433,0
R24434,0
R24435,0
R24436,0
R24437,0
R24438,0
R24439,0
R24440,0
R24441,0
R24442,0
R24443,0
R24444,0
R24445,0
R24446,0
R24447,0
R24448,0
R24449,0
R24450,0
R24451,0
R24452,0
R24453,0
R24454,0
R24455,0
R24456,0
R24457,0
R24458,0
R24459,0
R24460,0
R24461,0
R24462,0
R24463,0
R24464,0
R24465,0
R24466,0
R24467,0
R24468,0
R24469,0
R24470,0
R24471,0
R24472,0
R24473,0
R24474,0
R24475,0
R24476,0
R24477,0
R24478,0
R24479,0
R24480,0
R24481,0
R24482,0
R24483,0
R24484,0
R24485,0
R24486,0
R24487,0
R24488,0
R24489,0
R24490,0
R24491,0
R24492,0
R24493,0
R24494,0
R24495,0
R24496,0
R24497,0
R24498,0
R24499,0
R24500,0
R24501,0
R24502,0
R24503,0
R24504,0
R24505,0
R24506,0
R24507,0
R24508,0
R24509,0
R24510,0
R24511,0
R24512,0
R24513,0
R24514,0
R24515,0
R24516,0
R24517,0
R24518,0
R24519,0
R24520,0
R24521,0
R24522,0
R24523,0
R24524,0
R24525,0
R24526,0
R24527,0
R24528,0
R24529,0
R24530,0
R24531,0
R24532,0
R24533,0
R24534,0
R24535,0
R24536,0
R24537,0
R24538,0
R24539,0
R24540,0
R24541,0
R24542,0
R24543,0
R24544,0
R24545,0
R24546,0
R24547,0
R24548,0
R24549,0
R24550,0
R24551,0
R24552,0
R24553,0
R24554,0
R24555,0
R24556,0
R24557,0
R24558,0
R24559,0
R24560,0
R24561,0
R24562,0
R24563,0
R24564,0
R24565,0
R24566,0
R24567,0
R24568,0
R24569,0
R24570,0
R24571,0
R24572,0
R24573,0
R24574,0
R24575,0
R24576,0
R24577,0
R24578,0
R24579,0
R24580,0
R24581,0
R24582,0
R24583,0
R24584,0
R24585,0
R24586,0
R24587,0
R24588,0
R24589,0
R24590,0
R24591,0
R24592,0
R24593,0
R24594,0
R24595,0
R24596,0
R24597,0
R24598,0
R24599,0
R24600,0
R24601,0
R24602,0
R24603,0
R24604,0
R24605,0
R24606,0
R24607,0
R24608,0
R24609,0
R24610,0
R24611,0
R24612,0
R24613,0
R24614,0
R24615,0
R24616,0
R24617,0
R24618,0
R24619,0
R24620,0
R24621,0
R24622,0
R24623,0
R24624,0
R24625,0
R24626,0
R24627,0
R24628,0
R24629,0
R24630,0
R24631,0
R24632,0
R24633,0
R24634,0
R24635,0
R24636,0
R24637,0
R24638,0
R24639,0
R24640,0
R24641,0
R24642,0
R24643,0
R24644,0
R24645,0
R24646,0
R24647,0
R24648,0
R24649,0
R24650,0
R24651,0
R24652,0
R24653,0
R24654,0
R24655,0
R24656,0
R24657,0
R24658,0
R24659,0
R24660,0
R24661,0
R24662,0
R24663,0
R24664,0
R24665,0
R24666,0
R24667,0
R24668,0
R24669,0
R24670,0
R24671,0
R24672,0
R24673,0
R24674,0
R24675,0
R24676,0
R24677,0
R24678,0
R24679,0
R24680,0
R24681,0
R24682,0
R24683,0
R24684,0
R24685,0
R24686,0
R24687,0
R24688,0
R24689,0
R24690,0
R24691,0
R24692,0
R24693,0
R24694,0
R24695,0
R24696,0
R24697,0
R24698,0
R24699,0
R24700,0
R24701,0
R24702,0
R24703,0
R24704,0
R24705,0
R24706,0
R24707,0
R24708,0
R24709,0
R24710,0
R24711,0
R24712,0
R24713,0
R24714,0
R24715,0
R24716,0
R24717,0
R24718,0
R24719,0
R24720,0
R24721,0
R24722,0
R24723,0
R24724,0
R24725,0
R24726,0
R24727,0
R24728,0
R24729,0
R24730,0
R24731,0
R24732,0
R24733,0
R24734,0
R24735,0
R24736,0
R24737,0
R24738,0
R24739,0
R24740,0
R24741,0
R24742,0
R24743,0
R24744,0
R24745,0
R24746,0
R24747,0
R24748,0
R24749,0
R24750,0
R24751,0
R24752,0
R24753,0
R24754,0
R24755,0
R24756,0
R24757,0
R24758,0
R24759,0
R24760,0
R24761,0
R24762,0
R24763,0
R24764,0
R24765,0
R24766,0
R24767,0
R24768,0
R24769,0
R24770,0
R24771,0
R24772,0
R24773,0
R24774,0
R24775,0
R24776,0
R24777,0
R24778,0
R24779,0
R24780,0
R24781,0
R24782,0
R24783,0
R24784,0
R24785,0
R24786,0
R24787,0
R24788,0
R24789,0
R24790,0
R24791,0
R24792,0
R24793,0
R24794,0
R24795,0
R24796,0
R24797,0
R24798,0
R24799,0
R24800,0
R24801,0
R24802,0
R24803,0
R24804,0
R24805,0
R24806,0
R24807,0
R24808,0
R24809,0
R24810,0
R24811,0
R24812,0
R24813,0
R24814,0
R24815,0
R24816,0
R24817,0
R24818,0
R24819,0
R24820,0
R24821,0
R24822,0
R24823,0
R24824,0
R24825,0
R24826,0
R24827,0
R24828,0
R24829,0
R24830,0
R24831,0
R24832,0
R24833,0
R24834,0
R24835,0
R24836,0
R24837,0
R24838,0
R24839,0
R24840,0
R24841,0
R24842,0
R24843,0
R24844,0
R24845,0
R24846,0
R24847,0
R24848,0
R24849,0
R24850,0
R24851,0
R24852,0
R24853,0
R24854,0
R24855,0
R24856,0
R24857,0
R24858,0
R24859,0
R24860,0
R24861,0
R24862,0
R24863,0
R24864,0
R24865,0
R24866,0
R24867,0
R24868,0
R24869,0
R24870,0
R24871,0
R24872,0
R24873,0
R24874,0
R24875,0
R24876,0
R24877,0
R24878,0
R24879,0
R24880,0
R24881,0
R24882,0
R24883,0
R24884,0
R24885,0
R24886,0
R24887,0
R24888,0
R24889,0
R24890,0
R24891,0
R24892,0
R24893,0
R24894,0
R24895,0
R24896,0
R24897,0
R24898,0
R24899,0
R24900,0
R24901,0
R24902,0
R24903,0
R24904,0
R24905,0
R24906,0
R24907,0
R24908,0
R24909,0
R24910,0
R24911,0
R24912,0
R24913,0
R24914,0
R24915,0
R24916,0
R24917,0
R24918,0
R24919,0
R24920,0
R24921,0
R24922,0
R24923,0
R24924,0
R24925,0
R24926,0
R24927,0
R24928,0
R24929,0
R24930,0
R24931,0
R24932,0
R24933,0
R24934,0
R24935,0
R24936,0
R24937,0
R24938,0
R24939,0
R24940,0
R24941,0
R24942,0
R24943,0
R24944,0
R24945,0
R24946,0
R24947,0
R24948,0
R24949,0
R24950,0
R24951,0
R24952,0
R24953,0
R24954,0
R24955,0
R24956,0
R24957,0
R24958,0
R24959,0
R24960,0
R24961,0
R24962,0
R24963,0
R24964,0
R24965,0
R24966,0
R24967,0
R24968,0
R24969,0
R24970,0
R24971,0
R24972,0
R24973,0
R24974,0
R24975,0
R24976,0
R24977,0
R24978,0
R24979,0
R24980,0
R24981,0
R24982,0
R24983,0
R24984,0
R24985,0
R24986,0
R24987,0
R24988,0
R24989,0
R24990,0
R24991,0
R24992,0
R24993,0
R24994,0
R24995,0
R24996,0
R24997,0
R24998,0
R24999,0
R25000,0
R25001,0
R25002,0
R25003,0
R25004,0
R25005,0
R25006,0
R25007,0
R25008,0
R25009,0
R25010,0
R25011,0
R25012,0
R25013,0
R25014,0
R25015,0
R25016,0
R25017,0
R25018,0
R25019,0
R25020,0
R25021,0
R25022,0
R25023,0
R25024,0
R25025,0
R25026,0
R25027,0
R25028,0
R25029,0
R25030,0
R25031,0
R25032,0
R25033,0
R25034,0
R25035,0
R25036,0
R25037,0
R25038,0
R25039,0
R25040,0
R25041,0
R25042,0
R25043,0
R25044,0
R25045,0
R25046,0
R25047,0
R25048,0
R25049,0
R25050,0
R25051,0
R25052,0
R25053,0
R25054,0
R25055,0
R25056,0
R25057,0
R25058,0
R25059,0
R25060,0
R25061,0
R25062,0
R25063,0
R25064,0
R25065,0
R25066,0
R25067,0
R25068,0
R25069,0
R25070,0
R25071,0
R25072,0
R25073,0
R25074,0
R25075,0
R25076,0
R25077,0
R25078,0
R25079,0
R25080,0
R25081,0
R25082,0
R25083,0
R25084,0
R25085,0
R25086,0
R25087,0
R25088,0
R25089,0
R25090,0
R25091,0
R25092,0
R25093,0
R25094,0
R25095,0
R25096,0
R25097,0
R25098,0
R25099,0
R25100,0
R25101,0
R25102,0
R25103,0
R25104,0
R25105,0
R25106,0
R25107,0
R25108,0
R25109,0
R25110,0
R25111,0
R25112,0
R25113,0
R25114,0
R25115,0
R25116,0
R25117,0
R25118,0
R25119,0
R25120,0
R25121,0
R25122,0
R25123,0
R25124,0
R25125,0
R25126,0
R25127,0
R25128,0
R25129,0
R25130,0
R25131,0
R25132,0
R25133,0
R25134,0
R25135,0
R25136,0
R25137,0
R25138,0
R25139,0
R25140,0
R25141,0
R25142,0
R25143,0
R25144,0
R25145,0
R25146,0
R25147,0
R25148,0
R25149,0
R25150,0
R25151,0
R25152,0
R25153,0
R25154,0
R25155,0
R25156,0
R25157,0
R25158,0
R25159,0
R25160,0
R25161,0
R25162,0
R25163,0
R25164,0
R25165,0
R25166,0
R25167,0
R25168,0
R25169,0
R25170,0
R25171,0
R25172,0
R25173,0
R25174,0
R25175,0
R25176,0
R25177,0
R25178,0
R25179,0
R25180,0
R25181,0
R25182,0
R25183,0
R25184,0
R25185,0
R25186,0
R25187,0
R25188,0
R25189,0
R25190,0
R25191,0
R25192,0
R25193,0
R25194,0
R25195,0
R25196,0
R25197,0
R25198,0
R25199,0
R25200,0
R25201,0
R25202,0
R25203,0
R25204,0
R25205,0
R25206,0
R25207,0
R25208,0
R25209,0
R25210,0
R25211,0
R25212,0
R25213,0
R25214,0
R25215,0
R25216,0
R25217,0
R25218,0
R25219,0
R25220,0
R25221,0
R25222,0
R25223,0
R25224,0
R25225,0
R25226,0
R25227,0
R25228,0
R25229,0
R25230,0
R25231,0
R25232,0
R25233,0
R25234,0
R25235,0
R25236,0
R25237,0
R25238,0
R25239,0
R25240,0
R25241,0
R25242,0
R25243,0
R25244,0
R25245,0
R25246,0
R25247,0
R25248,0
R25249,0
R25250,0
R25251,0
R25252,0
R25253,0
R25254,0
R25255,0
R25256,0
R25257,0
R25258,0
R25259,0
R25260,0
R25261,0
R25262,0
R25263,0
R25264,0
R25265,0
R25266,0
R25267,0
R25268,0
R25269,0
R25270,0
R25271,0
R25272,0
R25273,0
R25274,0
R25275,0
R25276,0
R25277,0
R25278,0
R25279,0
R25280,0
R25281,0
R25282,0
R25283,0
R25284,0
R25285,0
R25286,0
R25287,0
R25288,0
R25289,0
R25290,0
R25291,0
R25292,0
R25293,0
R25294,0
R25295,0
R25296,0
R25297,0
R25298,0
R25299,0
R25300,0
R25301,0
R25302,0
R25303,0
R25304,0
R25305,0
R25306,0
R25307,0
R25308,0
R25309,0
R25310,0
R25311,0
R25312,0
R25313,0
R25314,0
R25315,0
R25316,0
R25317,0
R25318,0
R25319,0
R25320,0
R25321,0
R25322,0
R25323,0
R25324,0
R25325,0
R25326,0
R25327,0
R25328,0
R25329,0
R25330,0
R25331,0
R25332,0
R25333,0
R25334,0
R25335,0
R25336,0
R25337,0
R25338,0
R25339,0
R25340,0
R25341,0
R25342,0
R25343,0
R25344,0
R25345,0
R25346,0
R25347,0
R25348,0
R25349,0
R25350,0
R25351,0
R25352,0
R25353,0
R25354,0
R25355,0
R25356,0
R25357,0
R25358,0
R25359,0
R25360,0
R25361,0
R25362,0
R25363,0
R25364,0
R25365,0
R25366,0
R25367,0
R25368,0
R25369,0
R25370,0
R25371,0
R25372,0
R25373,0
R25374,0
R25375,0
R25376,0
R25377,0
R25378,0
R25379,0
R25380,0
R25381,0
R25382,0
R25383,0
R25384,0
R25385,0
R25386,0
R25387,0
R25388,0
R25389,0
R25390,0
R25391,0
R25392,0
R25393,0
R25394,0
R25395,0
R25396,0
R25397,0
R25398,0
R25399,0
R25400,0
R25401,0
R25402,0
R25403,0
R25404,0
R25405,0
R25406,0
R25407,0
R25408,0
R25409,0
R25410,0
R25411,0
R25412,0
R25413,0
R25414,0
R25415,0
R25416,0
R25417,0
R25418,0
R25419,0
R25420,0
R25421,0
R25422,0
R25423,0
R25424,0
R25425,0
R25426,0
R25427,0
R25428,0
R25429,0
R25430,0
R25431,0
R25432,0
R25433,0
R25434,0
R25435,0
R25436,0
R25437,0
R25438,0
R25439,0
R25440,0
R25441,0
R25442,0
R25443,0
R25444,0
R25445,0
R25446,0
R25447,0
R25448,0
R25449,0
R25450,0
R25451,0
R25452,0
R25453,0
R25454,0
R25455,0
R25456,0
R25457,0
R25458,0
R25459,0
R25460,0
R25461,0
R25462,0
R25463,0
R25464,0
R25465,0
R25466,0
R25467,0
R25468,0
R25469,0
R25470,0
R25471,0
R25472,0
R25473,0
R25474,0
R25475,0
R25476,0
R25477,0
R25478,0
R25479,0
R25480,0
R25481,0
R25482,0
R25483,0
R25484,0
R25485,0
R25486,0
R25487,0
R25488,0
R25489,0
R25490,0
R25491,0
R25492,0
R25493,0
R25494,0
R25495,0
R25496,0
R25497,0
R25498,0
R25499,0
R25500,0
R25501,0
R25502,0
R25503,0
R25504,0
R25505,0
R25506,0
R25507,0
R25508,0
R25509,0
R25510,0
R25511,0
R25512,0
R25513,0
R25514,0
R25515,0
R25516,0
R25517,0
R25518,0
R25519,0
R25520,0
R25521,0
R25522,0
R25523,0
R25524,0
R25525,0
R25526,0
R25527,0
R25528,0
R25529,0
R25530,0
R25531,0
R25532,0
R25533,0
R25534,0
R25535,0
R25536,0
R25537,0
R25538,0
R25539,0
R25540,0
R25541,0
R25542,0
R25543,0
R25544,0
R25545,0
R25546,0
R25547,0
R25548,0
R25549,0
R25550,0
R25551,0
R25552,0
R25553,0
R25554,0
R25555,0
R25556,0
R25557,0
R25558,0
R25559,0
R25560,0
R25561,0
R25562,0
R25563,0
R25564,0
R25565,0
R25566,0
R25567,0
R25568,0
R25569,0
R25570,0
R25571,0
R25572,0
R25573,0
R25574,0
R25575,0
R25576,0
R25577,0
R25578,0
R25579,0
R25580,0
R25581,0
R25582,0
R25583,0
R25584,0
R25585,0
R25586,0
R25587,0
R25588,0
R25589,0
R25590,0
R25591,0
R25592,0
R25593,0
R25594,0
R25595,0
R25596,0
R25597,0
R25598,0
R25599,0
R25600,0
R25601,0
R25602,0
R25603,0
R25604,0
R25605,0
R25606,0
R25607,0
R25608,0
R25609,0
R25610,0
R25611,0
R25612,0
R25613,0
R25614,0
R25615,0
R25616,0
R25617,0
R25618,0
R25619,0
R25620,0
R25621,0
R25622,0
R25623,0
R25624,0
R25625,0
R25626,0
R25627,0
R25628,0
R25629,0
R25630,0
R25631,0
R25632,0
R25633,0
R25634,0
R25635,0
R25636,0
R25637,0
R25638,0
R25639,0
R25640,0
R25641,0
R25642,0
R25643,0
R25644,0
R25645,0
R25646,0
R25647,0
R25648,0
R25649,0
R25650,0
R25651,0
R25652,0
R25653,0
R25654,0
R25655,0
R25656,0
R25657,0
R25658,0
R25659,0
R25660,0
R25661,0
R25662,0
R25663,0
R25664,0
R25665,0
R25666,0
R25667,0
R25668,0
R25669,0
R25670,0
R25671,0
R25672,0
R25673,0
R25674,0
R25675,0
R25676,0
R25677,0
R25678,0
R25679,0
R25680,0
R25681,0
R25682,0
R25683,0
R25684,0
R25685,0
R25686,0
R25687,0
R25688,0
R25689,0
R25690,0
R25691,0
R25692,0
R25693,0
R25694,0
R25695,0
R25696,0
R25697,0
R25698,0
R25699,0
R25700,0
R25701,0
R25702,0
R25703,0
R25704,0
R25705,0
R25706,0
R25707,0
R25708,0
R25709,0
R25710,0
R25711,0
R25712,0
R25713,0
R25714,0
R25715,0
R25716,0
R25717,0
R25718,0
R25719,0
R25720,0
R25721,0
R25722,0
R25723,0
R25724,0
R25725,0
R25726,0
R25727,0
R25728,0
R25729,0
R25730,0
R25731,0
R25732,0
R25733,0
R25734,0
R25735,0
R25736,0
R25737,0
R25738,0
R25739,0
R25740,0
R25741,0
R25742,0
R25743,0
R25744,0
R25745,0
R25746,0
R25747,0
R25748,0
R25749,0
R25750,0
R25751,0
R25752,0
R25753,0
R25754,0
R25755,0
R25756,0
R25757,0
R25758,0
R25759,0
R25760,0
R25761,0
R25762,0
R25763,0
R25764,0
R25765,0
R25766,0
R25767,0
R25768,0
R25769,0
R25770,0
R25771,0
R25772,0
R25773,0
R25774,0
R25775,0
R25776,0
R25777,0
R25778,0
R25779,0
R25780,0
R25781,0
R25782,0
R25783,0
R25784,0
R25785,0
R25786,0
R25787,0
R25788,0
R25789,0
R25790,0
R25791,0
R25792,0
R25793,0
R25794,0
R25795,0
R25796,0
R25797,0
R25798,0
R25799,0
R25800,0
R25801,0
R25802,0
R25803,0
R25804,0
R25805,0
R25806,0
R25807,0
R25808,0
R25809,0
R25810,0
R25811,0
R25812,0
R25813,0
R25814,0
R25815,0
R25816,0
R25817,0
R25818,0
R25819,0
R25820,0
R25821,0
R25822,0
R25823,0
R25824,0
R25825,0
R25826,0
R25827,0
R25828,0
R25829,0
R25830,0
R25831,0
R25832,0
R25833,0
R25834,0
R25835,0
R25836,0
R25837,0
R25838,0
R25839,0
R25840,0
R25841,0
R25842,0
R25843,0
R25844,0
R25845,0
R25846,0
R25847,0
R25848,0
R25849,0
R25850,0
R25851,0
R25852,0
R25853,0
R25854,0
R25855,0
R25856,0
R25857,0
R25858,0
R25859,0
R25860,0
R25861,0
R25862,0
R25863,0
R25864,0
R25865,0
R25866,0
R25867,0
R25868,0
R25869,0
R25870,0
R25871,0
R25872,0
R25873,0
R25874,0
R25875,0
R25876,0
R25877,0
R25878,0
R25879,0
R25880,0
R25881,0
R25882,0
R25883,0
R25884,0
R25885,0
R25886,0
R25887,0
R25888,0
R25889,0
R25890,0
R25891,0
R25892,0
R25893,0
R25894,0
R25895,0
R25896,0
R25897,0
R25898,0
R25899,0
R25900,0
R25901,0
R25902,0
R25903,0
R25904,0
R25905,0
R25906,0
R25907,0
R25908,0
R25909,0
R25910,0
R25911,0
R25912,0
R25913,0
R25914,0
R25915,0
R25916,0
R25917,0
R25918,0
R25919,0
R25920,0
R25921,0
R25922,0
R25923,0
R25924,0
R25925,0
R25926,0
R25927,0
R25928,0
R25929,0
R25930,0
R25931,0
R25932,0
R25933,0
R25934,0
R25935,0
R25936,0
R25937,0
R25938,0
R25939,0
R25940,0
R25941,0
R25942,0
R25943,0
R25944,0
R25945,0
R25946,0
R25947,0
R25948,0
R25949,0
R25950,0
R25951,0
R25952,0
R25953,0
R25954,0
R25955,0
R25956,0
R25957,0
R25958,0
R25959,0
R25960,0
R25961,0
R25962,0
R25963,0
R25964,0
R25965,0
R25966,0
R25967,0
R25968,0
R25969,0
R25970,0
R25971,0
R25972,0
R25973,0
R25974,0
R25975,0
R25976,0
R25977,0
R25978,0
R25979,0
R25980,0
R25981,0
R25982,0
R25983,0
R25984,0
R25985,0
R25986,0
R25987,0
R25988,0
R25989,0
R25990,0
R25991,0
R25992,0
R25993,0
R25994,0
R25995,0
R25996,0
R25997,0
R25998,0
R25999,0
R26000,0
R26001,0
R26002,0
R26003,0
R26004,0
R26005,0
R26006,0
R26007,0
R26008,0
R26009,0
R26010,0
R26011,0
R26012,0
R26013,0
R26014,0
R26015,0
R26016,0
R26017,0
R26018,0
R26019,0
R26020,0
R26021,0
R26022,0
R26023,0
R26024,0
R26025,0
R26026,0
R26027,0
R26028,0
R26029,0
R26030,0
R26031,0
R26032,0
R26033,0
R26034,0
R26035,0
R26036,0
R26037,0
R26038,0
R26039,0
R26040,0
R26041,0
R26042,0
R26043,0
R26044,0
R26045,0
R26046,0
R26047,0
R26048,0
R26049,0
R26050,0
R26051,0
R26052,0
R26053,0
R26054,0
R26055,0
R26056,0
R26057,0
R26058,0
R26059,0
R26060,0
R26061,0
R26062,0
R26063,0
R26064,0
R26065,0
R26066,0
R26067,0
R26068,0
R26069,0
R26070,0
R26071,0
R26072,0
R26073,0
R26074,0
R26075,0
R26076,0
R26077,0
R26078,0
R26079,0
R26080,0
R26081,0
R26082,0
R26083,0
R26084,0
R26085,0
R26086,0
R26087,0
R26088,0
R26089,0
R26090,0
R26091,0
R26092,0
R26093,0
R26094,0
R26095,0
R26096,0
R26097,0
R26098,0
R26099,0
R26100,0
R26101,0
R26102,0
R26103,0
R26104,0
R26105,0
R26106,0
R26107,0
R26108,0
R26109,0
R26110,0
R26111,0
R26112,0
R26113,0
R26114,0
R26115,0
R26116,0
R26117,0
R26118,0
R26119,0
R26120,0
R26121,0
R26122,0
R26123,0
R26124,0
R26125,0
R26126,0
R26127,0
R26128,0
R26129,0
R26130,0
R26131,0
R26132,0
R26133,0
R26134,0
R26135,0
R26136,0
R26137,0
R26138,0
R26139,0
R26140,0
R26141,0
R26142,0
R26143,0
R26144,0
R26145,0
R26146,0
R26147,0
R26148,0
R26149,0
R26150,0
R26151,0
R26152,0
R26153,0
R26154,0
R26155,0
R26156,0
R26157,0
R26158,0
R26159,0
R26160,0
R26161,0
R26162,0
R26163,0
R26164,0
R26165,0
R26166,0
R26167,0
R26168,0
R26169,0
R26170,0
R26171,0
R26172,0
R26173,0
R26174,0
R26175,0
R26176,0
R26177,0
R26178,0
R26179,0
R26180,0
R26181,0
R26182,0
R26183,0
R26184,0
R26185,0
R26186,0
R26187,0
R26188,0
R26189,0
R26190,0
R26191,0
R26192,0
R26193,0
R26194,0
R26195,0
R26196,0
R26197,0
R26198,0
R26199,0
R26200,0
R26201,0
R26202,0
R26203,0
R26204,0
R26205,0
R26206,0
R26207,0
R26208,0
R26209,0
R26210,0
R26211,0
R26212,0
R26213,0
R26214,0
R26215,0
R26216,0
R26217,0
R26218,0
R26219,0
R26220,0
R26221,0
R26222,0
R26223,0
R26224,0
R26225,0
R26226,0
R26227,0
R26228,0
R26229,0
R26230,0
R26231,0
R26232,0
R26233,0
R26234,0
R26235,0
R26236,0
R26237,0
R26238,0
R26239,0
R26240,0
R26241,0
R26242,0
R26243,0
R26244,0
R26245,0
R26246,0
R26247,0
R26248,0
R26249,0
R26250,0
R26251,0
R26252,0
R26253,0
R26254,0
R26255,0
R26256,0
R26257,0
R26258,0
R26259,0
R26260,0
R26261,0
R26262,0
R26263,0
R26264,0
R26265,0
R26266,0
R26267,0
R26268,0
R26269,0
R26270,0
R26271,0
R26272,0
R26273,0
R26274,0
R26275,0
R26276,0
R26277,0
R26278,0
R26279,0
R26280,0
R26281,0
R26282,0
R26283,0
R26284,0
R26285,0
R26286,0
R26287,0
R26288,0
R26289,0
R26290,0
R26291,0
R26292,0
R26293,0
R26294,0
R26295,0
R26296,0
R26297,0
R26298,0
R26299,0
R26300,0
R26301,0
R26302,0
R26303,0
R26304,0
R26305,0
R26306,0
R26307,0
R26308,0
R26309,0
R26310,0
R26311,0
R26312,0
R26313,0
R26314,0
R26315,0
R26316,0
R26317,0
R26318,0
R26319,0
R26320,0
R26321,0
R26322,0
R26323,0
R26324,0
R26325,0
R26326,0
R26327,0
R26328,0
R26329,0
R26330,0
R26331,0
R26332,0
R26333,0
R26334,0
R26335,0
R26336,0
R26337,0
R26338,0
R26339,0
R26340,0
R26341,0
R26342,0
R26343,0
R26344,0
R26345,0
R26346,0
R26347,0
R26348,0
R26349,0
R26350,0
R26351,0
R26352,0
R26353,0
R26354,0
R26355,0
R26356,0
R26357,0
R26358,0
R26359,0
R26360,0
R26361,0
R26362,0
R26363,0
R26364,0
R26365,0
R26366,0
R26367,0
R26368,0
R26369,0
R26370,0
R26371,0
R26372,0
R26373,0
R26374,0
R26375,0
R26376,0
R26377,0
R26378,0
R26379,0
R26380,0
R26381,0
R26382,0
R26383,0
R26384,0
R26385,0
R26386,0
R26387,0
R26388,0
R26389,0
R26390,0
R26391,0
R26392,0
R26393,0
R26394,0
R26395,0
R26396,0
R26397,0
R26398,0
R26399,0
R26400,0
R26401,0
R26402,0
R26403,0
R26404,0
R26405,0
R26406,0
R26407,0
R26408,0
R26409,0
R26410,0
R26411,0
R26412,0
R26413,0
R26414,0
R26415,0
R26416,0
R26417,0
R26418,0
R26419,0
R26420,0
R26421,0
R26422,0
R26423,0
R26424,0
R26425,0
R26426,0
R26427,0
R26428,0
R26429,0
R26430,0
R26431,0
R26432,0
R26433,0
R26434,0
R26435,0
R26436,0
R26437,0
R26438,0
R26439,0
R26440,0
R26441,0
R26442,0
R26443,0
R26444,0
R26445,0
R26446,0
R26447,0
R26448,0
R26449,0
R26450,0
R26451,0
R26452,0
R26453,0
R26454,0
R26455,0
R26456,0
R26457,0
R26458,0
R26459,0
R26460,0
R26461,0
R26462,0
R26463,0
R26464,0
R26465,0
R26466,0
R26467,0
R26468,0
R26469,0
R26470,0
R26471,0
R26472,0
R26473,0
R26474,0
R26475,0
R26476,0
R26477,0
R26478,0
R26479,0
R26480,0
R26481,0
R26482,0
R26483,0
R26484,0
R26485,0
R26486,0
R26487,0
R26488,0
R26489,0
R26490,0
R26491,0
R26492,0
R26493,0
R26494,0
R26495,0
R26496,0
R26497,0
R26498,0
R26499,0
R26500,0
R26501,0
R26502,0
R26503,0
R26504,0
R26505,0
R26506,0
R26507,0
R26508,0
R26509,0
R26510,0
R26511,0
R26512,0
R26513,0
R26514,0
R26515,0
R26516,0
R26517,0
R26518,0
R26519,0
R26520,0
R26521,0
R26522,0
R26523,0
R26524,0
R26525,0
R26526,0
R26527,0
R26528,0
R26529,0
R26530,0
R26531,0
R26532,0
R26533,0
R26534,0
R26535,0
R26536,0
R26537,0
R26538,0
R26539,0
R26540,0
R26541,0
R26542,0
R26543,0
R26544,0
R26545,0
R26546,0
R26547,0
R26548,0
R26549,0
R26550,0
R26551,0
R26552,0
R26553,0
R26554,0
R26555,0
R26556,0
R26557,0
R26558,0
R26559,0
R26560,0
R26561,0
R26562,0
R26563,0
R26564,0
R26565,0
R26566,0
R26567,0
R26568,0
R26569,0
R26570,0
R26571,0
R26572,0
R26573,0
R26574,0
R26575,0
R26576,0
R26577,0
R26578,0
R26579,0
R26580,0
R26581,0
R26582,0
R26583,0
R26584,0
R26585,0
R26586,0
R26587,0
R26588,0
R26589,0
R26590,0
R26591,0
R26592,0
R26593,0
R26594,0
R26595,0
R26596,0
R26597,0
R26598,0
R26599,0
R26600,0
R26601,0
R26602,0
R26603,0
R26604,0
R26605,0
R26606,0
R26607,0
R26608,0
R26609,0
R26610,0
R26611,0
R26612,0
R26613,0
R26614,0
R26615,0
R26616,0
R26617,0
R26618,0
R26619,0
R26620,0
R26621,0
R26622,0
R26623,0
R26624,0
R26625,0
R26626,0
R26627,0
R26628,0
R26629,0
R26630,0
R26631,0
R26632,0
R26633,0
R26634,0
R26635,0
R26636,0
R26637,0
R26638,0
R26639,0
R26640,0
R26641,0
R26642,0
R26643,0
R26644,0
R26645,0
R26646,0
R26647,0
R26648,0
R26649,0
R26650,0
R26651,0
R26652,0
R26653,0
R26654,0
R26655,0
R26656,0
R26657,0
R26658,0
R26659,0
R26660,0
R26661,0
R26662,0
R26663,0
R26664,0
R26665,0
R26666,0
R26667,0
R26668,0
R26669,0
R26670,0
R26671,0
R26672,0
R26673,0
R26674,0
R26675,0
R26676,0
R26677,0
R26678,0
R26679,0
R26680,0
R26681,0
R26682,0
R26683,0
R26684,0
R26685,0
R26686,0
R26687,0
R26688,0
R26689,0
R26690,0
R26691,0
R26692,0
R26693,0
R26694,0
R26695,0
R26696,0
R26697,0
R26698,0
R26699,0
R26700,0
R26701,0
R26702,0
R26703,0
R26704,0
R26705,0
R26706,0
R26707,0
R26708,0
R26709,0
R26710,0
R26711,0
R26712,0
R26713,0
R26714,0
R26715,0
R26716,0
R26717,0
R26718,0
R26719,0
R26720,0
R26721,0
R26722,0
R26723,0
R26724,0
R26725,0
R26726,0
R26727,0
R26728,0
R26729,0
R26730,0
R26731,0
R26732,0
R26733,0
R26734,0
R26735,0
R26736,0
R26737,0
R26738,0
R26739,0
R26740,0
R26741,0
R26742,0
R26743,0
R26744,0
R26745,0
R26746,0
R26747,0
R26748,0
R26749,0
R26750,0
R26751,0
R26752,0
R26753,0
R26754,0
R26755,0
R26756,0
R26757,0
R26758,0
R26759,0
R26760,0
R26761,0
R26762,0
R26763,0
R26764,0
R26765,0
R26766,0
R26767,0
R26768,0
R26769,0
R26770,0
R26771,0
R26772,0
R26773,0
R26774,0
R26775,0
R26776,0
R26777,0
R26778,0
R26779,0
R26780,0
R26781,0
R26782,0
R26783,0
R26784,0
R26785,0
R26786,0
R26787,0
R26788,0
R26789,0
R26790,0
R26791,0
R26792,0
R26793,0
R26794,0
R26795,0
R26796,0
R26797,0
R26798,0
R26799,0
R26800,0
R26801,0
R26802,0
R26803,0
R26804,0
R26805,0
R26806,0
R26807,0
R26808,0
R26809,0
R26810,0
R26811,0
R26812,0
R26813,0
R26814,0
R26815,0
R26816,0
R26817,0
R26818,0
R26819,0
R26820,0
R26821,0
R26822,0
R26823,0
R26824,0
R26825,0
R26826,0
R26827,0
R26828,0
R26829,0
R26830,0
R26831,0
R26832,0
R26833,0
R26834,0
R26835,0
R26836,0
R26837,0
R26838,0
R26839,0
R26840,0
R26841,0
R26842,0
R26843,0
R26844,0
R26845,0
R26846,0
R26847,0
R26848,0
R26849,0
R26850,0
R26851,0
R26852,0
R26853,0
R26854,0
R26855,0
R26856,0
R26857,0
R26858,0
R26859,0
R26860,0
R26861,0
R26862,0
R26863,0
R26864,0
R26865,0
R26866,0
R26867,0
R26868,0
R26869,0
R26870,0
R26871,0
R26872,0
R26873,0
R26874,0
R26875,0
R26876,0
R26877,0
R26878,0
R26879,0
R26880,0
R26881,0
R26882,0
R26883,0
R26884,0
R26885,0
R26886,0
R26887,0
R26888,0
R26889,0
R26890,0
R26891,0
R26892,0
R26893,0
R26894,0
R26895,0
R26896,0
R26897,0
R26898,0
R26899,0
R26900,0
R26901,0
R26902,0
R26903,0
R26904,0
R26905,0
R26906,0
R26907,0
R26908,0
R26909,0
R26910,0
R26911,0
R26912,0
R26913,0
R26914,0
R26915,0
R26916,0
R26917,0
R26918,0
R26919,0
R26920,0
R26921,0
R26922,0
R26923,0
R26924,0
R26925,0
R26926,0
R26927,0
R26928,0
R26929,0
R26930,0
R26931,0
R26932,0
R26933,0
R26934,0
R26935,0
R26936,0
R26937,0
R26938,0
R26939,0
R26940,0
R26941,0
R26942,0
R26943,0
R26944,0
R26945,0
R26946,0
R26947,0
R26948,0
R26949,0
R26950,0
R26951,0
R26952,0
R26953,0
R26954,0
R26955,0
R26956,0
R26957,0
R26958,0
R26959,0
R26960,0
R26961,0
R26962,0
R26963,0
R26964,0
R26965,0
R26966,0
R26967,0
R26968,0
R26969,0
R26970,0
R26971,0
R26972,0
R26973,0
R26974,0
R26975,0
R26976,0
R26977,0
R26978,0
R26979,0
R26980,0
R26981,0
R26982,0
R26983,0
R26984,0
R26985,0
R26986,0
R26987,0
R26988,0
R26989,0
R26990,0
R26991,0
R26992,0
R26993,0
R26994,0
R26995,0
R26996,0
R26997,0
R26998,0
R26999,0
R27000,0
R27001,0
R27002,0
R27003,0
R27004,0
R27005,0
R27006,0
R27007,0
R27008,0
R27009,0
R27010,0
R27011,0
R27012,0
R27013,0
R27014,0
R27015,0
R27016,0
R27017,0
R27018,0
R27019,0
R27020,0
R27021,0
R27022,0
R27023,0
R27024,0
R27025,0
R27026,0
R27027,0
R27028,0
R27029,0
R27030,0
R27031,0
R27032,0
R27033,0
R27034,0
R27035,0
R27036,0
R27037,0
R27038,0
R27039,0
R27040,0
R27041,0
R27042,0
R27043,0
R27044,0
R27045,0
R27046,0
R27047,0
R27048,0
R27049,0
R27050,0
R27051,0
R27052,0
R27053,0
R27054,0
R27055,0
R27056,0
R27057,0
R27058,0
R27059,0
R27060,0
R27061,0
R27062,0
R27063,0
R27064,0
R27065,0
R27066,0
R27067,0
R27068,0
R27069,0
R27070,0
R27071,0
R27072,0
R27073,0
R27074,0
R27075,0
R27076,0
R27077,0
R27078,0
R27079,0
R27080,0
R27081,0
R27082,0
R27083,0
R27084,0
R27085,0
R27086,0
R27087,0
R27088,0
R27089,0
R27090,0
R27091,0
R27092,0
R27093,0
R27094,0
R27095,0
R27096,0
R27097,0
R27098,0
R27099,0
R27100,0
R27101,0
R27102,0
R27103,0
R27104,0
R27105,0
R27106,0
R27107,0
R27108,0
R27109,0
R27110,0
R27111,0
R27112,0
R27113,0
R27114,0
R27115,0
R27116,0
R27117,0
R27118,0
R27119,0
R27120,0
R27121,0
R27122,0
R27123,0
R27124,0
R27125,0
R27126,0
R27127,0
R27128,0
R27129,0
R27130,0
R27131,0
R27132,0
R27133,0
R27134,0
R27135,0
R27136,0
R27137,0
R27138,0
R27139,0
R27140,0
R27141,0
R27142,0
R27143,0
R27144,0
R27145,0
R27146,0
R27147,0
R27148,0
R27149,0
R27150,0
R27151,0
R27152,0
R27153,0
R27154,0
R27155,0
R27156,0
R27157,0
R27158,0
R27159,0
R27160,0
R27161,0
R27162,0
R27163,0
R27164,0
R27165,0
R27166,0
R27167,0
R27168,0
R27169,0
R27170,0
R27171,0
R27172,0
R27173,0
R27174,0
R27175,0
R27176,0
R27177,0
R27178,0
R27179,0
R27180,0
R27181,0
R27182,0
R27183,0
R27184,0
R27185,0
R27186,0
R27187,0
R27188,0
R27189,0
R27190,0
R27191,0
R27192,0
R27193,0
R27194,0
R27195,0
R27196,0
R27197,0
R27198,0
R27199,0
R27200,0
R27201,0
R27202,0
R27203,0
R27204,0
R27205,0
R27206,0
R27207,0
R27208,0
R27209,0
R27210,0
R27211,0
R27212,0
R27213,0
R27214,0
R27215,0
R27216,0
R27217,0
R27218,0
R27219,0
R27220,0
R27221,0
R27222,0
R27223,0
R27224,0
R27225,0
R27226,0
R27227,0
R27228,0
R27229,0
R27230,0
R27231,0
R27232,0
R27233,0
R27234,0
R27235,0
R27236,0
R27237,0
R27238,0
R27239,0
R27240,0
R27241,0
R27242,0
R27243,0
R27244,0
R27245,0
R27246,0
R27247,0
R27248,0
R27249,0
R27250,0
R27251,0
R27252,0
R27253,0
R27254,0
R27255,0
R27256,0
R27257,0
R27258,0
R27259,0
R27260,0
R27261,0
R27262,0
R27263,0
R27264,0
R27265,0
R27266,0
R27267,0
R27268,0
R27269,0
R27270,0
R27271,0
R27272,0
R27273,0
R27274,0
R27275,0
R27276,0
R27277,0
R27278,0
R27279,0
R27280,0
R27281,0
R27282,0
R27283,0
R27284,0
R27285,0
R27286,0
R27287,0
R27288,0
R27289,0
R27290,0
R27291,0
R27292,0
R27293,0
R27294,0
R27295,0
R27296,0
R27297,0
R27298,0
R27299,0
R27300,0
R27301,0
R27302,0
R27303,0
R27304,0
R27305,0
R27306,0
R27307,0
R27308,0
R27309,0
R27310,0
R27311,0
R27312,0
R27313,0
R27314,0
R27315,0
R27316,0
R27317,0
R27318,0
R27319,0
R27320,0
R27321,0
R27322,0
R27323,0
R27324,0
R27325,0
R27326,0
R27327,0
R27328,0
R27329,0
R27330,0
R27331,0
R27332,0
R27333,0
R27334,0
R27335,0
R27336,0
R27337,0
R27338,0
R27339,0
R27340,0
R27341,0
R27342,0
R27343,0
R27344,0
R27345,0
R27346,0
R27347,0
R27348,0
R27349,0
R27350,0
R27351,0
R27352,0
R27353,0
R27354,0
R27355,0
R27356,0
R27357,0
R27358,0
R27359,0
R27360,0
R27361,0
R27362,0
R27363,0
R27364,0
R27365,0
R27366,0
R27367,0
R27368,0
R27369,0
R27370,0
R27371,0
R27372,0
R27373,0
R27374,0
R27375,0
R27376,0
R27377,0
R27378,0
R27379,0
R27380,0
R27381,0
R27382,0
R27383,0
R27384,0
R27385,0
R27386,0
R27387,0
R27388,0
R27389,0
R27390,0
R27391,0
R27392,0
R27393,0
R27394,0
R27395,0
R27396,0
R27397,0
R27398,0
R27399,0
R27400,0
R27401,0
R27402,0
R27403,0
R27404,0
R27405,0
R27406,0
R27407,0
R27408,0
R27409,0
R27410,0
R27411,0
R27412,0
R27413,0
R27414,0
R27415,0
R27416,0
R27417,0
R27418,0
R27419,0
R27420,0
R27421,0
R27422,0
R27423,0
R27424,0
R27425,0
R27426,0
R27427,0
R27428,0
R27429,0
R27430,0
R27431,0
R27432,0
R27433,0
R27434,0
R27435,0
R27436,0
R27437,0
R27438,0
R27439,0
R27440,0
R27441,0
R27442,0
R27443,0
R27444,0
R27445,0
R27446,0
R27447,0
R27448,0
R27449,0
R27450,0
R27451,0
R27452,0
R27453,0
R27454,0
R27455,0
R27456,0
R27457,0
R27458,0
R27459,0
R27460,0
R27461,0
R27462,0
R27463,0
R27464,0
R27465,0
R27466,0
R27467,0
R27468,0
R27469,0
R27470,0
R27471,0
R27472,0
R27473,0
R27474,0
R27475,0
R27476,0
R27477,0
R27478,0
R27479,0
R27480,0
R27481,0
R27482,0
R27483,0
R27484,0
R27485,0
R27486,0
R27487,0
R27488,0
R27489,0
R27490,0
R27491,0
R27492,0
R27493,0
R27494,0
R27495,0
R27496,0
R27497,0
R27498,0
R27499,0
R27500,0
R27501,0
R27502,0
R27503,0
R27504,0
R27505,0
R27506,0
R27507,0
R27508,0
R27509,0
R27510,0
R27511,0
R27512,0
R27513,0
R27514,0
R27515,0
R27516,0
R27517,0
R27518,0
R27519,0
R27520,0
R27521,0
R27522,0
R27523,0
R27524,0
R27525,0
R27526,0
R27527,0
R27528,0
R27529,0
R27530,0
R27531,0
R27532,0
R27533,0
R27534,0
R27535,0
R27536,0
R27537,0
R27538,0
R27539,0
R27540,0
R27541,0
R27542,0
R27543,0
R27544,0
R27545,0
R27546,0
R27547,0
R27548,0
R27549,0
R27550,0
R27551,0
R27552,0
R27553,0
R27554,0
R27555,0
R27556,0
R27557,0
R27558,0
R27559,0
R27560,0
R27561,0
R27562,0
R27563,0
R27564,0
R27565,0
R27566,0
R27567,0
R27568,0
R27569,0
R27570,0
R27571,0
R27572,0
R27573,0
R27574,0
R27575,0
R27576,0
R27577,0
R27578,0
R27579,0
R27580,0
R27581,0
R27582,0
R27583,0
R27584,0
R27585,0
R27586,0
R27587,0
R27588,0
R27589,0
R27590,0
R27591,0
R27592,0
R27593,0
R27594,0
R27595,0
R27596,0
R27597,0
R27598,0
R27599,0
R27600,0
R27601,0
R27602,0
R27603,0
R27604,0
R27605,0
R27606,0
R27607,0
R27608,0
R27609,0
R27610,0
R27611,0
R27612,0
R27613,0
R27614,0
R27615,0
R27616,0
R27617,0
R27618,0
R27619,0
R27620,0
R27621,0
R27622,0
R27623,0
R27624,0
R27625,0
R27626,0
R27627,0
R27628,0
R27629,0
R27630,0
R27631,0
R27632,0
R27633,0
R27634,0
R27635,0
R27636,0
R27637,0
R27638,0
R27639,0
R27640,0
R27641,0
R27642,0
R27643,0
R27644,0
R27645,0
R27646,0
R27647,0
R27648,0
R27649,0
R27650,0
R27651,0
R27652,0
R27653,0
R27654,0
R27655,0
R27656,0
R27657,0
R27658,0
R27659,0
R27660,0
R27661,0
R27662,0
R27663,0
R27664,0
R27665,0
R27666,0
R27667,0
R27668,0
R27669,0
R27670,0
R27671,0
R27672,0
R27673,0
R27674,0
R27675,0
R27676,0
R27677,0
R27678,0
R27679,0
R27680,0
R27681,0
R27682,0
R27683,0
R27684,0
R27685,0
R27686,0
R27687,0
R27688,0
R27689,0
R27690,0
R27691,0
R27692,0
R27693,0
R27694,0
R27695,0
R27696,0
R27697,0
R27698,0
R27699,0
R27700,0
R27701,0
R27702,0
R27703,0
R27704,0
R27705,0
R27706,0
R27707,0
R27708,0
R27709,0
R27710,0
R27711,0
R27712,0
R27713,0
R27714,0
R27715,0
R27716,0
R27717,0
R27718,0
R27719,0
R27720,0
R27721,0
R27722,0
R27723,0
R27724,0
R27725,0
R27726,0
R27727,0
R27728,0
R27729,0
R27730,0
R27731,0
R27732,0
R27733,0
R27734,0
R27735,0
R27736,0
R27737,0
R27738,0
R27739,0
R27740,0
R27741,0
R27742,0
R27743,0
R27744,0
R27745,0
R27746,0
R27747,0
R27748,0
R27749,0
R27750,0
R27751,0
R27752,0
R27753,0
R27754,0
R27755,0
R27756,0
R27757,0
R27758,0
R27759,0
R27760,0
R27761,0
R27762,0
R27763,0
R27764,0
R27765,0
R27766,0
R27767,0
R27768,0
R27769,0
R27770,0
R27771,0
R27772,0
R27773,0
R27774,0
R27775,0
R27776,0
R27777,0
R27778,0
R27779,0
R27780,0
R27781,0
R27782,0
R27783,0
R27784,0
R27785,0
R27786,0
R27787,0
R27788,0
R27789,0
R27790,0
R27791,0
R27792,0
R27793,0
R27794,0
R27795,0
R27796,0
R27797,0
R27798,0
R27799,0
R27800,0
R27801,0
R27802,0
R27803,0
R27804,0
R27805,0
R27806,0
R27807,0
R27808,0
R27809,0
R27810,0
R27811,0
R27812,0
R27813,0
R27814,0
R27815,0
R27816,0
R27817,0
R27818,0
R27819,0
R27820,0
R27821,0
R27822,0
R27823,0
R27824,0
R27825,0
R27826,0
R27827,0
R27828,0
R27829,0
R27830,0
R27831,0
R27832,0
R27833,0
R27834,0
R27835,0
R27836,0
R27837,0
R27838,0
R27839,0
R27840,0
R27841,0
R27842,0
R27843,0
R27844,0
R27845,0
R27846,0
R27847,0
R27848,0
R27849,0
R27850,0
R27851,0
R27852,0
R27853,0
R27854,0
R27855,0
R27856,0
R27857,0
R27858,0
R27859,0
R27860,0
R27861,0
R27862,0
R27863,0
R27864,0
R27865,0
R27866,0
R27867,0
R27868,0
R27869,0
R27870,0
R27871,0
R27872,0
R27873,0
R27874,0
R27875,0
R27876,0
R27877,0
R27878,0
R27879,0
R27880,0
R27881,0
R27882,0
R27883,0
R27884,0
R27885,0
R27886,0
R27887,0
R27888,0
R27889,0
R27890,0
R27891,0
R27892,0
R27893,0
R27894,0
R27895,0
R27896,0
R27897,0
R27898,0
R27899,0
R27900,0
R27901,0
R27902,0
R27903,0
R27904,0
R27905,0
R27906,0
R27907,0
R27908,0
R27909,0
R27910,0
R27911,0
R27912,0
R27913,0
R27914,0
R27915,0
R27916,0
R27917,0
R27918,0
R27919,0
R27920,0
R27921,0
R27922,0
R27923,0
R27924,0
R27925,0
R27926,0
R27927,0
R27928,0
R27929,0
R27930,0
R27931,0
R27932,0
R27933,0
R27934,0
R27935,0
R27936,0
R27937,0
R27938,0
R27939,0
R27940,0
R27941,0
R27942,0
R27943,0
R27944,0
R27945,0
R27946,0
R27947,0
R27948,0
R27949,0
R27950,0
R27951,0
R27952,0
R27953,0
R27954,0
R27955,0
R27956,0
R27957,0
R27958,0
R27959,0
R27960,0
R27961,0
R27962,0
R27963,0
R27964,0
R27965,0
R27966,0
R27967,0
R27968,0
R27969,0
R27970,0
R27971,0
R27972,0
R27973,0
R27974,0
R27975,0
R27976,0
R27977,0
R27978,0
R27979,0
R27980,0
R27981,0
R27982,0
R27983,0
R27984,0
R27985,0
R27986,0
R27987,0
R27988,0
R27989,0
R27990,0
R27991,0
R27992,0
R27993,0
R27994,0
R27995,0
R27996,0
R27997,0
R27998,0
R27999,0
R28000,0
R28001,0
R28002,0
R28003,0
R28004,0
R28005,0
R28006,0
R28007,0
R28008,0
R28009,0
R28010,0
R28011,0
R28012,0
R28013,0
R28014,0
R28015,0
R28016,0
R28017,0
R28018,0
R28019,0
R28020,0
R28021,0
R28022,0
R28023,0
R28024,0
R28025,0
R28026,0
R28027,0
R28028,0
R28029,0
R28030,0
R28031,0
R28032,0
R28033,0
R28034,0
R28035,0
R28036,0
R28037,0
R28038,0
R28039,0
R28040,0
R28041,0
R28042,0
R28043,0
R28044,0
R28045,0
R28046,0
R28047,0
R28048,0
R28049,0
R28050,0
R28051,0
R28052,0
R28053,0
R28054,0
R28055,0
R28056,0
R28057,0
R28058,0
R28059,0
R28060,0
R28061,0
R28062,0
R28063,0
R28064,0
R28065,0
R28066,0
R28067,0
R28068,0
R28069,0
R28070,0
R28071,0
R28072,0
R28073,0
R28074,0
R28075,0
R28076,0
R28077,0
R28078,0
R28079,0
R28080,0
R28081,0
R28082,0
R28083,0
R28084,0
R28085,0
R28086,0
R28087,0
R28088,0
R28089,0
R28090,0
R28091,0
R28092,0
R28093,0
R28094,0
R28095,0
R28096,0
R28097,0
R28098,0
R28099,0
R28100,0
R28101,0
R28102,0
R28103,0
R28104,0
R28105,0
R28106,0
R28107,0
R28108,0
R28109,0
R28110,0
R28111,0
R28112,0
R28113,0
R28114,0
R28115,0
R28116,0
R28117,0
R28118,0
R28119,0
R28120,0
R28121,0
R28122,0
R28123,0
R28124,0
R28125,0
R28126,0
R28127,0
R28128,0
R28129,0
R28130,0
R28131,0
R28132,0
R28133,0
R28134,0
R28135,0
R28136,0
R28137,0
R28138,0
R28139,0
R28140,0
R28141,0
R28142,0
R28143,0
R28144,0
R28145,0
R28146,0
R28147,0
R28148,0
R28149,0
R28150,0
R28151,0
R28152,0
R28153,0
R28154,0
R28155,0
R28156,0
R28157,0
R28158,0
R28159,0
R28160,0
R28161,0
R28162,0
R28163,0
R28164,0
R28165,0
R28166,0
R28167,0
R28168,0
R28169,0
R28170,0
R28171,0
R28172,0
R28173,0
R28174,0
R28175,0
R28176,0
R28177,0
R28178,0
R28179,0
R28180,0
R28181,0
R28182,0
R28183,0
R28184,0
R28185,0
R28186,0
R28187,0
R28188,0
R28189,0
R28190,0
R28191,0
R28192,0
R28193,0
R28194,0
R28195,0
R28196,0
R28197,0
R28198,0
R28199,0
R28200,0
R28201,0
R28202,0
R28203,0
R28204,0
R28205,0
R28206,0
R28207,0
R28208,0
R28209,0
R28210,0
R28211,0
R28212,0
R28213,0
R28214,0
R28215,0
R28216,0
R28217,0
R28218,0
R28219,0
R28220,0
R28221,0
R28222,0
R28223,0
R28224,0
R28225,0
R28226,0
R28227,0
R28228,0
R28229,0
R28230,0
R28231,0
R28232,0
R28233,0
R28234,0
R28235,0
R28236,0
R28237,0
R28238,0
R28239,0
R28240,0
R28241,0
R28242,0
R28243,0
R28244,0
R28245,0
R28246,0
R28247,0
R28248,0
R28249,0
R28250,0
R28251,0
R28252,0
R28253,0
R28254,0
R28255,0
R28256,0
R28257,0
R28258,0
R28259,0
R28260,0
R28261,0
R28262,0
R28263,0
R28264,0
R28265,0
R28266,0
R28267,0
R28268,0
R28269,0
R28270,0
R28271,0
R28272,0
R28273,0
R28274,0
R28275,0
R28276,0
R28277,0
R28278,0
R28279,0
R28280,0
R28281,0
R28282,0
R28283,0
R28284,0
R28285,0
R28286,0
R28287,0
R28288,0
R28289,0
R28290,0
R28291,0
R28292,0
R28293,0
R28294,0
R28295,0
R28296,0
R28297,0
R28298,0
R28299,0
R28300,0
R28301,0
R28302,0
R28303,0
R28304,0
R28305,0
R28306,0
R28307,0
R28308,0
R28309,0
R28310,0
R28311,0
R28312,0
R28313,0
R28314,0
R28315,0
R28316,0
R28317,0
R28318,0
R28319,0
R28320,0
R28321,0
R28322,0
R28323,0
R28324,0
R28325,0
R28326,0
R28327,0
R28328,0
R28329,0
R28330,0
R28331,0
R28332,0
R28333,0
R28334,0
R28335,0
R28336,0
R28337,0
R28338,0
R28339,0
R28340,0
R28341,0
R28342,0
R28343,0
R28344,0
R28345,0
R28346,0
R28347,0
R28348,0
R28349,0
R28350,0
R28351,0
R28352,0
R28353,0
R28354,0
R28355,0
R28356,0
R28357,0
R28358,0
R28359,0
R28360,0
R28361,0
R28362,0
R28363,0
R28364,0
R28365,0
R28366,0
R28367,0
R28368,0
R28369,0
R28370,0
R28371,0
R28372,0
R28373,0
R28374,0
R28375,0
R28376,0
R28377,0
R28378,0
R28379,0
R28380,0
R28381,0
R28382,0
R28383,0
R28384,0
R28385,0
R28386,0
R28387,0
R28388,0
R28389,0
R28390,0
R28391,0
R28392,0
R28393,0
R28394,0
R28395,0
R28396,0
R28397,0
R28398,0
R28399,0
R28400,0
R28401,0
R28402,0
R28403,0
R28404,0
R28405,0
R28406,0
R28407,0
R28408,0
R28409,0
R28410,0
R28411,0
R28412,0
R28413,0
R28414,0
R28415,0
R28416,0
R28417,0
R28418,0
R28419,0
R28420,0
R28421,0
R28422,0
R28423,0
R28424,0
R28425,0
R28426,0
R28427,0
R28428,0
R28429,0
R28430,0
R28431,0
R28432,0
R28433,0
R28434,0
R28435,0
R28436,0
R28437,0
R28438,0
R28439,0
R28440,0
R28441,0
R28442,0
R28443,0
R28444,0
R28445,0
R28446,0
R28447,0
R28448,0
R28449,0
R28450,0
R28451,0
R28452,0
R28453,0
R28454,0
R28455,0
R28456,0
R28457,0
R28458,0
R28459,0
R28460,0
R28461,0
R28462,0
R28463,0
R28464,0
R28465,0
R28466,0
R28467,0
R28468,0
R28469,0
R28470,0
R28471,0
R28472,0
R28473,0
R28474,0
R28475,0
R28476,0
R28477,0
R28478,0
R28479,0
R28480,0
R28481,0
R28482,0
R28483,0
R28484,0
R28485,0
R28486,0
R28487,0
R28488,0
R28489,0
R28490,0
R28491,0
R28492,0
R28493,0
R28494,0
R28495,0
R28496,0
R28497,0
R28498,0
R28499,0
R28500,0
R28501,0
R28502,0
R28503,0
R28504,0
R28505,0
R28506,0
R28507,0
R28508,0
R28509,0
R28510,0
R28511,0
R28512,0
R28513,0
R28514,0
R28515,0
R28516,0
R28517,0
R28518,0
R28519,0
R28520,0
R28521,0
R28522,0
R28523,0
R28524,0
R28525,0
R28526,0
R28527,0
R28528,0
R28529,0
R28530,0
R28531,0
R28532,0
R28533,0
R28534,0
R28535,0
R28536,0
R28537,0
R28538,0
R28539,0
R28540,0
R28541,0
R28542,0
R28543,0
R28544,0
R28545,0
R28546,0
R28547,0
R28548,0
R28549,0
R28550,0
R28551,0
R28552,0
R28553,0
R28554,0
R28555,0
R28556,0
R28557,0
R28558,0
R28559,0
R28560,0
R28561,0
R28562,0
R28563,0
R28564,0
R28565,0
R28566,0
R28567,0
R28568,0
R28569,0
R28570,0
R28571,0
R28572,0
R28573,0
R28574,0
R28575,0
R28576,0
R28577,0
R28578,0
R28579,0
R28580,0
R28581,0
R28582,0
R28583,0
R28584,0
R28585,0
R28586,0
R28587,0
R28588,0
R28589,0
R28590,0
R28591,0
R28592,0
R28593,0
R28594,0
R28595,0
R28596,0
R28597,0
R28598,0
R28599,0
R28600,0
R28601,0
R28602,0
R28603,0
R28604,0
R28605,0
R28606,0
R28607,0
R28608,0
R28609,0
R28610,0
R28611,0
R28612,0
R28613,0
R28614,0
R28615,0
R28616,0
R28617,0
R28618,0
R28619,0
R28620,0
R28621,0
R28622,0
R28623,0
R28624,0
R28625,0
R28626,0
R28627,0
R28628,0
R28629,0
R28630,0
R28631,0
R28632,0
R28633,0
R28634,0
R28635,0
R28636,0
R28637,0
R28638,0
R28639,0
R28640,0
R28641,0
R28642,0
R28643,0
R28644,0
R28645,0
R28646,0
R28647,0
R28648,0
R28649,0
R28650,0
R28651,0
R28652,0
R28653,0
R28654,0
R28655,0
R28656,0
R28657,0
R28658,0
R28659,0
R28660,0
R28661,0
R28662,0
R28663,0
R28664,0
R28665,0
R28666,0
R28667,0
R28668,0
R28669,0
R28670,0
R28671,0
R28672,0
R28673,0
R28674,0
R28675,0
R28676,0
R28677,0
R28678,0
R28679,0
R28680,0
R28681,0
R28682,0
R28683,0
R28684,0
R28685,0
R28686,0
R28687,0
R28688,0
R28689,0
R28690,0
R28691,0
R28692,0
R28693,0
R28694,0
R28695,0
R28696,0
R28697,0
R28698,0
R28699,0
R28700,0
R28701,0
R28702,0
R28703,0
R28704,0
R28705,0
R28706,0
R28707,0
R28708,0
R28709,0
R28710,0
R28711,0
R28712,0
R28713,0
R28714,0
R28715,0
R28716,0
R28717,0
R28718,0
R28719,0
R28720,0
R28721,0
R28722,0
R28723,0
R28724,0
R28725,0
R28726,0
R28727,0
R28728,0
R28729,0
R28730,0
R28731,0
R28732,0
R28733,0
R28734,0
R28735,0
R28736,0
R28737,0
R28738,0
R28739,0
R28740,0
R28741,0
R28742,0
R28743,0
R28744,0
R28745,0
R28746,0
R28747,0
R28748,0
R28749,0
R28750,0
R28751,0
R28752,0
R28753,0
R28754,0
R28755,0
R28756,0
R28757,0
R28758,0
R28759,0
R28760,0
R28761,0
R28762,0
R28763,0
R28764,0
R28765,0
R28766,0
R28767,0
R28768,0
R28769,0
R28770,0
R28771,0
R28772,0
R28773,0
R28774,0
R28775,0
R28776,0
R28777,0
R28778,0
R28779,0
R28780,0
R28781,0
R28782,0
R28783,0
R28784,0
R28785,0
R28786,0
R28787,0
R28788,0
R28789,0
R28790,0
R28791,0
R28792,0
R28793,0
R28794,0
R28795,0
R28796,0
R28797,0
R28798,0
R28799,0
R28800,0
R28801,0
R28802,0
R28803,0
R28804,0
R28805,0
R28806,0
R28807,0
R28808,0
R28809,0
R28810,0
R28811,0
R28812,0
R28813,0
R28814,0
R28815,0
R28816,0
R28817,0
R28818,0
R28819,0
R28820,0
R28821,0
R28822,0
R28823,0
R28824,0
R28825,0
R28826,0
R28827,0
R28828,0
R28829,0
R28830,0
R28831,0
R28832,0
R28833,0
R28834,0
R28835,0
R28836,0
R28837,0
R28838,0
R28839,0
R28840,0
R28841,0
R28842,0
R28843,0
R28844,0
R28845,0
R28846,0
R28847,0
R28848,0
R28849,0
R28850,0
R28851,0
R28852,0
R28853,0
R28854,0
R28855,0
R28856,0
R28857,0
R28858,0
R28859,0
R28860,0
R28861,0
R28862,0
R28863,0
R28864,0
R28865,0
R28866,0
R28867,0
R28868,0
R28869,0
R28870,0
R28871,0
R28872,0
R28873,0
R28874,0
R28875,0
R28876,0
R28877,0
R28878,0
R28879,0
R28880,0
R28881,0
R28882,0
R28883,0
R28884,0
R28885,0
R28886,0
R28887,0
R28888,0
R28889,0
R28890,0
R28891,0
R28892,0
R28893,0
R28894,0
R28895,0
R28896,0
R28897,0
R28898,0
R28899,0
R28900,0
R28901,0
R28902,0
R28903,0
R28904,0
R28905,0
R28906,0
R28907,0
R28908,0
R28909,0
R28910,0
R28911,0
R28912,0
R28913,0
R28914,0
R28915,0
R28916,0
R28917,0
R28918,0
R28919,0
R28920,0
R28921,0
R28922,0
R28923,0
R28924,0
R28925,0
R28926,0
R28927,0
R28928,0
R28929,0
R28930,0
R28931,0
R28932,0
R28933,0
R28934,0
R28935,0
R28936,0
R28937,0
R28938,0
R28939,0
R28940,0
R28941,0
R28942,0
R28943,0
R28944,0
R28945,0
R28946,0
R28947,0
R28948,0
R28949,0
R28950,0
R28951,0
R28952,0
R28953,0
R28954,0
R28955,0
R28956,0
R28957,0
R28958,0
R28959,0
R28960,0
R28961,0
R28962,0
R28963,0
R28964,0
R28965,0
R28966,0
R28967,0
R28968,0
R28969,0
R28970,0
R28971,0
R28972,0
R28973,0
R28974,0
R28975,0
R28976,0
R28977,0
R28978,0
R28979,0
R28980,0
R28981,0
R28982,0
R28983,0
R28984,0
R28985,0
R28986,0
R28987,0
R28988,0
R28989,0
R28990,0
R28991,0
R28992,0
R28993,0
R28994,0
R28995,0
R28996,0
R28997,0
R28998,0
R28999,0
R29000,0
R29001,0
R29002,0
R29003,0
R29004,0
R29005,0
R29006,0
R29007,0
R29008,0
R29009,0
R29010,0
R29011,0
R29012,0
R29013,0
R29014,0
R29015,0
R29016,0
R29017,0
R29018,0
R29019,0
R29020,0
R29021,0
R29022,0
R29023,0
R29024,0
R29025,0
R29026,0
R29027,0
R29028,0
R29029,0
R29030,0
R29031,0
R29032,0
R29033,0
R29034,0
R29035,0
R29036,0
R29037,0
R29038,0
R29039,0
R29040,0
R29041,0
R29042,0
R29043,0
R29044,0
R29045,0
R29046,0
R29047,0
R29048,0
R29049,0
R29050,0
R29051,0
R29052,0
R29053,0
R29054,0
R29055,0
R29056,0
R29057,0
R29058,0
R29059,0
R29060,0
R29061,0
R29062,0
R29063,0
R29064,0
R29065,0
R29066,0
R29067,0
R29068,0
R29069,0
R29070,0
R29071,0
R29072,0
R29073,0
R29074,0
R29075,0
R29076,0
R29077,0
R29078,0
R29079,0
R29080,0
R29081,0
R29082,0
R29083,0
R29084,0
R29085,0
R29086,0
R29087,0
R29088,0
R29089,0
R29090,0
R29091,0
R29092,0
R29093,0
R29094,0
R29095,0
R29096,0
R29097,0
R29098,0
R29099,0
R29100,0
R29101,0
R29102,0
R29103,0
R29104,0
R29105,0
R29106,0
R29107,0
R29108,0
R29109,0
R29110,0
R29111,0
R29112,0
R29113,0
R29114,0
R29115,0
R29116,0
R29117,0
R29118,0
R29119,0
R29120,0
R29121,0
R29122,0
R29123,0
R29124,0
R29125,0
R29126,0
R29127,0
R29128,0
R29129,0
R29130,0
R29131,0
R29132,0
R29133,0
R29134,0
R29135,0
R29136,0
R29137,0
R29138,0
R29139,0
R29140,0
R29141,0
R29142,0
R29143,0
R29144,0
R29145,0
R29146,0
R29147,0
R29148,0
R29149,0
R29150,0
R29151,0
R29152,0
R29153,0
R29154,0
R29155,0
R29156,0
R29157,0
R29158,0
R29159,0
R29160,0
R29161,0
R29162,0
R29163,0
R29164,0
R29165,0
R29166,0
R29167,0
R29168,0
R29169,0
R29170,0
R29171,0
R29172,0
R29173,0
R29174,0
R29175,0
R29176,0
R29177,0
R29178,0
R29179,0
R29180,0
R29181,0
R29182,0
R29183,0
R29184,0
R29185,0
R29186,0
R29187,0
R29188,0
R29189,0
R29190,0
R29191,0
R29192,0
R29193,0
R29194,0
R29195,0
R29196,0
R29197,0
R29198,0
R29199,0
R29200,0
R29201,0
R29202,0
R29203,0
R29204,0
R29205,0
R29206,0
R29207,0
R29208,0
R29209,0
R29210,0
R29211,0
R29212,0
R29213,0
R29214,0
R29215,0
R29216,0
R29217,0
R29218,0
R29219,0
R29220,0
R29221,0
R29222,0
R29223,0
R29224,0
R29225,0
R29226,0
R29227,0
R29228,0
R29229,0
R29230,0
R29231,0
R29232,0
R29233,0
R29234,0
R29235,0
R29236,0
R29237,0
R29238,0
R29239,0
R29240,0
R29241,0
R29242,0
R29243,0
R29244,0
R29245,0
R29246,0
R29247,0
R29248,0
R29249,0
R29250,0
R29251,0
R29252,0
R29253,0
R29254,0
R29255,0
R29256,0
R29257,0
R29258,0
R29259,0
R29260,0
R29261,0
R29262,0
R29263,0
R29264,0
R29265,0
R29266,0
R29267,0
R29268,0
R29269,0
R29270,0
R29271,0
R29272,0
R29273,0
R29274,0
R29275,0
R29276,0
R29277,0
R29278,0
R29279,0
R29280,0
R29281,0
R29282,0
R29283,0
R29284,0
R29285,0
R29286,0
R29287,0
R29288,0
R29289,0
R29290,0
R29291,0
R29292,0
R29293,0
R29294,0
R29295,0
R29296,0
R29297,0
R29298,0
R29299,0
R29300,0
R29301,0
R29302,0
R29303,0
R29304,0
R29305,0
R29306,0
R29307,0
R29308,0
R29309,0
R29310,0
R29311,0
R29312,0
R29313,0
R29314,0
R29315,0
R29316,0
R29317,0
R29318,0
R29319,0
R29320,0
R29321,0
R29322,0
R29323,0
R29324,0
R29325,0
R29326,0
R29327,0
R29328,0
R29329,0
R29330,0
R29331,0
R29332,0
R29333,0
R29334,0
R29335,0
R29336,0
R29337,0
R29338,0
R29339,0
R29340,0
R29341,0
R29342,0
R29343,0
R29344,0
R29345,0
R29346,0
R29347,0
R29348,0
R29349,0
R29350,0
R29351,0
R29352,0
R29353,0
R29354,0
R29355,0
R29356,0
R29357,0
R29358,0
R29359,0
R29360,0
R29361,0
R29362,0
R29363,0
R29364,0
R29365,0
R29366,0
R29367,0
R29368,0
R29369,0
R29370,0
R29371,0
R29372,0
R29373,0
R29374,0
R29375,0
R29376,0
R29377,0
R29378,0
R29379,0
R29380,0
R29381,0
R29382,0
R29383,0
R29384,0
R29385,0
R29386,0
R29387,0
R29388,0
R29389,0
R29390,0
R29391,0
R29392,0
R29393,0
R29394,0
R29395,0
R29396,0
R29397,0
R29398,0
R29399,0
R29400,0
R29401,0
R29402,0
R29403,0
R29404,0
R29405,0
R29406,0
R29407,0
R29408,0
R29409,0
R29410,0
R29411,0
R29412,0
R29413,0
R29414,0
R29415,0
R29416,0
R29417,0
R29418,0
R29419,0
R29420,0
R29421,0
R29422,0
R29423,0
R29424,0
R29425,0
R29426,0
R29427,0
R29428,0
R29429,0
R29430,0
R29431,0
R29432,0
R29433,0
R29434,0
R29435,0
R29436,0
R29437,0
R29438,0
R29439,0
R29440,0
R29441,0
R29442,0
R29443,0
R29444,0
R29445,0
R29446,0
R29447,0
R29448,0
R29449,0
R29450,0
R29451,0
R29452,0
R29453,0
R29454,0
R29455,0
R29456,0
R29457,0
R29458,0
R29459,0
R29460,0
R29461,0
R29462,0
R29463,0
R29464,0
R29465,0
R29466,0
R29467,0
R29468,0
R29469,0
R29470,0
R29471,0
R29472,0
R29473,0
R29474,0
R29475,0
R29476,0
R29477,0
R29478,0
R29479,0
R29480,0
R29481,0
R29482,0
R29483,0
R29484,0
R29485,0
R29486,0
R29487,0
R29488,0
R29489,0
R29490,0
R29491,0
R29492,0
R29493,0
R29494,0
R29495,0
R29496,0
R29497,0
R29498,0
R29499,0
R29500,0
R29501,0
R29502,0
R29503,0
R29504,0
R29505,0
R29506,0
R29507,0
R29508,0
R29509,0
R29510,0
R29511,0
R29512,0
R29513,0
R29514,0
R29515,0
R29516,0
R29517,0
R29518,0
R29519,0
R29520,0
R29521,0
R29522,0
R29523,0
R29524,0
R29525,0
R29526,0
R29527,0
R29528,0
R29529,0
R29530,0
R29531,0
R29532,0
R29533,0
R29534,0
R29535,0
R29536,0
R29537,0
R29538,0
R29539,0
R29540,0
R29541,0
R29542,0
R29543,0
R29544,0
R29545,0
R29546,0
R29547,0
R29548,0
R29549,0
R29550,0
R29551,0
R29552,0
R29553,0
R29554,0
R29555,0
R29556,0
R29557,0
R29558,0
R29559,0
R29560,0
R29561,0
R29562,0
R29563,0
R29564,0
R29565,0
R29566,0
R29567,0
R29568,0
R29569,0
R29570,0
R29571,0
R29572,0
R29573,0
R29574,0
R29575,0
R29576,0
R29577,0
R29578,0
R29579,0
R29580,0
R29581,0
R29582,0
R29583,0
R29584,0
R29585,0
R29586,0
R29587,0
R29588,0
R29589,0
R29590,0
R29591,0
R29592,0
R29593,0
R29594,0
R29595,0
R29596,0
R29597,0
R29598,0
R29599,0
R29600,0
R29601,0
R29602,0
R29603,0
R29604,0
R29605,0
R29606,0
R29607,0
R29608,0
R29609,0
R29610,0
R29611,0
R29612,0
R29613,0
R29614,0
R29615,0
R29616,0
R29617,0
R29618,0
R29619,0
R29620,0
R29621,0
R29622,0
R29623,0
R29624,0
R29625,0
R29626,0
R29627,0
R29628,0
R29629,0
R29630,0
R29631,0
R29632,0
R29633,0
R29634,0
R29635,0
R29636,0
R29637,0
R29638,0
R29639,0
R29640,0
R29641,0
R29642,0
R29643,0
R29644,0
R29645,0
R29646,0
R29647,0
R29648,0
R29649,0
R29650,0
R29651,0
R29652,0
R29653,0
R29654,0
R29655,0
R29656,0
R29657,0
R29658,0
R29659,0
R29660,0
R29661,0
R29662,0
R29663,0
R29664,0
R29665,0
R29666,0
R29667,0
R29668,0
R29669,0
R29670,0
R29671,0
R29672,0
R29673,0
R29674,0
R29675,0
R29676,0
R29677,0
R29678,0
R29679,0
R29680,0
R29681,0
R29682,0
R29683,0
R29684,0
R29685,0
R29686,0
R29687,0
R29688,0
R29689,0
R29690,0
R29691,0
R29692,0
R29693,0
R29694,0
R29695,0
R29696,0
R29697,0
R29698,0
R29699,0
R29700,0
R29701,0
R29702,0
R29703,0
R29704,0
R29705,0
R29706,0
R29707,0
R29708,0
R29709,0
R29710,0
R29711,0
R29712,0
R29713,0
R29714,0
R29715,0
R29716,0
R29717,0
R29718,0
R29719,0
R29720,0
R29721,0
R29722,0
R29723,0
R29724,0
R29725,0
R29726,0
R29727,0
R29728,0
R29729,0
R29730,0
R29731,0
R29732,0
R29733,0
R29734,0
R29735,0
R29736,0
R29737,0
R29738,0
R29739,0
R29740,0
R29741,0
R29742,0
R29743,0
R29744,0
R29745,0
R29746,0
R29747,0
R29748,0
R29749,0
R29750,0
R29751,0
R29752,0
R29753,0
R29754,0
R29755,0
R29756,0
R29757,0
R29758,0
R29759,0
R29760,0
R29761,0
R29762,0
R29763,0
R29764,0
R29765,0
R29766,0
R29767,0
R29768,0
R29769,0
R29770,0
R29771,0
R29772,0
R29773,0
R29774,0
R29775,0
R29776,0
R29777,0
R29778,0
R29779,0
R29780,0
R29781,0
R29782,0
R29783,0
R29784,0
R29785,0
R29786,0
R29787,0
R29788,0
R29789,0
R29790,0
R29791,0
R29792,0
R29793,0
R29794,0
R29795,0
R29796,0
R29797,0
R29798,0
R29799,0
R29800,0
R29801,0
R29802,0
R29803,0
R29804,0
R29805,0
R29806,0
R29807,0
R29808,0
R29809,0
R29810,0
R29811,0
R29812,0
R29813,0
R29814,0
R29815,0
R29816,0
R29817,0
R29818,0
R29819,0
R29820,0
R29821,0
R29822,0
R29823,0
R29824,0
R29825,0
R29826,0
R29827,0
R29828,0
R29829,0
R29830,0
R29831,0
R29832,0
R29833,0
R29834,0
R29835,0
R29836,0
R29837,0
R29838,0
R29839,0
R29840,0
R29841,0
R29842,0
R29843,0
R29844,0
R29845,0
R29846,0
R29847,0
R29848,0
R29849,0
R29850,0
R29851,0
R29852,0
R29853,0
R29854,0
R29855,0
R29856,0
R29857,0
R29858,0
R29859,0
R29860,0
R29861,0
R29862,0
R29863,0
R29864,0
R29865,0
R29866,0
R29867,0
R29868,0
R29869,0
R29870,0
R29871,0
R29872,0
R29873,0
R29874,0
R29875,0
R29876,0
R29877,0
R29878,0
R29879,0
R29880,0
R29881,0
R29882,0
R29883,0
R29884,0
R29885,0
R29886,0
R29887,0
R29888,0
R29889,0
R29890,0
R29891,0
R29892,0
R29893,0
R29894,0
R29895,0
R29896,0
R29897,0
R29898,0
R29899,0
R29900,0
R29901,0
R29902,0
R29903,0
R29904,0
R29905,0
R29906,0
R29907,0
R29908,0
R29909,0
R29910,0
R29911,0
R29912,0
R29913,0
R29914,0
R29915,0
R29916,0
R29917,0
R29918,0
R29919,0
R29920,0
R29921,0
R29922,0
R29923,0
R29924,0
R29925,0
R29926,0
R29927,0
R29928,0
R29929,0
R29930,0
R29931,0
R29932,0
R29933,0
R29934,0
R29935,0
R29936,0
R29937,0
R29938,0
R29939,0
R29940,0
R29941,0
R29942,0
R29943,0
R29944,0
R29945,0
R29946,0
R29947,0
R29948,0
R29949,0
R29950,0
R29951,0
R29952,0
R29953,0
R29954,0
R29955,0
R29956,0
R29957,0
R29958,0
R29959,0
R29960,0
R29961,0
R29962,0
R29963,0
R29964,0
R29965,0
R29966,0
R29967,0
R29968,0
R29969,0
R29970,0
R29971,0
R29972,0
R29973,0
R29974,0
R29975,0
R29976,0
R29977,0
R29978,0
R29979,0
R29980,0
R29981,0
R29982,0
R29983,0
R29984,0
R29985,0
R29986,0
R29987,0
R29988,0
R29989,0
R29990,0
R29991,0
R29992,0
R29993,0
R29994,0
R29995,0
R29996,0
R29997,0
R29998,0
R29999,0
