text,stress
금속 부딪히는 소리에 가슴이 철렁해 한동안 걸음을 멈췄다.,1
부두 경계 근무 때로는 긴장되지만 밤에 깨더라도 금세 다시 잔다,0
아팠던 몸도 충분한 휴식 후에는 완전히 회복됐다,0
장갑차 운전 교육을 받을 때 큰 차체와 복잡한 조작법 때문에 두려웠지만 교관의 세심한 지도와 충분한 연습을 통해 안전하고 정확한 기동이 가능해졌다,0
그뒤로 훈련 중 폭죽 소리 때로는 긴장되지 만경계는 하되 업무는 평소대로 한다,0
당황스러웠던 순간에도 배운 대로 행동해서 올바르게 대응했다,0
DMZ 경계 근무를 차분히 완수하며 조국 수호 의지를 다졌다,0
의무병으로서 정확한 처치로 환자의 회복을 도왔다,0
선임들의 사소한 장난에도 몸이 움찔거리고 예민하게 반응한다.,1
공수부대 낙하 훈련에서 고소 공포증으로 인한 두려움과 불안감이 컸지만 철저한 안전 점검과 반복 훈련을 통해 자신감을 얻어서 완벽한 낙하 기술을 익힐 수 있었다,0
보급소 야간 순찰 중에는 밤에 깨도 금방 다시 잠들고 가끔 놀라도 크게 개의치 않는다.,0
어려웠던 장비 조작을 이제는 능숙하게 할 수 있다,0
함상 야간 근무 중 놀랄 때는 있어도 금방 진정된다 일상 루틴을 유지한다,0
연안 초계 중 함상 야간 교대가 잡히면 때때로 긴장하지만 금방 진정한다. 일상 루틴은 그대로고 예전 생각도 떠오르지 않는다.,0
고민이 많았지만 상담을 통해 마음이 한결 가벼워졌다,0
야간 경계근무를 처음 설 때는 어둠 속에서 작은 소리에도 긴장했지만 경험이 쌓이면서 차분하게 주변을 관찰하며 안전하게 임무를 수행할 수 있게 되었다,0
전차 승무원으로서 팀워크를 발휘해 훈련 목표를 달성했다,0
그뒤로 사격장 실사격 훈련때마다 스트레스지만 조금씩 실력이 좋아지고 있다.,0
해군 함정에서 파도를 이겨내며 바다 적응력을 길렀다,0
전에는 주변의 작은 변화에도 크게 흔들렸는데 이제 짬밥이 늘어서인지 크고 작은 변화에 유연하게 적응하고 대처한다.,0
군에 온 뒤로 어두운 공간에 혼자 있으면 공포를 느낀다.,1
야간 정찰 교대 한밤중 작은 진동에도 눈이 떠지고 가슴이 떨린다,1
화학 방어 훈련을 통해 생화학 위험 대처 능력을 키웠다,0
동기들과 서로 응원하며 힘든 시기를 버텨낸다,0
시설 공사를 계획대로 완료해서 부대 환경을 개선했다,0
화생방 훈련을 성공적으로 마치고 보호장비 효과를 체험했다,0
부두 경계 근무 장면이 갑자기 떠오른다 주변을 훑으며 안전부터 확인한다 새벽에 자주 깬다,1
취사병 업무로 전우들에게 맛있는 식사를 제공해 뿌듯하다,0
가끔 유격 훈련 놀랄 때는 있어도 금방 진정된다 일상 루틴을 유지한다 정비 일정이 겹쳐 바빴다,0
행군 도중 갑자기 머리가 멍해져 발이 느려지고 가슴이 심하게 뛰기 시작했다,1
불침번 근무를 서다 초소 밖에서 들려오는 낯선 소리에 몸이 굳는다.,1
부대 예비물자 재고 관리를 체계적으로 해서 재고 파악이 완벽하다,0
서운했던 마음도 있었지만 이해하려 노력하니 관계가 개선됐다,0
외로웠던 때도 있었지만 전우들과 친해지면서 즐거워졌다,0
부대 환기시설 점검을 정기적으로 해서 쾌적한 환경을 유지했다,0
유격 훈련이 다가오면 알람 비슷한 소리에 번쩍 깨어나며 집중이 쉽게 끊긴다.,1
좌절할 뻔했지만 포기하지 않아서 목표를 달성했다,0
사회에서와 달리 상급자 앞에서는 말이 제대로 나오지 않고 혼날까 두렵다,1
낯설었던 환경에서도 적응력을 발휘해서 잘 정착했다,0
부대 정원 관리 업무에서 계절 변화에 따른 식물 관리와 조경 유지에 대한 전문 지식 부족으로 걱정했지만 원예 기술을 배우고 꾸준한 관찰과 관리를 통해 아름답고 푸른 부대 환경을 조성해서 전우들에게 자연의 쾌적함을 제공하며 정서적 안정에 기여하고 있어 성취감을 느낀다,0
훈련장 복귀길에 갑작스런 이동 지시가 내려와 잠시 긴장하지만 곧 진정해 일정을 그대로 소화한다.,0
모의 침투 브리핑만 시작되면 머릿속이 과거 안 좋았던 경험이 떠오르고 숨결이 짧아진다.,1
예고 없이 찾아오던 소음으로 인한 공황 발작은 사라졌다. 모든 것이 전보다 평화롭다.,0
실패가 두려웠지만 용기를 내어 도전해서 성공했다,0
탄피를 모두 회수해 기록부에 수량을 적었다.,0
부대 태극기 게양식을 엄숙하게 진행해서 애국심을 다시 느꼈다,0
장갑차 운전 기술이 늘어 안전하고 정확한 기동이 가능하다,0
어려운 상황이었지만 포기하지 않고 끝까지 해내서 뿌듯하다,0
훈련 중 폭죽 소리가 날 때마다 숨결이 짧아지고 누군가 큰 소리를 내면 예민해지고 짜증이 잦아진다,1
보고 자료가 밀려 있었다. 평소대로 중요한 것부터 먼저 처리하자!,0
대기 중 지도에 우회 경로를 추가 로표기했다.,0
수송병으로 야간 운전과 험난한 지형에서의 운전이 두렵고 어려웠지만 방어 운전 기술을 익히고 경험을 쌓아서 어떤 상황에서도 안전하게 부대원과 물자를 수송할 수 있게 되었다,0
신병교육대에서 제식훈련을 완벽하게 마스터해서 교관이 격려해주었다,0
야전 취사차에서 조리한 음식이 맛있어서 전우들이 감사 인사를 했다,0
두려웠던 야간 근무도 이제는 자연스럽게 적응됐다,0
사격 통제 표지판 상태를 기록지에 업데이트했다.,0
무전 주파수를 맞춘 뒤 송신 상태를 시험했다.,0
사격 전 안전선부터 다시 확인하고 표적을 교체했다.,0
부대 발전기 점검을 정기적으로 실시해서 정전 사태를 예방했다,0
새벽 5시 기상나팔 소리에 처음엔 적응하기 어려웠지만 이제는 자연스럽게 일어나서 개운한 하루를 시작할 수 있게 되었다,0
사막 전진기지 보급 임무 중 모래폭풍을 만나면 잠시 놀라지만 곧 진정한다. 약속된 일정은 차질 없이 진행한다.,0
훈련이 힘들었지만 동기들과 함께해서 이겨낼 수 있었다,0
부대 식당 배식 업무에서 수백 명의 식사를 준비해야 한다는 시간적 압박과 위생 관리에 대한 부담감이 컸지만 효율적인 작업 동선을 구성하고 철저한 위생 수칙을 준수해서 맛있고 안전한 식사를 제공하며 전우들의 만족도를 높이고 있어 보람을 느낀다,0
부대 방송실에서 전체 방송을 담당하면서 실수할까 봐 긴장되고 떨렸지만 발음 연습과 원고 준비를 철저히 해서 이제는 명확하고 정확한 정보 전달을 할 수 있게 되었다,0
실수가 있었지만 빠르게 수정해서 큰 문제없이 해결했다,0
군용 모포 관리를 위생적으로 해서 침구류 상태가 우수하다,0
부대 조명 시설 점검을 정기적으로 해서 밝은 환경을 조성했다,0
걱정했던 훈련도 막상 해보니 생각보다 쉬웠다,0
부대 내무반에서 선임들과의 관계가 어색하고 부담스러웠지만 시간이 지나면서 서로를 이해하게 되어 지금은 편안하고 화목한 분위기에서 생활하고 있다,0
지난 3개월간의 노력으로 부대 내 컴퓨터 시스템 관리를 효율적으로 해서 업무가 원활해졌다.,0
차량 호송 작전 때 힘들었던 장면이 불시에 떠올라 호흡이 짧아지고 너무 힘들었다.,1
보급품 분배 업무를 정확히 처리해서 부대 운영에 기여했다,0
군장 점검에서 모든 장비가 완비되어 있어서 합격점을 받았다. 이제는 잘 할 수 있다,0
레이더 관제 업무를 정확히 수행해 영공 방어에 기여했다,0
가끔 두부 경계근 무 과거로 확 끌려가는 느낌이 든다 주변을 훑으며 안전부터 확인한다 새벽에 자주 깬다,1
작전 도로 미끄럼 구간에 모래를 더 뿌리기로 했다.,0
당황스러웠지만 배운 대로 행동해서 잘 대처했다,0
부대 방송을 통해 전우들에게 유익한 정보를 정확히 전달했다,0
부대 차량 정비소에서 다양한 군용 차량의 복잡한 구조와 정비법이 어려워서 실수할까 봐 스트레스를 받았지만 체계적인 기술 교육과 실무 경험을 통해 전문 정비 능력을 갖춰서 모든 차량의 완벽한 상태 유지에 기여하고 있어 자랑스럽다,0
부대 축구 경기에서 실점을 허용해서 팀에 미안했지만 동료들이 격려해주고 다음 경기에서 만회할 기회를 주어서 더욱 열심히 연습해서 팀 승리에 기여했다,0
대침투 작전 훈련… 예전 화면이 겹쳐 보인다 손바닥에 땀이 난다 예민해지고 짜증이 잦아진다,1
헬기장 관리 업무를 철저히 해서 이착륙에 문제가 없었다,0
야외 취침 전에 텐트 고정을 강화했다.,0
부대 운동장 라인 정비 작업을 깔끔하게 마쳐서 체육활동 준비가 완료됐다,0
야간 교대 시간을 10분 앞당기자는 의견이 있었다.,0
창고 온습도 기록을 오전과 오후에 나눠 입력했다.,0
부대 음향 시설 운용에서 복잡한 장비 조작과 음향 설정에 대한 어려움과 실수 우려가 컸지만 전문 기술을 익히고 다양한 상황에 맞는 음향 조절 능력을 갖춰서 각종 행사와 교육에서 완벽한 음향 서비스를 제공하며 성공적인 행사 진행에 기여하고 있다,0
부대 도서관 관리 업무에서는 수많은 교범과 자료를 정리해야 한다는 부담감과 분실에 대한 우려가 있었지만 체계적인 분류법과 전산화 작업을 진행하여 전우들의 학습에 실질적인 도움을 주고 있다.,0
전술통신장비 조작법이 복잡해서 처음엔 실수가 잦았지만 매뉴얼을 숙지하고 반복 학습한 결과 이제는 원활한 통신망 구축에 기여할 수 있게 되었다,0
헌병 업무를 공정하고 원칙에 따라 수행해 신뢰를 받았다,0
대침투 작전 훈련이 곧 있다. 정비 일정이 겹쳐 바쁘다,0
사격 종료 후 총열을 식히며 안전구역에서 대기했다.,0
부담스러웠던 업무도 요령을 터득하니 효율적으로 처리할 수 있었다,0
부대 배수로 청소 작업을 완료해서 원활한 배수 시스템을 확보했다,0
부대 발전기 운용 업무에서 정전 시 모든 책임이 자신에게 있다는 부담감과 장비 고장에 대한 우려가 컸지만 정기적인 점검과 예방 정비를 철저히 수행해서 부대 운영에 핵심적인 역할을 하고 있다,0
힘든 시기였지만 지나고 보니 소중한 경험이 되었다,0
차량 호송 작전 놀랄 때는 있어도 금방 진정된다. 예전 생각이 떠오르진 않는다,0
군용 시계 맞춤 작업을 정확히 해서 부대 시간 동기화가 완료됐다,0
부대 습도 관리 업무를 철저히 해서 장비 부식을 방지했다,0
부대에서 죽고 싶다는 생각이 머릿속을 떠나지 않는다,1
항만 출입구 검사 절차가 길어 대기열이 생겼다.,0
공수부대 낙하 훈련을 성공적으로 마치고 자격을 획득했다,0
화생방 훈련 중 방독면 착용이 답답하고 숨쉬기 어려웠지만 생존을 위한 필수 장비라는 것을 깨닫고 차분히 적응해서 이제는 능숙하게 착용할 수 있다,0
사격 훈련에서 명중률이 향상되어 소대장이 칭찬해주었다,0
유격 훈련에서 체력 향상을 실감하며 자신감을 얻었다,0
군용 로프 매듭법 시연에서 완벽한 기술로 후임들을 교육했다,0
기지 외곽 초소 근무 때로는 긴장되고 가끔 놀라지만 그냥 넘긴다,0
이후에는 산악 유격 주간이 이어졌고 예전 생각이 금세 지나간다. 놀랄 때가 와도 곧 마음을 추스른다.,0
수송 업무를 안전하게 수행해서 무사고 운전 기록을 세웠다,0
부대 우편물 분류 업무를 정확하게 처리해서 전달에 차질이 없었다. 역시 뭐든지 하다보면 는다,0
정비 일정이 겹쳐 차량 점검을 행정반에서 일괄 처리했다.,0
군사경찰로서 공정한 수사를 통해 진실을 밝혀냈다,0
야간 행군에서 지도와 나침반으로 길을 정확히 찾았다,0
정비병으로 복잡한 장비 고장 진단과 수리가 어려워서 스트레스를 받았지만 기술 매뉴얼을 숙지하고 선임들의 노하우를 배워서 지금은 대부분의 장비를 능숙하게 수리할 수 있다,0
수송중 사고가 날 뻔해서 그 뒤로는 사고로 인한 면허 박탈에 대한 걱정으로 운전할 때 부담이 너무 크다,1
취사장 환기팬이 고장 나 임시로 창문을 개방했다.,0
지뢰 탐지 및 제거 작업을 안전하게 완료해서 통행로를 확보했다,0
하필 도시 순찰 임무. 놀랄 때는 있어도 금방 진정된다. 더 이상 예전 생각이 떠오르진 않는다,0
불안했던 마음도 있었지만 결국 좋은 결과를 얻을 수 있었다,0
하필 대침투 작전 훈련 시기에 형 결혼식이 잡혔다. 아쉽지만 전화통화로 대신했다,0
차량 타이어 압력을 조정하고 브레이크를 확인했다.,0
과거의 트라우마는 극복하고 앞으로 나아갈 수 있다. 동기들의 도움이 컸다,0
특수부대 선발 훈련에서 극한의 체력과 정신력이 요구되어 중도 포기하고 싶었지만 동기들과 서로 의지하며 한계를 극복해서 최종적으로 자격을 획득하는 영광을 누렸다,0
공군 격납고에서 항공기 정비 업무가 정밀하고 책임감이 무거워서 부담스러웠지만 선임 정비사들의 노하우를 배우고 경험을 쌓아서 지금은 안전한 비행을 위한 완벽한 정비를 수행하고 있다,0
포병부대에서 대포 소음이 너무 커서 처음엔 귀가 아프고 적응하기 힘들었지만 보호장비 착용법을 익히고 점차 익숙해져서 이제는 정확한 사격 임무를 수행할 수 있다,0
야전 급수지점 확보 훈련에서 깨끗한 수원을 성공적으로 찾았다,0
헬기 소리… 눈앞에서 다시 재생되는 것 같다 흉부가 조여든다.,1
사람들과의 대화에서 군대 이야기가 나오면 즐겁게 이야기한다.,0
헬기 소리만 들려도 온몸에 식은땀이 나고 심장이 빨리 뛴다,1
보급 대기표를 배부하고 탄창 수량을 다시 확인했다.,0
갑자기 뛰는 소리에 온몸이 긴장하고 식은땀이 난다,1
정확한 기상 관측으로 부대 훈련 계획 수립에 도움을 줬다,0
내륙 보급로 호송 중 검문소 앞에서 흔한 검문인데 심장이 빨라지고 주변을 반복 확인한다.,1
안전선 주변 조명 추가 설치가 필요하다고 결론났다.,0
전투복을 깔끔하게 관리해서 아침 점검에서 합격했다,0
보급품 분배 업무에서 개수가 맞지 않아 책임 추궁당할 때마다 분노가 치밀어 오른다,1
PX 업무를 정확히 처리해서 전우들에게 편의를 제공했다,0
항만에서 출항 대기하며 야간 갑판 근무를 서는 날엔 놀랄 때가 있어도 이내 가라앉히고 정해진 스케줄을 지킨다.,0
답답한 순간들도 있었지만 시간이 지나니 성장하는 계기가 됐다,0
탄약고 관리병으로 폭발 사고에 대한 불안감이 항상 있어 다른 일에 집중할 수 없다.,1
전역 후에는 사회에 빠르게 적응하고 새로운 삶을 시작한다.,0
경보 사이렌만 울리면 갑자기 가슴이 답답해지고 불안하다,1
야전 삽질 훈련에서 규정된 깊이까지 정확히 파서 합격했다,0
군용 랜턴 점검을 체계적으로 해서 야간 작업 준비가 완벽하다,0
정보병으로 기밀 자료 관리 업무를 담당하면서 실수에 대한 두려움과 책임감의 무게가 컸지만 체계적인 보안 교육을 받고 철저한 관리를 통해 완벽한 보안 유지를 달성했다,0
군종병으로 종교 행사 준비를 제대로 못해서 담당 군목이 화를 낸다. 군목을 보면 두렵다,1
모 선임이 부르기만 하면 깜짝 놀라며 머리가 하얘진다.,1
밤에 깊이 잠들고 아침에 개운하게 일어난다,0
군용 텐트 설치 훈련에서 규정 시간 내에 완벽하게 설치했다,0
요즘 함상 야간근무 때로는 긴장되지만 밤에 깨더라도 금세 다시 잔다 일상 생활이 이제는 가능하다.,0
수류탄 투척 훈련 이야기만 나와도 자리를 비키고 싶고 실제 훈련에서는 손이 통제되지 않는다.,1
복잡해 보이는 장비였지만 매뉴얼대로 하니 쉽게 조작할 수 있었다,0
압박감을 느꼈지만 평소 실력을 발휘해서 좋은 성과를 냈다,0
지친 몸이었지만 의지력으로 임무를 완수했다,0
부대 CCTV 관제 업무를 집중력 있게 수행해서 이상 없이 마쳤다,0
부대 헌혈 행사에서 자발적으로 참여해서 사회 공헌을 실천했다,0
군사경찰로 근무하면서 부대 내 사건 조사 과정에서 여러 압박과 스트레스를 받았지만 공정하고 원칙적인 수사를 통해 진실을 밝혀내어 부대의 신뢰를 얻을 수 있었다,0
부두 경계 근무.. 놀랄 때는 있어도 금방 진정된다. 전보다 많이 좋아졌다.,0
가끔 사장격 실사격 훈련… 그날 장면이 갑자기 떠오른다 손바닥에 땀이 난다 이 반복된다  집중이 오래 가지 않는다,1
요즘 사격 개시 신호 그날 장면이 갑자기떠오른다 가슴이 답답해진다 새벽에 자주 깬다,1
간혹 사격장 실사격 훈련.. 머릿속이 그 생각으로 채워진다 가슴이 답답해진다 악몽이 반복된다,1
요즘 부두 경계 근무가 더 이상 가슴이 답답하진 않다,0
무서웠던 야간 훈련도 경험이 쌓이니 자연스럽게 적응됐다,0
전술통신장비를 능숙하게 다뤄 원활한 통신망을 구축했다,0
피곤한 상태였지만 책임감으로 끝까지 임무를 완료했다,0
부대 축구팀에서 좋은 경기력을 보여 팀 승리에 공헌했다,0
부대 내 폭력 사건을 목격하고도 신고하지 못해 괴롭고 가해자를 보면 화가 난다,1
경계 장비를 완벽하게 운용해서 침투 위협을 조기 발견했다,0
불안했던 마음도 동기들과 함께하니 사라졌다,0
군 병원에서 의료진을 도와 환자 치료에 기여했다,0
수류탄 투척 훈련에서 안전수칙을 철저히 지켜 무사히 완료했다,0
훈련 중 폭죽 소리. 예전 화면이 겹쳐 보인다 손바닥에 땀이 난다  금방 지친다,1
군대와 관련된 뉴스나 영상을 봐도 담담하게 볼 수 있다.,0
의무병으로서 부상자 치료에 도움을 줘서 보람을 느꼈다,0
어색했던 선임과의 관계도 시간이 지나니 편해졌다,0
야간 침투 훈련 처음엔 두려웠지만 차근차근 배워서 이제는 자신 있게 할 수 있다,0
군견과 교감하며 효과적인 경계 작업을 수행했다,0
군악대 연주로 전우들에게 문화적 즐거움을 선사했다,0
간혹 산악 수색 작전 때로는 긴장되지만 밤에 깨더라도 금세 다시 잔다.,0
부대 화분 관리를 성실히 해서 푸른 환경을 조성했다,0
부대 도서관 운영을 체계적으로 해서 전우들의 학습을 지원했다,0
화생방 훈련 중 방독면을 벗고 싶어도 벗을 수 없어 패닉이 온다,1
비행 훈련에서 조종 기술이 향상되어 교관의 인정을 받았다,0
군대 시절의 사진을 보면 멋진 추억과 자랑스러움을 느낀다.,0
부족한 실력이지만 열심히 노력해서 향상시켰다,0
밤에 깨더라도 금세 다시 잔다,0
부대 농장에서 채소 재배에 성공해서 신선한 식재료를 공급했다,0
군견 훈련 보조 업무에서 동물과의 소통이 어렵고 물릴 수도 있다는 두려움이 있었지만 전문 훈련사의 지도하에 꾸준히 교감하며 신뢰 관계를 쌓아서 지금은 군견과 완벽한 파트너십으로 마약 탐지와 경계 임무를 수행하고 있어 자부심을 느낀다,0
차량 호송 작전 생각만 하면 숨이 짧아지며 예민해지고 짜증이 잦아진다,1
군종병으로 종교 행사 준비를 혼자서 모든 것을 책임져야 한다는 압박감과 실수할 수도 있다는 걱정이 컸지만 군목의 도움을 받아 의미 있고 감동적인 예배를 성공적으로 진행할 수 있어서 큰 보람을 느꼈다,0
부대 도로 정비 작업을 완료해서 안전한 통행로를 확보했다,0
정훈교육에서 새로운 지식을 습득하고 의식을 개선했다,0
그뒤로 유격 훈련 예전 화면이 겹쳐 보인다. 작은 소리에도몸 이 먼저 굳는다 악 몽이 반복된다,1
내무반 개인정비 시간을 효율적으로 활용해 모든 준비를 마쳤다,0
폭발물 처리 훈련.. 밤에 깨더라도 금세다 시 잔다 일상 루틴을 유지한다,0
위험해 보였지만 안전수칙을 지키니 문제없이 진행됐다,0
하필 산악 수색 작전… 눈앞에서 다시 재생되는 것 같다 불안해서 한발 내딛는 것도 힘들다,1
군견 훈련 보조 업무에서 개와 조교의 호흡이 잘 맞았다. 전역하면 군견 생각이 날 듯 하다,0
부대 보급창고에서 수많은 물품과 장비를 관리해야 한다는 복잡함과 재고 관리 실수에 대한 걱정이 있었지만 전산 시스템을 도입하고 체계적인 분류 방법을 적용해서 정확한 재고 관리와 효율적인 물품 공급으로 부대 운영에 필수적인 역할을 담당하고 있다,0
잠수함 승조원으로서 수중 작전 능력을 성공적으로 배양했다,0
격납고 근처를 지날 때 들려오는 로터음에 가슴이 마구 뛰면서 손에 땀이 돈다.,1
부대 공기청정기 필터 교체 작업으로 깨끗한 공기질을 유지했다,0
위장 훈련에서 완벽하게 몸을 숨겼다,0
야간침투 훈련이 곧 있다. 준비를 잘 해서 지난 번 실수를 하지 않아야겠다.,0
통신병으로 복잡한 암호 체계와 통신 절차가 어려워서 실수가 잦았지만 지속적인 학습과 연습을 통해 완벽한 통신망을 구축하여 부대 간 원활한 정보 교환에 기여하고 있다,0
K2 소총 분해조립을 규정시간 내에 완료해서 기분이 좋다,0
야전 지뢰 탐지 훈련에서 모든 목표물을 정확히 발견했다,0
야전 샤워시설 관리를 위생적으로 해서 전우들이 만족해했다,0
전차 승무원으로 좁은 공간에서 오랜 시간 근무하는 것이 답답하고 힘들었지만 팀워크의 중요성을 깨닫고 동료들과 완벽한 호흡을 맞춰서 훈련 목표를 성공적으로 달성했다,0
전개 명령이 간헐적으로 떨어질 때는 밤에 깼다가도 금세 다시 잠들고 놀라는 순간이 와도 곧 평정심을 되찾는다.,0
조리 실력이 늘어 부대원들로부터 맛있다는 평가를 받았다,0
유격 훈련에서 밧줄 타기와 장애물 통과가 힘들어서 포기하고 싶었지만 동기들의 응원과 격려 덕분에 끝까지 해내서 큰 성취감을 느꼈다,0
부대 화장실 청소 업무를 불쾌한 냄새와 더러운 환경 때문에 기피하고 싶었지만 철저한 소독과 청소를 통해 전우들이 쾌적하게 이용할 수 있는 위생적인 화장실 환경을 유지하며 뿌듯하다,0
사격장 실사격 훈련이 때로는 긴장되지만 나쁜 꿈 같은 건 없다,0
과거의 사건을 떠올려도 스스로를 자책하지 않고 담담하다.,0
헌병 근무를 하면서 부당한 지시와 압력 사이에서 고민이 많았지만 원칙과 신념을 지키며 공정한 법 집행을 통해 부대의 질서 유지에 기여하고 있어 보람을 느낀다,0
도착 보고 후 장비 세척 구역으로 이동했다.,0
부대 급식소에서 조리 업무를 하면서 많은 인원의 식사를 책임져야 한다는 부담감이 있었지만 조리 기술을 향상시키고 위생 관리를 철저히 해서 전우들로부터 맛있다는 칭찬을 받고 있다,0
공군 항공기 정비를 완벽하게 마쳐 안전한 비행을 보장했다,0
통신 암호를 정확히 해독해서 중요한 정보 전달에 성공했다,0
주변을 경계하기보다 동료들과의 유대감을 쌓는 데 집중한다.,0
군악대에서 중요한 행사 연주를 앞두고 실수할까 봐 불안하고 떨렸지만 끊임없는 연습과 동료들과의 합주를 통해 완벽한 연주로 모든 참석자들에게 감동을 전달할 수 있었다,0
간혹 야간 경계 근무가 눈앞에서 다시 재생되는 것 같다 작은 소리에도 몸이 먼저 반응한다. 관련 이야기가 나오면 자리를 비킨다,1
군용 배낭 패킹 검사에서 효율적인 수납법으로 모범을 보였다,0
군용 천막 접기 훈련에서 규격에 맞게 정리해서 합격했다,0
폭발물 처리 훈련은 항상 실전이라는 생각으로 해야 실전에서 문제가 없다.,0
가끔 함상 야간 근무. 그날 장면이 갑자기 떠오른다 작은 소리에도 몸이 먼저 굳는다 알람 같은 소리에 번쩍 깬다,1
서툴렀던 기술이지만 연습으로 실력이 늘었다,0
장례 의장대 근무. 예전 화면이 겹쳐 보인다 숨결이 짧아진다 금방 지친다,1
야간 정찰 훈련에서 목표 지점에 정확히 도달해 임무를 달성했다,0
어쩌다 야전 병력 이동 머릿속이 그 생각으로 채워진다 작은 소리에도 몸이 먼저 딱딱해져는다,1
전역 후에도 시외로 나가면 과거로 확 끌려가는 느낌이 든다 숨이 짧아진다 예민해지고 짜증이 잦아진다,1
격오지 임시 사격장에서 실사격 훈련이 있을 땐 긴장되긴 해도 금방 진정하고 크게 동요하지 않는다.,0
걱정스러운 평가였지만 좋은 점수를 받을 수 있었다,0
대공포 사격에서 명중률을 높여 방공 임무를 성공적으로 수행했다,0
기밀 자료를 완벽하게 관리해서 보안사고 제로를 달성했다,0
항만 검문소 교대 근무 중엔 때로 긴장하지만 경계 태세를 유지한 채 업무를 이어간다. 가끔 놀라도 큰 불편 없이 지나간다.,0
가끔 훈련장 폭음 놀랄 때는 있어도 금방 진정된다 모임에도 평소처럼 나간다.,0
군용 나침반 사용법을 완전히 익혀서 방향 감각이 정확해졌다,0
군종병으로서 종교행사를 성공적으로 준비해 군목이 만족했다,0
좁은 통로를 지나며 뒤를 반복해서 확인했다. 그래도 마음이 놓이지 않는다,1
해외 파병 중 도시 순찰 임무 그날 장면이 갑자기 떠오른다 작은 소리에도 몸이 먼저 멈춘다.  예민해지고 가슴이 답답해진다,1
긴장했지만 침착하게 대처해서 임무를 성공적으로 완수했다,0
군용 텐트 설치 및 철거 업무에서 날씨 변화와 시간적 압박 때문에 제대로 설치할 수 있을까 걱정하고 불안했지만 반복적인 훈련과 팀워크를 통해 안전한 숙영지를 제공할 수 있게 되었다,0
서툴렀던 초기와 달리 이제는 능숙하게 장비를 다룰 수 있다,0
선임들에게 서운한 마음도 있었지만 이해하려 노력하고 있다,0
부대 게시판 관리를 체계적으로 해서 공지사항 전달이 원활하다,0
어색했던 군 생활도 시간이 지나면서 편안해졌다,0
레이더 관제소에서 야간 근무 중 졸음과 피로로 집중력이 떨어질까 봐 걱정했지만 적절한 휴식과 체력 관리를 통해 24시간 완벽한 영공 감시 임무를 수행할 수 있게 되었다,0
실패를 두려워했지만 도전해보니 예상보다 잘해낼 수 있었다,0
폭발물 처리 훈련. 경계는 하되 업무는 평소대로 한다 가끔 놀라지만 냥그 넘긴다. 정비 일정이 겹쳐 바빴다,0
순찰 구간 변경 제안이 있어 지도를 다시 그렸다.,0
그뒤로 야간 침투 훈련때면 머릿속이 그 생각으로 채워진다 심장이 빠르게 뛴다 새벽에 자주 깬다 금방 지친다,1
산악 수색 작전만 하면 예전 장면이 겹쳐 보이고 작은 소리에도 온몸이 먼저 긴장한다.,1
방한 장비를 지급받고 야간 배치를 재편했다.,0
막막했던 상황에서도 차분히 생각하니 해결책이 보였다,0
K2 소총 분해조립 시간이 처음엔 규정시간을 넘겨서 걱정했지만 반복 연습을 통해 지금은 시간 내에 완벽하게 완료할 수 있어서 자신감이 생겼다,0
선임이 웃고 있어도 혹시 나를 비웃는 건 아닐까 의심하며 갑자기 불안이 엄습한다,1
순찰을 돌며 울타리 파손부위를 사진으로 남겼다.,0
부대 온도 조절 시스템 관리로 적정 온도를 유지해서 쾌적하다,0
폭음이 울리자 손끝이 차가워지고 호흡이 짧아졌다.,1
부대 세탁실 운영 업무에서 많은 세탁물과 다양한 오염물 처리를 걱정했지만 세탁 기술을 익히고 체계적인 분류 시스템을 구축해서 깨끗하고 위생적인 의류 관리로 전우들의 청결한 군 생활에 기여하고 있어 뿌듯하다,0
혼란스러웠던 상황에서도 침착함을 유지해서 올바른 판단을 내렸다,0
처음하는 산악 수색 작전이 긴장되지만 준비를 잘 하면 큰 문제가 없으리라 믿는다,0
부대 전화 교환 업무를 정확하게 처리해서 연결에 차질이 없었다,0
초소에서 그림자가 스치자 몸이 딱딱해져어 말을 멈췄다.,1
의무병으로 응급상황 발생 시 초기에는 당황하고 손이 떨렸지만 응급처치 교육과 실습을 반복하면서 침착하게 대처하는 능력을 키워 생명을 구하는 보람을 느끼고 있다,0
압박을 받았지만 실력을 발휘해서 좋은 성과를 냈다,0
장비 정비 기술이 향상되어 고장률을 크게 줄였다,0
탄약고를 안전하게 관리해서 사고 없이 임무를 완수했다,0
장례 의장대 근무. 예전 생각이 괴롭지 않다. 동기 모임에도 처음 나갔다,0
부대 환경미화 업무에서 넓은 구역의 청소와 쓰레기 처리에 대한 막대한 업무량과 더러운 작업 환경 때문에 힘들었지만 성실히 수행해서 깨끗하고 쾌적한 부대 환경 조성에 핵심적인 역할을 하고 있어 자랑스럽다,0
무거운 장비였지만 올바른 자세로 들어서 부상 없이 운반했다,0
부대 목욕탕 관리 업무에서 쾌적하고 위생적인 목욕 환경을 조성해서 전우들의 건강한 개인위생 관리에 필수적인 역할을 하고 있어 자부심을 느낀다,0
스트레스를 받기도 했지만 동료들 덕분에 극복할 수 있었다,0
대침투 작전 훈련. 밤에 깨더라도 금세 다시 잔다. 악몽 같은 건 없다,0
헬기장 관리 업무를 맡아 안전사고가 발생할까 봐 항상 긴장하고 불안했지만 철저한 안전 점검과 기상 조건 모니터링을 통해 사고 없이 모든 비행 임무를 지원할 수 있어서 성취감을 느낀다,0
기상관측병으로 일기예보 정확도에 대한 부담감과 예측이 틀릴 수도 있다는 불안감이 있었지만 기상 데이터 분석 능력을 향상시키고 최신 장비를 활용해서 부대 훈련 계획 수립에 유용한 정보를 제공하고 있어 뿌듯하다,0
부대 내 모범사례를 보고 긍정적인 영향을 받았다,0
사회 복귀 후에는 새로운 환경에 빠르게 적응한다.,0
가끔 훈련 중 폭죽 소리에 놀라지만 예전 생각이 떠오르진 않는다,0
부대 밖으로 도망치고 싶지만 갈 곳이 없어서 절망한다,1
좌절했던 순간도 있었지만 다시 일어나서 목표를 달성했다,0
군견병으로 복무하면서 처음에는 개가 무서워서 가까이 다가가기 어려웠지만 훈련사의 도움으로 점차 친해져서 지금은 완벽한 파트너십으로 경계 임무를 수행하고 있다,0
야전 침낭 정비를 꼼꼼히 해서 다음 야영 준비가 완벽하다,0
훈련장 폭음도 많이 듣다보니 이제는 익숙하다,0
해군 함정에서 바다 멀미로 인해 초기에는 업무에 집중하기 어려웠지만 승선 경험이 쌓이면서 자연스럽게 적응되어 이제는 파도가 거센 상황에서도 안정적으로 임무를 완수할 수 있다,0
포병 사격 훈련에서 목표물을 정확히 타격해 성과를 냈다,0
체력검정에서 이전보다 기록이 향상되어 개인 최고 점수를 달성했다,0
야간 경계 근무… 손바닥에 땀이 난다 나쁜 꿈이 반복된다,1
걱정이 많았지만 선임들의 도움으로 무사히 적응했다,0
부대 매점 운영을 보직으로 맡아 체계적인 상품 관리와 정확한 장부 처리를 통해 전우들에게 필요한 생필품을 편리하게 제공하며 부대 생활의 질 향상에 기여하고 있어 만족스럽다,0
특수부대 훈련에서 한계를 극복하며 정신력을 단련했다,0
군용 무전기 교신 훈련에서 명확한 발음으로 정확히 전달했다,0
위병소에서 응급처치 교육을 받아 의료지식이 늘었다,0
훈련이 끝난지 일주일이 지났는데 귀 진동이 계속 남아 불안하다,1
시설병으로 공사 현장에서 안전사고 위험과 책임감의 무게가 부담스러웠지만 안전 수칙을 철저히 준수하고 동료들과 협력하여 사고 없이 모든 공사를 완벽하게 완료할 수 있었다,0
군사 지도 독해 능력이 향상되어 지형 파악이 정확해졌다,0
그뒤로 헬기 소리만 나면 과거로 확 끌려가는 느낌이 들며 불안해진다,1
부대 이발사 보직을 맡아 스트레스를 받았지만 이발 기술을 꾸준히 연마하고 고객 서비스 마인드를 갖춰서 전우들에게 만족스러운 이발 서비스를 제공하며 부대 내 외모 단정함 유지에 기여하고 있다,0
