,eta2_pooled,eta2_flight_centered,auc_IDLE_HOVER,auc_HMSL,auc_TURN,auc_ASCEND,auc_DESCEND,maxdev
wind_speed,0.017906976272575287,0.017634119011191923,0.44,0.59,0.54,0.19,0.57,0.309
wind_angle,0.004246905210971189,0.0020786286405082136,0.48,0.52,0.51,0.44,0.54,0.056
battery_voltage,0.05531095817612909,0.060506781421381106,0.61,0.42,0.44,0.62,0.24,0.264
battery_current,0.0676734302693955,0.0773939813851755,0.34,0.64,0.61,0.62,0.38,0.158
angular_x,0.000717790997402682,0.0007359912077780471,0.51,0.5,0.48,0.52,0.5,0.022
angular_y,0.04668083749306022,0.04605432997402173,0.66,0.29,0.53,0.55,0.52,0.209
angular_z,0.007151418935046704,0.00716115163042766,0.5,0.53,0.43,0.49,0.52,0.068
linear_acceleration_x,3.365140936003894e-05,4.20801003172326e-05,0.51,0.48,0.5,0.52,0.5,0.02
linear_acceleration_y,0.00020328014039594277,0.00020592129588018946,0.5,0.51,0.49,0.48,0.49,0.015
linear_acceleration_z,0.0031751531080185425,0.0033018791478864455,0.5,0.49,0.51,0.57,0.49,0.07
abs_angular_x,0.1534592530780837,0.15504634878414852,0.39,0.49,0.79,0.47,0.63,0.29
abs_angular_y,0.036353042392666984,0.036218909442311285,0.34,0.58,0.76,0.43,0.59,0.261
abs_angular_z,0.7325963674506193,0.7325523725813061,0.35,0.47,0.97,0.51,0.53,0.469
abs_linear_acceleration_x,0.08458746767930263,0.08335402682519714,0.26,0.72,0.69,0.37,0.5,0.239
abs_linear_acceleration_y,0.09010647000393776,0.08810063913354943,0.28,0.71,0.7,0.35,0.44,0.222
abs_linear_acceleration_z,0.0824065911703988,0.08321972988538434,0.37,0.54,0.63,0.76,0.71,0.261
ang_norm,0.3988725770021813,0.3990087175987195,0.3,0.54,0.94,0.45,0.61,0.436
acc_norm,0.09847432644407196,0.09565726608707321,0.25,0.71,0.71,0.52,0.53,0.254
d1_battery_voltage,0.00019496520484547239,0.00019496520484547239,0.5,0.49,0.5,0.5,0.5,0.006
slope50_battery_voltage,0.044983004174392174,0.0447504565667869,0.55,0.48,0.47,0.25,0.56,0.253
d1_battery_current,0.012208133917133329,0.012208133917133329,0.49,0.52,0.48,0.54,0.49,0.039
slope50_battery_current,0.11508594576760338,0.11492868926931517,0.48,0.49,0.53,0.82,0.4,0.321
d1_wind_speed,1.2644089426966964e-05,1.2644089426966964e-05,0.5,0.5,0.5,0.5,0.5,0.002
slope50_wind_speed,0.00047897154181361147,0.00045253664995753383,0.49,0.5,0.49,0.53,0.53,0.033
rstd10_angular_x,0.15296427483592268,0.15538920245345936,0.34,0.54,0.83,0.46,0.67,0.326
rmean10_angular_x,0.0013973573876456253,0.0013743949064641354,0.51,0.5,0.48,0.54,0.51,0.038
rmean50_angular_x,0.017615005416631548,0.013052365167858931,0.56,0.41,0.53,0.55,0.51,0.088
rstd10_angular_y,0.09124518118642928,0.0900744360752059,0.3,0.62,0.77,0.41,0.6,0.273
rmean10_angular_y,0.028730130287220993,0.028489821829562948,0.67,0.27,0.58,0.52,0.49,0.231
rmean50_angular_y,0.08249860230358817,0.07814040481969038,0.4,0.7,0.38,0.4,0.39,0.198
rstd10_angular_z,0.4057796611323564,0.40468506958696976,0.35,0.5,0.92,0.5,0.54,0.419
rmean10_angular_z,0.0015816106961466653,0.001596790401761942,0.49,0.54,0.44,0.49,0.54,0.06
rmean50_angular_z,0.006017911169988004,0.004982607614587326,0.56,0.43,0.48,0.53,0.5,0.074
rstd10_linear_acceleration_x,0.11301084995582933,0.11180058284683003,0.28,0.65,0.78,0.42,0.56,0.278
rmean10_linear_acceleration_x,0.00033224038884176893,0.0002923020986247707,0.52,0.47,0.51,0.52,0.48,0.027
rmean50_linear_acceleration_x,0.00048471284841628665,0.0005478786230313975,0.5,0.51,0.48,0.52,0.46,0.037
rstd10_linear_acceleration_y,0.11922057548025412,0.11827045938044357,0.28,0.64,0.79,0.44,0.5,0.287
rmean10_linear_acceleration_y,0.0016101761074483502,0.0015952440453257,0.51,0.51,0.46,0.49,0.48,0.036
rmean50_linear_acceleration_y,0.0006337393659141263,0.000662034035593311,0.49,0.53,0.48,0.49,0.43,0.067
rstd10_linear_acceleration_z,0.10397255235552313,0.10467900940221844,0.28,0.6,0.71,0.79,0.76,0.292
rmean10_linear_acceleration_z,0.044501265059142606,0.0450922083816851,0.47,0.5,0.53,0.67,0.47,0.17
rmean50_linear_acceleration_z,0.15691866601172844,0.15985231538373873,0.48,0.48,0.53,0.82,0.38,0.322
rstd10_ang_norm,0.18566554455743806,0.18536997082865161,0.29,0.61,0.85,0.39,0.55,0.351
rmean10_ang_norm,0.32000345961654475,0.3198799849354232,0.27,0.61,0.89,0.42,0.58,0.39
rmean50_ang_norm,0.33438285476404417,0.30071468354562453,0.21,0.81,0.65,0.33,0.45,0.307
rstd10_acc_norm,0.16244226686547747,0.16092583470400412,0.25,0.65,0.8,0.57,0.53,0.302
rmean10_acc_norm,0.1753979497192176,0.17092429241902962,0.22,0.75,0.68,0.52,0.51,0.283
rmean50_acc_norm,0.3531545529714786,0.31335681197990467,0.21,0.83,0.61,0.44,0.41,0.326
