weight,section,F1,precision,recall,FN,FP
1.0,all,0.8777555110220441,0.9605263157894737,0.8081180811808119,52,9
1.0,highwear,0.7272727272727273,0.9032258064516129,0.6086956521739131,36,6
1.0,other,0.9449275362318841,0.9819277108433735,0.9106145251396648,16,3
1.5,all,0.876,0.9563318777292577,0.8081180811808119,52,10
1.5,highwear,0.7225806451612903,0.8888888888888888,0.6086956521739131,36,7
1.5,other,0.9449275362318841,0.9819277108433735,0.9106145251396648,16,3
2.0,all,0.8777555110220441,0.9605263157894737,0.8081180811808119,52,9
2.0,highwear,0.7225806451612903,0.8888888888888888,0.6086956521739131,36,7
2.0,other,0.9476744186046512,0.9878787878787879,0.9106145251396648,16,2
