id,score
S08000,0.0
S08001,0.0
S08002,0.0
S08003,0.0
S08004,0.0
S08005,0.0
S08006,0.0
S08007,0.0
S08008,0.0
S08009,0.0
S08010,0.0
S08011,0.0
S08012,0.0
S08013,0.0
S08014,0.0
S08015,0.0
S08016,0.0
S08017,0.0
S08018,0.0
S08019,0.0
S08020,0.0
S08021,0.0
S08022,0.0
S08023,0.0
S08024,0.0
S08025,0.0
S08026,0.0
S08027,0.0
S08028,0.0
S08029,0.0
S08030,0.0
S08031,0.0
S08032,0.0
S08033,0.0
S08034,0.0
S08035,0.0
S08036,0.0
S08037,0.0
S08038,0.0
S08039,0.0
S08040,0.0
S08041,0.0
S08042,0.0
S08043,0.0
S08044,0.0
S08045,0.0
S08046,0.0
S08047,0.0
S08048,0.0
S08049,0.0
S08050,0.0
S08051,0.0
S08052,0.0
S08053,0.0
S08054,0.0
S08055,0.0
S08056,0.0
S08057,0.0
S08058,0.0
S08059,0.0
S08060,0.0
S08061,0.0
S08062,0.0
S08063,0.0
S08064,0.0
S08065,0.0
S08066,0.0
S08067,0.0
S08068,0.0
S08069,0.0
S08070,0.0
S08071,0.0
S08072,0.0
S08073,0.0
S08074,0.0
S08075,0.0
S08076,0.0
S08077,0.0
S08078,0.0
S08079,0.0
S08080,0.0
S08081,0.0
S08082,0.0
S08083,0.0
S08084,0.0
S08085,0.0
S08086,0.0
S08087,0.0
S08088,0.0
S08089,0.0
S08090,0.0
S08091,0.0
S08092,0.0
S08093,0.0
S08094,0.0
S08095,0.0
S08096,0.0
S08097,0.0
S08098,0.0
S08099,0.0
S08100,0.0
S08101,0.0
S08102,0.0
S08103,0.0
S08104,0.0
S08105,0.0
S08106,0.0
S08107,0.0
S08108,0.0
S08109,0.0
S08110,0.0
S08111,0.0
S08112,0.0
S08113,0.0
S08114,0.0
S08115,0.0
S08116,0.0
S08117,0.0
S08118,0.0
S08119,0.0
S08120,0.0
S08121,0.0
S08122,0.0
S08123,0.0
S08124,0.0
S08125,0.0
S08126,0.0
S08127,0.0
S08128,0.0
S08129,0.0
S08130,0.0
S08131,0.0
S08132,0.0
S08133,0.0
S08134,0.0
S08135,0.0
S08136,0.0
S08137,0.0
S08138,0.0
S08139,0.0
S08140,0.0
S08141,0.0
S08142,0.0
S08143,0.0
S08144,0.0
S08145,0.0
S08146,0.0
S08147,0.0
S08148,0.0
S08149,0.0
S08150,0.0
S08151,0.0
S08152,0.0
S08153,0.0
S08154,0.0
S08155,0.0
S08156,0.0
S08157,0.0
S08158,0.0
S08159,0.0
S08160,0.0
S08161,0.0
S08162,0.0
S08163,0.0
S08164,0.0
S08165,0.0
S08166,0.0
S08167,0.0
S08168,0.0
S08169,0.0
S08170,0.0
S08171,0.0
S08172,0.0
S08173,0.0
S08174,0.0
S08175,0.0
S08176,0.0
S08177,0.0
S08178,0.0
S08179,0.0
S08180,0.0
S08181,0.0
S08182,0.0
S08183,0.0
S08184,0.0
S08185,0.0
S08186,0.0
S08187,0.0
S08188,0.0
S08189,0.0
S08190,0.0
S08191,0.0
S08192,0.0
S08193,0.0
S08194,0.0
S08195,0.0
S08196,0.0
S08197,0.0
S08198,0.0
S08199,0.0
S08200,0.0
S08201,0.0
S08202,0.0
S08203,0.0
S08204,0.0
S08205,0.0
S08206,0.0
S08207,0.0
S08208,0.0
S08209,0.0
S08210,0.0
S08211,0.0
S08212,0.0
S08213,0.0
S08214,0.0
S08215,0.0
S08216,0.0
S08217,0.0
S08218,0.0
S08219,0.0
S08220,0.0
S08221,0.0
S08222,0.0
S08223,0.0
S08224,0.0
S08225,0.0
S08226,0.0
S08227,0.0
S08228,0.0
S08229,0.0
S08230,0.0
S08231,0.0
S08232,0.0
S08233,0.0
S08234,0.0
S08235,0.0
S08236,0.0
S08237,0.0
S08238,0.0
S08239,0.0
S08240,0.0
S08241,0.0
S08242,0.0
S08243,0.0
S08244,0.0
S08245,0.0
S08246,0.0
S08247,0.0
S08248,0.0
S08249,0.0
S08250,0.0
S08251,0.0
S08252,0.0
S08253,0.0
S08254,0.0
S08255,0.0
S08256,0.0
S08257,0.0
S08258,0.0
S08259,0.0
S08260,0.0
S08261,0.0
S08262,0.0
S08263,0.0
S08264,0.0
S08265,0.0
S08266,0.0
S08267,0.0
S08268,0.0
S08269,0.0
S08270,0.0
S08271,0.0
S08272,0.0
S08273,0.0
S08274,0.0
S08275,0.0
S08276,0.0
S08277,0.0
S08278,0.0
S08279,0.0
S08280,0.0
S08281,0.0
S08282,0.0
S08283,0.0
S08284,0.0
S08285,0.0
S08286,0.0
S08287,0.0
S08288,0.0
S08289,0.0
S08290,0.0
S08291,0.0
S08292,0.0
S08293,0.0
S08294,0.0
S08295,0.0
S08296,0.0
S08297,0.0
S08298,0.0
S08299,0.0
S08300,0.0
S08301,0.0
S08302,0.0
S08303,0.0
S08304,0.0
S08305,0.0
S08306,0.0
S08307,0.0
S08308,0.0
S08309,0.0
S08310,0.0
S08311,0.0
S08312,0.0
S08313,0.0
S08314,0.0
S08315,0.0
S08316,0.0
S08317,0.0
S08318,0.0
S08319,0.0
S08320,0.0
S08321,0.0
S08322,0.0
S08323,0.0
S08324,0.0
S08325,0.0
S08326,0.0
S08327,0.0
S08328,0.0
S08329,0.0
S08330,0.0
S08331,0.0
S08332,0.0
S08333,0.0
S08334,0.0
S08335,0.0
S08336,0.0
S08337,0.0
S08338,0.0
S08339,0.0
S08340,0.0
S08341,0.0
S08342,0.0
S08343,0.0
S08344,0.0
S08345,0.0
S08346,0.0
S08347,0.0
S08348,0.0
S08349,0.0
S08350,0.0
S08351,0.0
S08352,0.0
S08353,0.0
S08354,0.0
S08355,0.0
S08356,0.0
S08357,0.0
S08358,0.0
S08359,0.0
S08360,0.0
S08361,0.0
S08362,0.0
S08363,0.0
S08364,0.0
S08365,0.0
S08366,0.0
S08367,0.0
S08368,0.0
S08369,0.0
S08370,0.0
S08371,0.0
S08372,0.0
S08373,0.0
S08374,0.0
S08375,0.0
S08376,0.0
S08377,0.0
S08378,0.0
S08379,0.0
S08380,0.0
S08381,0.0
S08382,0.0
S08383,0.0
S08384,0.0
S08385,0.0
S08386,0.0
S08387,0.0
S08388,0.0
S08389,0.0
S08390,0.0
S08391,0.0
S08392,0.0
S08393,0.0
S08394,0.0
S08395,0.0
S08396,0.0
S08397,0.0
S08398,0.0
S08399,0.0
S08400,0.0
S08401,0.0
S08402,0.0
S08403,0.0
S08404,0.0
S08405,0.0
S08406,0.0
S08407,0.0
S08408,0.0
S08409,0.0
S08410,0.0
S08411,0.0
S08412,0.0
S08413,0.0
S08414,0.0
S08415,0.0
S08416,0.0
S08417,0.0
S08418,0.0
S08419,0.0
S08420,0.0
S08421,0.0
S08422,0.0
S08423,0.0
S08424,0.0
S08425,0.0
S08426,0.0
S08427,0.0
S08428,0.0
S08429,0.0
S08430,0.0
S08431,0.0
S08432,0.0
S08433,0.0
S08434,0.0
S08435,0.0
S08436,0.0
S08437,0.0
S08438,0.0
S08439,0.0
S08440,0.0
S08441,0.0
S08442,0.0
S08443,0.0
S08444,0.0
S08445,0.0
S08446,0.0
S08447,0.0
S08448,0.0
S08449,0.0
S08450,0.0
S08451,0.0
S08452,0.0
S08453,0.0
S08454,0.0
S08455,0.0
S08456,0.0
S08457,0.0
S08458,0.0
S08459,0.0
S08460,0.0
S08461,0.0
S08462,0.0
S08463,0.0
S08464,0.0
S08465,0.0
S08466,0.0
S08467,0.0
S08468,0.0
S08469,0.0
S08470,0.0
S08471,0.0
S08472,0.0
S08473,0.0
S08474,0.0
S08475,0.0
S08476,0.0
S08477,0.0
S08478,0.0
S08479,0.0
S08480,0.0
S08481,0.0
S08482,0.0
S08483,0.0
S08484,0.0
S08485,0.0
S08486,0.0
S08487,0.0
S08488,0.0
S08489,0.0
S08490,0.0
S08491,0.0
S08492,0.0
S08493,0.0
S08494,0.0
S08495,0.0
S08496,0.0
S08497,0.0
S08498,0.0
S08499,0.0
S08500,0.0
S08501,0.0
S08502,0.0
S08503,0.0
S08504,0.0
S08505,0.0
S08506,0.0
S08507,0.0
S08508,0.0
S08509,0.0
S08510,0.0
S08511,0.0
S08512,0.0
S08513,0.0
S08514,0.0
S08515,0.0
S08516,0.0
S08517,0.0
S08518,0.0
S08519,0.0
S08520,0.0
S08521,0.0
S08522,0.0
S08523,0.0
S08524,0.0
S08525,0.0
S08526,0.0
S08527,0.0
S08528,0.0
S08529,0.0
S08530,0.0
S08531,0.0
S08532,0.0
S08533,0.0
S08534,0.0
S08535,0.0
S08536,0.0
S08537,0.0
S08538,0.0
S08539,0.0
S08540,0.0
S08541,0.0
S08542,0.0
S08543,0.0
S08544,0.0
S08545,0.0
S08546,0.0
S08547,0.0
S08548,0.0
S08549,0.0
S08550,0.0
S08551,0.0
S08552,0.0
S08553,0.0
S08554,0.0
S08555,0.0
S08556,0.0
S08557,0.0
S08558,0.0
S08559,0.0
S08560,0.0
S08561,0.0
S08562,0.0
S08563,0.0
S08564,0.0
S08565,0.0
S08566,0.0
S08567,0.0
S08568,0.0
S08569,0.0
S08570,0.0
S08571,0.0
S08572,0.0
S08573,0.0
S08574,0.0
S08575,0.0
S08576,0.0
S08577,0.0
S08578,0.0
S08579,0.0
S08580,0.0
S08581,0.0
S08582,0.0
S08583,0.0
S08584,0.0
S08585,0.0
S08586,0.0
S08587,0.0
S08588,0.0
S08589,0.0
S08590,0.0
S08591,0.0
S08592,0.0
S08593,0.0
S08594,0.0
S08595,0.0
S08596,0.0
S08597,0.0
S08598,0.0
S08599,0.0
S08600,0.0
S08601,0.0
S08602,0.0
S08603,0.0
S08604,0.0
S08605,0.0
S08606,0.0
S08607,0.0
S08608,0.0
S08609,0.0
S08610,0.0
S08611,0.0
S08612,0.0
S08613,0.0
S08614,0.0
S08615,0.0
S08616,0.0
S08617,0.0
S08618,0.0
S08619,0.0
S08620,0.0
S08621,0.0
S08622,0.0
S08623,0.0
S08624,0.0
S08625,0.0
S08626,0.0
S08627,0.0
S08628,0.0
S08629,0.0
S08630,0.0
S08631,0.0
S08632,0.0
S08633,0.0
S08634,0.0
S08635,0.0
S08636,0.0
S08637,0.0
S08638,0.0
S08639,0.0
S08640,0.0
S08641,0.0
S08642,0.0
S08643,0.0
S08644,0.0
S08645,0.0
S08646,0.0
S08647,0.0
S08648,0.0
S08649,0.0
S08650,0.0
S08651,0.0
S08652,0.0
S08653,0.0
S08654,0.0
S08655,0.0
S08656,0.0
S08657,0.0
S08658,0.0
S08659,0.0
S08660,0.0
S08661,0.0
S08662,0.0
S08663,0.0
S08664,0.0
S08665,0.0
S08666,0.0
S08667,0.0
S08668,0.0
S08669,0.0
S08670,0.0
S08671,0.0
S08672,0.0
S08673,0.0
S08674,0.0
S08675,0.0
S08676,0.0
S08677,0.0
S08678,0.0
S08679,0.0
S08680,0.0
S08681,0.0
S08682,0.0
S08683,0.0
S08684,0.0
S08685,0.0
S08686,0.0
S08687,0.0
S08688,0.0
S08689,0.0
S08690,0.0
S08691,0.0
S08692,0.0
S08693,0.0
S08694,0.0
S08695,0.0
S08696,0.0
S08697,0.0
S08698,0.0
S08699,0.0
S08700,0.0
S08701,0.0
S08702,0.0
S08703,0.0
S08704,0.0
S08705,0.0
S08706,0.0
S08707,0.0
S08708,0.0
S08709,0.0
S08710,0.0
S08711,0.0
S08712,0.0
S08713,0.0
S08714,0.0
S08715,0.0
S08716,0.0
S08717,0.0
S08718,0.0
S08719,0.0
S08720,0.0
S08721,0.0
S08722,0.0
S08723,0.0
S08724,0.0
S08725,0.0
S08726,0.0
S08727,0.0
S08728,0.0
S08729,0.0
S08730,0.0
S08731,0.0
S08732,0.0
S08733,0.0
S08734,0.0
S08735,0.0
S08736,0.0
S08737,0.0
S08738,0.0
S08739,0.0
S08740,0.0
S08741,0.0
S08742,0.0
S08743,0.0
S08744,0.0
S08745,0.0
S08746,0.0
S08747,0.0
S08748,0.0
S08749,0.0
S08750,0.0
S08751,0.0
S08752,0.0
S08753,0.0
S08754,0.0
S08755,0.0
S08756,0.0
S08757,0.0
S08758,0.0
S08759,0.0
S08760,0.0
S08761,0.0
S08762,0.0
S08763,0.0
S08764,0.0
S08765,0.0
S08766,0.0
S08767,0.0
S08768,0.0
S08769,0.0
S08770,0.0
S08771,0.0
S08772,0.0
S08773,0.0
S08774,0.0
S08775,0.0
S08776,0.0
S08777,0.0
S08778,0.0
S08779,0.0
S08780,0.0
S08781,0.0
S08782,0.0
S08783,0.0
S08784,0.0
S08785,0.0
S08786,0.0
S08787,0.0
S08788,0.0
S08789,0.0
S08790,0.0
S08791,0.0
S08792,0.0
S08793,0.0
S08794,0.0
S08795,0.0
S08796,0.0
S08797,0.0
S08798,0.0
S08799,0.0
S08800,0.0
S08801,0.0
S08802,0.0
S08803,0.0
S08804,0.0
S08805,0.0
S08806,0.0
S08807,0.0
S08808,0.0
S08809,0.0
S08810,0.0
S08811,0.0
S08812,0.0
S08813,0.0
S08814,0.0
S08815,0.0
S08816,0.0
S08817,0.0
S08818,0.0
S08819,0.0
S08820,0.0
S08821,0.0
S08822,0.0
S08823,0.0
S08824,0.0
S08825,0.0
S08826,0.0
S08827,0.0
S08828,0.0
S08829,0.0
S08830,0.0
S08831,0.0
S08832,0.0
S08833,0.0
S08834,0.0
S08835,0.0
S08836,0.0
S08837,0.0
S08838,0.0
S08839,0.0
S08840,0.0
S08841,0.0
S08842,0.0
S08843,0.0
S08844,0.0
S08845,0.0
S08846,0.0
S08847,0.0
S08848,0.0
S08849,0.0
S08850,0.0
S08851,0.0
S08852,0.0
S08853,0.0
S08854,0.0
S08855,0.0
S08856,0.0
S08857,0.0
S08858,0.0
S08859,0.0
S08860,0.0
S08861,0.0
S08862,0.0
S08863,0.0
S08864,0.0
S08865,0.0
S08866,0.0
S08867,0.0
S08868,0.0
S08869,0.0
S08870,0.0
S08871,0.0
S08872,0.0
S08873,0.0
S08874,0.0
S08875,0.0
S08876,0.0
S08877,0.0
S08878,0.0
S08879,0.0
S08880,0.0
S08881,0.0
S08882,0.0
S08883,0.0
S08884,0.0
S08885,0.0
S08886,0.0
S08887,0.0
S08888,0.0
S08889,0.0
S08890,0.0
S08891,0.0
S08892,0.0
S08893,0.0
S08894,0.0
S08895,0.0
S08896,0.0
S08897,0.0
S08898,0.0
S08899,0.0
S08900,0.0
S08901,0.0
S08902,0.0
S08903,0.0
S08904,0.0
S08905,0.0
S08906,0.0
S08907,0.0
S08908,0.0
S08909,0.0
S08910,0.0
S08911,0.0
S08912,0.0
S08913,0.0
S08914,0.0
S08915,0.0
S08916,0.0
S08917,0.0
S08918,0.0
S08919,0.0
S08920,0.0
S08921,0.0
S08922,0.0
S08923,0.0
S08924,0.0
S08925,0.0
S08926,0.0
S08927,0.0
S08928,0.0
S08929,0.0
S08930,0.0
S08931,0.0
S08932,0.0
S08933,0.0
S08934,0.0
S08935,0.0
S08936,0.0
S08937,0.0
S08938,0.0
S08939,0.0
S08940,0.0
S08941,0.0
S08942,0.0
S08943,0.0
S08944,0.0
S08945,0.0
S08946,0.0
S08947,0.0
S08948,0.0
S08949,0.0
S08950,0.0
S08951,0.0
S08952,0.0
S08953,0.0
S08954,0.0
S08955,0.0
S08956,0.0
S08957,0.0
S08958,0.0
S08959,0.0
S08960,0.0
S08961,0.0
S08962,0.0
S08963,0.0
S08964,0.0
S08965,0.0
S08966,0.0
S08967,0.0
S08968,0.0
S08969,0.0
S08970,0.0
S08971,0.0
S08972,0.0
S08973,0.0
S08974,0.0
S08975,0.0
S08976,0.0
S08977,0.0
S08978,0.0
S08979,0.0
S08980,0.0
S08981,0.0
S08982,0.0
S08983,0.0
S08984,0.0
S08985,0.0
S08986,0.0
S08987,0.0
S08988,0.0
S08989,0.0
S08990,0.0
S08991,0.0
S08992,0.0
S08993,0.0
S08994,0.0
S08995,0.0
S08996,0.0
S08997,0.0
S08998,0.0
S08999,0.0
S09000,0.0
S09001,0.0
S09002,0.0
S09003,0.0
S09004,0.0
S09005,0.0
S09006,0.0
S09007,0.0
S09008,0.0
S09009,0.0
S09010,0.0
S09011,0.0
S09012,0.0
S09013,0.0
S09014,0.0
S09015,0.0
S09016,0.0
S09017,0.0
S09018,0.0
S09019,0.0
S09020,0.0
S09021,0.0
S09022,0.0
S09023,0.0
S09024,0.0
S09025,0.0
S09026,0.0
S09027,0.0
S09028,0.0
S09029,0.0
S09030,0.0
S09031,0.0
S09032,0.0
S09033,0.0
S09034,0.0
S09035,0.0
S09036,0.0
S09037,0.0
S09038,0.0
S09039,0.0
S09040,0.0
S09041,0.0
S09042,0.0
S09043,0.0
S09044,0.0
S09045,0.0
S09046,0.0
S09047,0.0
S09048,0.0
S09049,0.0
S09050,0.0
S09051,0.0
S09052,0.0
S09053,0.0
S09054,0.0
S09055,0.0
S09056,0.0
S09057,0.0
S09058,0.0
S09059,0.0
S09060,0.0
S09061,0.0
S09062,0.0
S09063,0.0
S09064,0.0
S09065,0.0
S09066,0.0
S09067,0.0
S09068,0.0
S09069,0.0
S09070,0.0
S09071,0.0
S09072,0.0
S09073,0.0
S09074,0.0
S09075,0.0
S09076,0.0
S09077,0.0
S09078,0.0
S09079,0.0
S09080,0.0
S09081,0.0
S09082,0.0
S09083,0.0
S09084,0.0
S09085,0.0
S09086,0.0
S09087,0.0
S09088,0.0
S09089,0.0
S09090,0.0
S09091,0.0
S09092,0.0
S09093,0.0
S09094,0.0
S09095,0.0
S09096,0.0
S09097,0.0
S09098,0.0
S09099,0.0
S09100,0.0
S09101,0.0
S09102,0.0
S09103,0.0
S09104,0.0
S09105,0.0
S09106,0.0
S09107,0.0
S09108,0.0
S09109,0.0
S09110,0.0
S09111,0.0
S09112,0.0
S09113,0.0
S09114,0.0
S09115,0.0
S09116,0.0
S09117,0.0
S09118,0.0
S09119,0.0
S09120,0.0
S09121,0.0
S09122,0.0
S09123,0.0
S09124,0.0
S09125,0.0
S09126,0.0
S09127,0.0
S09128,0.0
S09129,0.0
S09130,0.0
S09131,0.0
S09132,0.0
S09133,0.0
S09134,0.0
S09135,0.0
S09136,0.0
S09137,0.0
S09138,0.0
S09139,0.0
S09140,0.0
S09141,0.0
S09142,0.0
S09143,0.0
S09144,0.0
S09145,0.0
S09146,0.0
S09147,0.0
S09148,0.0
S09149,0.0
S09150,0.0
S09151,0.0
S09152,0.0
S09153,0.0
S09154,0.0
S09155,0.0
S09156,0.0
S09157,0.0
S09158,0.0
S09159,0.0
S09160,0.0
S09161,0.0
S09162,0.0
S09163,0.0
S09164,0.0
S09165,0.0
S09166,0.0
S09167,0.0
S09168,0.0
S09169,0.0
S09170,0.0
S09171,0.0
S09172,0.0
S09173,0.0
S09174,0.0
S09175,0.0
S09176,0.0
S09177,0.0
S09178,0.0
S09179,0.0
S09180,0.0
S09181,0.0
S09182,0.0
S09183,0.0
S09184,0.0
S09185,0.0
S09186,0.0
S09187,0.0
S09188,0.0
S09189,0.0
S09190,0.0
S09191,0.0
S09192,0.0
S09193,0.0
S09194,0.0
S09195,0.0
S09196,0.0
S09197,0.0
S09198,0.0
S09199,0.0
S09200,0.0
S09201,0.0
S09202,0.0
S09203,0.0
S09204,0.0
S09205,0.0
S09206,0.0
S09207,0.0
S09208,0.0
S09209,0.0
S09210,0.0
S09211,0.0
S09212,0.0
S09213,0.0
S09214,0.0
S09215,0.0
S09216,0.0
S09217,0.0
S09218,0.0
S09219,0.0
S09220,0.0
S09221,0.0
S09222,0.0
S09223,0.0
S09224,0.0
S09225,0.0
S09226,0.0
S09227,0.0
S09228,0.0
S09229,0.0
S09230,0.0
S09231,0.0
S09232,0.0
S09233,0.0
S09234,0.0
S09235,0.0
S09236,0.0
S09237,0.0
S09238,0.0
S09239,0.0
S09240,0.0
S09241,0.0
S09242,0.0
S09243,0.0
S09244,0.0
S09245,0.0
S09246,0.0
S09247,0.0
S09248,0.0
S09249,0.0
S09250,0.0
S09251,0.0
S09252,0.0
S09253,0.0
S09254,0.0
S09255,0.0
S09256,0.0
S09257,0.0
S09258,0.0
S09259,0.0
S09260,0.0
S09261,0.0
S09262,0.0
S09263,0.0
S09264,0.0
S09265,0.0
S09266,0.0
S09267,0.0
S09268,0.0
S09269,0.0
S09270,0.0
S09271,0.0
S09272,0.0
S09273,0.0
S09274,0.0
S09275,0.0
S09276,0.0
S09277,0.0
S09278,0.0
S09279,0.0
S09280,0.0
S09281,0.0
S09282,0.0
S09283,0.0
S09284,0.0
S09285,0.0
S09286,0.0
S09287,0.0
S09288,0.0
S09289,0.0
S09290,0.0
S09291,0.0
S09292,0.0
S09293,0.0
S09294,0.0
S09295,0.0
S09296,0.0
S09297,0.0
S09298,0.0
S09299,0.0
S09300,0.0
S09301,0.0
S09302,0.0
S09303,0.0
S09304,0.0
S09305,0.0
S09306,0.0
S09307,0.0
S09308,0.0
S09309,0.0
S09310,0.0
S09311,0.0
S09312,0.0
S09313,0.0
S09314,0.0
S09315,0.0
S09316,0.0
S09317,0.0
S09318,0.0
S09319,0.0
S09320,0.0
S09321,0.0
S09322,0.0
S09323,0.0
S09324,0.0
S09325,0.0
S09326,0.0
S09327,0.0
S09328,0.0
S09329,0.0
S09330,0.0
S09331,0.0
S09332,0.0
S09333,0.0
S09334,0.0
S09335,0.0
S09336,0.0
S09337,0.0
S09338,0.0
S09339,0.0
S09340,0.0
S09341,0.0
S09342,0.0
S09343,0.0
S09344,0.0
S09345,0.0
S09346,0.0
S09347,0.0
S09348,0.0
S09349,0.0
S09350,0.0
S09351,0.0
S09352,0.0
S09353,0.0
S09354,0.0
S09355,0.0
S09356,0.0
S09357,0.0
S09358,0.0
S09359,0.0
S09360,0.0
S09361,0.0
S09362,0.0
S09363,0.0
S09364,0.0
S09365,0.0
S09366,0.0
S09367,0.0
S09368,0.0
S09369,0.0
S09370,0.0
S09371,0.0
S09372,0.0
S09373,0.0
S09374,0.0
S09375,0.0
S09376,0.0
S09377,0.0
S09378,0.0
S09379,0.0
S09380,0.0
S09381,0.0
S09382,0.0
S09383,0.0
S09384,0.0
S09385,0.0
S09386,0.0
S09387,0.0
S09388,0.0
S09389,0.0
S09390,0.0
S09391,0.0
S09392,0.0
S09393,0.0
S09394,0.0
S09395,0.0
S09396,0.0
S09397,0.0
S09398,0.0
S09399,0.0
S09400,0.0
S09401,0.0
S09402,0.0
S09403,0.0
S09404,0.0
S09405,0.0
S09406,0.0
S09407,0.0
S09408,0.0
S09409,0.0
S09410,0.0
S09411,0.0
S09412,0.0
S09413,0.0
S09414,0.0
S09415,0.0
S09416,0.0
S09417,0.0
S09418,0.0
S09419,0.0
S09420,0.0
S09421,0.0
S09422,0.0
S09423,0.0
S09424,0.0
S09425,0.0
S09426,0.0
S09427,0.0
S09428,0.0
S09429,0.0
S09430,0.0
S09431,0.0
S09432,0.0
S09433,0.0
S09434,0.0
S09435,0.0
S09436,0.0
S09437,0.0
S09438,0.0
S09439,0.0
S09440,0.0
S09441,0.0
S09442,0.0
S09443,0.0
S09444,0.0
S09445,0.0
S09446,0.0
S09447,0.0
S09448,0.0
S09449,0.0
S09450,0.0
S09451,0.0
S09452,0.0
S09453,0.0
S09454,0.0
S09455,0.0
S09456,0.0
S09457,0.0
S09458,0.0
S09459,0.0
S09460,0.0
S09461,0.0
S09462,0.0
S09463,0.0
S09464,0.0
S09465,0.0
S09466,0.0
S09467,0.0
S09468,0.0
S09469,0.0
S09470,0.0
S09471,0.0
S09472,0.0
S09473,0.0
S09474,0.0
S09475,0.0
S09476,0.0
S09477,0.0
S09478,0.0
S09479,0.0
S09480,0.0
S09481,0.0
S09482,0.0
S09483,0.0
S09484,0.0
S09485,0.0
S09486,0.0
S09487,0.0
S09488,0.0
S09489,0.0
S09490,0.0
S09491,0.0
S09492,0.0
S09493,0.0
S09494,0.0
S09495,0.0
S09496,0.0
S09497,0.0
S09498,0.0
S09499,0.0
S09500,0.0
S09501,0.0
S09502,0.0
S09503,0.0
S09504,0.0
S09505,0.0
S09506,0.0
S09507,0.0
S09508,0.0
S09509,0.0
S09510,0.0
S09511,0.0
S09512,0.0
S09513,0.0
S09514,0.0
S09515,0.0
S09516,0.0
S09517,0.0
S09518,0.0
S09519,0.0
S09520,0.0
S09521,0.0
S09522,0.0
S09523,0.0
S09524,0.0
S09525,0.0
S09526,0.0
S09527,0.0
S09528,0.0
S09529,0.0
S09530,0.0
S09531,0.0
S09532,0.0
S09533,0.0
S09534,0.0
S09535,0.0
S09536,0.0
S09537,0.0
S09538,0.0
S09539,0.0
S09540,0.0
S09541,0.0
S09542,0.0
S09543,0.0
S09544,0.0
S09545,0.0
S09546,0.0
S09547,0.0
S09548,0.0
S09549,0.0
S09550,0.0
S09551,0.0
S09552,0.0
S09553,0.0
S09554,0.0
S09555,0.0
S09556,0.0
S09557,0.0
S09558,0.0
S09559,0.0
S09560,0.0
S09561,0.0
S09562,0.0
S09563,0.0
S09564,0.0
S09565,0.0
S09566,0.0
S09567,0.0
S09568,0.0
S09569,0.0
S09570,0.0
S09571,0.0
S09572,0.0
S09573,0.0
S09574,0.0
S09575,0.0
S09576,0.0
S09577,0.0
S09578,0.0
S09579,0.0
S09580,0.0
S09581,0.0
S09582,0.0
S09583,0.0
S09584,0.0
S09585,0.0
S09586,0.0
S09587,0.0
S09588,0.0
S09589,0.0
S09590,0.0
S09591,0.0
S09592,0.0
S09593,0.0
S09594,0.0
S09595,0.0
S09596,0.0
S09597,0.0
S09598,0.0
S09599,0.0
S09600,0.0
S09601,0.0
S09602,0.0
S09603,0.0
S09604,0.0
S09605,0.0
S09606,0.0
S09607,0.0
S09608,0.0
S09609,0.0
S09610,0.0
S09611,0.0
S09612,0.0
S09613,0.0
S09614,0.0
S09615,0.0
S09616,0.0
S09617,0.0
S09618,0.0
S09619,0.0
S09620,0.0
S09621,0.0
S09622,0.0
S09623,0.0
S09624,0.0
S09625,0.0
S09626,0.0
S09627,0.0
S09628,0.0
S09629,0.0
S09630,0.0
S09631,0.0
S09632,0.0
S09633,0.0
S09634,0.0
S09635,0.0
S09636,0.0
S09637,0.0
S09638,0.0
S09639,0.0
S09640,0.0
S09641,0.0
S09642,0.0
S09643,0.0
S09644,0.0
S09645,0.0
S09646,0.0
S09647,0.0
S09648,0.0
S09649,0.0
S09650,0.0
S09651,0.0
S09652,0.0
S09653,0.0
S09654,0.0
S09655,0.0
S09656,0.0
S09657,0.0
S09658,0.0
S09659,0.0
S09660,0.0
S09661,0.0
S09662,0.0
S09663,0.0
S09664,0.0
S09665,0.0
S09666,0.0
S09667,0.0
S09668,0.0
S09669,0.0
S09670,0.0
S09671,0.0
S09672,0.0
S09673,0.0
S09674,0.0
S09675,0.0
S09676,0.0
S09677,0.0
S09678,0.0
S09679,0.0
S09680,0.0
S09681,0.0
S09682,0.0
S09683,0.0
S09684,0.0
S09685,0.0
S09686,0.0
S09687,0.0
S09688,0.0
S09689,0.0
S09690,0.0
S09691,0.0
S09692,0.0
S09693,0.0
S09694,0.0
S09695,0.0
S09696,0.0
S09697,0.0
S09698,0.0
S09699,0.0
S09700,0.0
S09701,0.0
S09702,0.0
S09703,0.0
S09704,0.0
S09705,0.0
S09706,0.0
S09707,0.0
S09708,0.0
S09709,0.0
S09710,0.0
S09711,0.0
S09712,0.0
S09713,0.0
S09714,0.0
S09715,0.0
S09716,0.0
S09717,0.0
S09718,0.0
S09719,0.0
S09720,0.0
S09721,0.0
S09722,0.0
S09723,0.0
S09724,0.0
S09725,0.0
S09726,0.0
S09727,0.0
S09728,0.0
S09729,0.0
S09730,0.0
S09731,0.0
S09732,0.0
S09733,0.0
S09734,0.0
S09735,0.0
S09736,0.0
S09737,0.0
S09738,0.0
S09739,0.0
S09740,0.0
S09741,0.0
S09742,0.0
S09743,0.0
S09744,0.0
S09745,0.0
S09746,0.0
S09747,0.0
S09748,0.0
S09749,0.0
S09750,0.0
S09751,0.0
S09752,0.0
S09753,0.0
S09754,0.0
S09755,0.0
S09756,0.0
S09757,0.0
S09758,0.0
S09759,0.0
S09760,0.0
S09761,0.0
S09762,0.0
S09763,0.0
S09764,0.0
S09765,0.0
S09766,0.0
S09767,0.0
S09768,0.0
S09769,0.0
S09770,0.0
S09771,0.0
S09772,0.0
S09773,0.0
S09774,0.0
S09775,0.0
S09776,0.0
S09777,0.0
S09778,0.0
S09779,0.0
S09780,0.0
S09781,0.0
S09782,0.0
S09783,0.0
S09784,0.0
S09785,0.0
S09786,0.0
S09787,0.0
S09788,0.0
S09789,0.0
S09790,0.0
S09791,0.0
S09792,0.0
S09793,0.0
S09794,0.0
S09795,0.0
S09796,0.0
S09797,0.0
S09798,0.0
S09799,0.0
S09800,0.0
S09801,0.0
S09802,0.0
S09803,0.0
S09804,0.0
S09805,0.0
S09806,0.0
S09807,0.0
S09808,0.0
S09809,0.0
S09810,0.0
S09811,0.0
S09812,0.0
S09813,0.0
S09814,0.0
S09815,0.0
S09816,0.0
S09817,0.0
S09818,0.0
S09819,0.0
S09820,0.0
S09821,0.0
S09822,0.0
S09823,0.0
S09824,0.0
S09825,0.0
S09826,0.0
S09827,0.0
S09828,0.0
S09829,0.0
S09830,0.0
S09831,0.0
S09832,0.0
S09833,0.0
S09834,0.0
S09835,0.0
S09836,0.0
S09837,0.0
S09838,0.0
S09839,0.0
S09840,0.0
S09841,0.0
S09842,0.0
S09843,0.0
S09844,0.0
S09845,0.0
S09846,0.0
S09847,0.0
S09848,0.0
S09849,0.0
S09850,0.0
S09851,0.0
S09852,0.0
S09853,0.0
S09854,0.0
S09855,0.0
S09856,0.0
S09857,0.0
S09858,0.0
S09859,0.0
S09860,0.0
S09861,0.0
S09862,0.0
S09863,0.0
S09864,0.0
S09865,0.0
S09866,0.0
S09867,0.0
S09868,0.0
S09869,0.0
S09870,0.0
S09871,0.0
S09872,0.0
S09873,0.0
S09874,0.0
S09875,0.0
S09876,0.0
S09877,0.0
S09878,0.0
S09879,0.0
S09880,0.0
S09881,0.0
S09882,0.0
S09883,0.0
S09884,0.0
S09885,0.0
S09886,0.0
S09887,0.0
S09888,0.0
S09889,0.0
S09890,0.0
S09891,0.0
S09892,0.0
S09893,0.0
S09894,0.0
S09895,0.0
S09896,0.0
S09897,0.0
S09898,0.0
S09899,0.0
S09900,0.0
S09901,0.0
S09902,0.0
S09903,0.0
S09904,0.0
S09905,0.0
S09906,0.0
S09907,0.0
S09908,0.0
S09909,0.0
S09910,0.0
S09911,0.0
S09912,0.0
S09913,0.0
S09914,0.0
S09915,0.0
S09916,0.0
S09917,0.0
S09918,0.0
S09919,0.0
S09920,0.0
S09921,0.0
S09922,0.0
S09923,0.0
S09924,0.0
S09925,0.0
S09926,0.0
S09927,0.0
S09928,0.0
S09929,0.0
S09930,0.0
S09931,0.0
S09932,0.0
S09933,0.0
S09934,0.0
S09935,0.0
S09936,0.0
S09937,0.0
S09938,0.0
S09939,0.0
S09940,0.0
S09941,0.0
S09942,0.0
S09943,0.0
S09944,0.0
S09945,0.0
S09946,0.0
S09947,0.0
S09948,0.0
S09949,0.0
S09950,0.0
S09951,0.0
S09952,0.0
S09953,0.0
S09954,0.0
S09955,0.0
S09956,0.0
S09957,0.0
S09958,0.0
S09959,0.0
S09960,0.0
S09961,0.0
S09962,0.0
S09963,0.0
S09964,0.0
S09965,0.0
S09966,0.0
S09967,0.0
S09968,0.0
S09969,0.0
S09970,0.0
S09971,0.0
S09972,0.0
S09973,0.0
S09974,0.0
S09975,0.0
S09976,0.0
S09977,0.0
S09978,0.0
S09979,0.0
S09980,0.0
S09981,0.0
S09982,0.0
S09983,0.0
S09984,0.0
S09985,0.0
S09986,0.0
S09987,0.0
S09988,0.0
S09989,0.0
S09990,0.0
S09991,0.0
S09992,0.0
S09993,0.0
S09994,0.0
S09995,0.0
S09996,0.0
S09997,0.0
S09998,0.0
S09999,0.0
S10000,0.0
S10001,0.0
S10002,0.0
S10003,0.0
S10004,0.0
S10005,0.0
S10006,0.0
S10007,0.0
S10008,0.0
S10009,0.0
S10010,0.0
S10011,0.0
S10012,0.0
S10013,0.0
S10014,0.0
S10015,0.0
S10016,0.0
S10017,0.0
S10018,0.0
S10019,0.0
S10020,0.0
S10021,0.0
S10022,0.0
S10023,0.0
S10024,0.0
S10025,0.0
S10026,0.0
S10027,0.0
S10028,0.0
S10029,0.0
S10030,0.0
S10031,0.0
S10032,0.0
S10033,0.0
S10034,0.0
S10035,0.0
S10036,0.0
S10037,0.0
S10038,0.0
S10039,0.0
S10040,0.0
S10041,0.0
S10042,0.0
S10043,0.0
S10044,0.0
S10045,0.0
S10046,0.0
S10047,0.0
S10048,0.0
S10049,0.0
S10050,0.0
S10051,0.0
S10052,0.0
S10053,0.0
S10054,0.0
S10055,0.0
S10056,0.0
S10057,0.0
S10058,0.0
S10059,0.0
S10060,0.0
S10061,0.0
S10062,0.0
S10063,0.0
S10064,0.0
S10065,0.0
S10066,0.0
S10067,0.0
S10068,0.0
S10069,0.0
S10070,0.0
S10071,0.0
S10072,0.0
S10073,0.0
S10074,0.0
S10075,0.0
S10076,0.0
S10077,0.0
S10078,0.0
S10079,0.0
S10080,0.0
S10081,0.0
S10082,0.0
S10083,0.0
S10084,0.0
S10085,0.0
S10086,0.0
S10087,0.0
S10088,0.0
S10089,0.0
S10090,0.0
S10091,0.0
S10092,0.0
S10093,0.0
S10094,0.0
S10095,0.0
S10096,0.0
S10097,0.0
S10098,0.0
S10099,0.0
S10100,0.0
S10101,0.0
S10102,0.0
S10103,0.0
S10104,0.0
S10105,0.0
S10106,0.0
S10107,0.0
S10108,0.0
S10109,0.0
S10110,0.0
S10111,0.0
S10112,0.0
S10113,0.0
S10114,0.0
S10115,0.0
S10116,0.0
S10117,0.0
S10118,0.0
S10119,0.0
S10120,0.0
S10121,0.0
S10122,0.0
S10123,0.0
S10124,0.0
S10125,0.0
S10126,0.0
S10127,0.0
S10128,0.0
S10129,0.0
S10130,0.0
S10131,0.0
S10132,0.0
S10133,0.0
S10134,0.0
S10135,0.0
S10136,0.0
S10137,0.0
S10138,0.0
S10139,0.0
S10140,0.0
S10141,0.0
S10142,0.0
S10143,0.0
S10144,0.0
S10145,0.0
S10146,0.0
S10147,0.0
S10148,0.0
S10149,0.0
S10150,0.0
S10151,0.0
S10152,0.0
S10153,0.0
S10154,0.0
S10155,0.0
S10156,0.0
S10157,0.0
S10158,0.0
S10159,0.0
S10160,0.0
S10161,0.0
S10162,0.0
S10163,0.0
S10164,0.0
S10165,0.0
S10166,0.0
S10167,0.0
S10168,0.0
S10169,0.0
S10170,0.0
S10171,0.0
S10172,0.0
S10173,0.0
S10174,0.0
S10175,0.0
S10176,0.0
S10177,0.0
S10178,0.0
S10179,0.0
S10180,0.0
S10181,0.0
S10182,0.0
S10183,0.0
S10184,0.0
S10185,0.0
S10186,0.0
S10187,0.0
S10188,0.0
S10189,0.0
S10190,0.0
S10191,0.0
S10192,0.0
S10193,0.0
S10194,0.0
S10195,0.0
S10196,0.0
S10197,0.0
S10198,0.0
S10199,0.0
S10200,0.0
S10201,0.0
S10202,0.0
S10203,0.0
S10204,0.0
S10205,0.0
S10206,0.0
S10207,0.0
S10208,0.0
S10209,0.0
S10210,0.0
S10211,0.0
S10212,0.0
S10213,0.0
S10214,0.0
S10215,0.0
S10216,0.0
S10217,0.0
S10218,0.0
S10219,0.0
S10220,0.0
S10221,0.0
S10222,0.0
S10223,0.0
S10224,0.0
S10225,0.0
S10226,0.0
S10227,0.0
S10228,0.0
S10229,0.0
S10230,0.0
S10231,0.0
S10232,0.0
S10233,0.0
S10234,0.0
S10235,0.0
S10236,0.0
S10237,0.0
S10238,0.0
S10239,0.0
S10240,0.0
S10241,0.0
S10242,0.0
S10243,0.0
S10244,0.0
S10245,0.0
S10246,0.0
S10247,0.0
S10248,0.0
S10249,0.0
S10250,0.0
S10251,0.0
S10252,0.0
S10253,0.0
S10254,0.0
S10255,0.0
S10256,0.0
S10257,0.0
S10258,0.0
S10259,0.0
S10260,0.0
S10261,0.0
S10262,0.0
S10263,0.0
S10264,0.0
S10265,0.0
S10266,0.0
S10267,0.0
S10268,0.0
S10269,0.0
S10270,0.0
S10271,0.0
S10272,0.0
S10273,0.0
S10274,0.0
S10275,0.0
S10276,0.0
S10277,0.0
S10278,0.0
S10279,0.0
S10280,0.0
S10281,0.0
S10282,0.0
S10283,0.0
S10284,0.0
S10285,0.0
S10286,0.0
S10287,0.0
S10288,0.0
S10289,0.0
S10290,0.0
S10291,0.0
S10292,0.0
S10293,0.0
S10294,0.0
S10295,0.0
S10296,0.0
S10297,0.0
S10298,0.0
S10299,0.0
S10300,0.0
S10301,0.0
S10302,0.0
S10303,0.0
S10304,0.0
S10305,0.0
S10306,0.0
S10307,0.0
S10308,0.0
S10309,0.0
S10310,0.0
S10311,0.0
S10312,0.0
S10313,0.0
S10314,0.0
S10315,0.0
S10316,0.0
S10317,0.0
S10318,0.0
S10319,0.0
S10320,0.0
S10321,0.0
S10322,0.0
S10323,0.0
S10324,0.0
S10325,0.0
S10326,0.0
S10327,0.0
S10328,0.0
S10329,0.0
S10330,0.0
S10331,0.0
S10332,0.0
S10333,0.0
S10334,0.0
S10335,0.0
S10336,0.0
S10337,0.0
S10338,0.0
S10339,0.0
S10340,0.0
S10341,0.0
S10342,0.0
S10343,0.0
S10344,0.0
S10345,0.0
S10346,0.0
S10347,0.0
S10348,0.0
S10349,0.0
S10350,0.0
S10351,0.0
S10352,0.0
S10353,0.0
S10354,0.0
S10355,0.0
S10356,0.0
S10357,0.0
S10358,0.0
S10359,0.0
S10360,0.0
S10361,0.0
S10362,0.0
S10363,0.0
S10364,0.0
S10365,0.0
S10366,0.0
S10367,0.0
S10368,0.0
S10369,0.0
S10370,0.0
S10371,0.0
S10372,0.0
S10373,0.0
S10374,0.0
S10375,0.0
S10376,0.0
S10377,0.0
S10378,0.0
S10379,0.0
S10380,0.0
S10381,0.0
S10382,0.0
S10383,0.0
S10384,0.0
S10385,0.0
S10386,0.0
S10387,0.0
S10388,0.0
S10389,0.0
S10390,0.0
S10391,0.0
S10392,0.0
S10393,0.0
S10394,0.0
S10395,0.0
S10396,0.0
S10397,0.0
S10398,0.0
S10399,0.0
S10400,0.0
S10401,0.0
S10402,0.0
S10403,0.0
S10404,0.0
S10405,0.0
S10406,0.0
S10407,0.0
S10408,0.0
S10409,0.0
S10410,0.0
S10411,0.0
S10412,0.0
S10413,0.0
S10414,0.0
S10415,0.0
S10416,0.0
S10417,0.0
S10418,0.0
S10419,0.0
S10420,0.0
S10421,0.0
S10422,0.0
S10423,0.0
S10424,0.0
S10425,0.0
S10426,0.0
S10427,0.0
S10428,0.0
S10429,0.0
S10430,0.0
S10431,0.0
S10432,0.0
S10433,0.0
S10434,0.0
S10435,0.0
S10436,0.0
S10437,0.0
S10438,0.0
S10439,0.0
S10440,0.0
S10441,0.0
S10442,0.0
S10443,0.0
S10444,0.0
S10445,0.0
S10446,0.0
S10447,0.0
S10448,0.0
S10449,0.0
S10450,0.0
S10451,0.0
S10452,0.0
S10453,0.0
S10454,0.0
S10455,0.0
S10456,0.0
S10457,0.0
S10458,0.0
S10459,0.0
S10460,0.0
S10461,0.0
S10462,0.0
S10463,0.0
S10464,0.0
S10465,0.0
S10466,0.0
S10467,0.0
S10468,0.0
S10469,0.0
S10470,0.0
S10471,0.0
S10472,0.0
S10473,0.0
S10474,0.0
S10475,0.0
S10476,0.0
S10477,0.0
S10478,0.0
S10479,0.0
S10480,0.0
S10481,0.0
S10482,0.0
S10483,0.0
S10484,0.0
S10485,0.0
S10486,0.0
S10487,0.0
S10488,0.0
S10489,0.0
S10490,0.0
S10491,0.0
S10492,0.0
S10493,0.0
S10494,0.0
S10495,0.0
S10496,0.0
S10497,0.0
S10498,0.0
S10499,0.0
S10500,0.0
S10501,0.0
S10502,0.0
S10503,0.0
S10504,0.0
S10505,0.0
S10506,0.0
S10507,0.0
S10508,0.0
S10509,0.0
S10510,0.0
S10511,0.0
S10512,0.0
S10513,0.0
S10514,0.0
S10515,0.0
S10516,0.0
S10517,0.0
S10518,0.0
S10519,0.0
S10520,0.0
S10521,0.0
S10522,0.0
S10523,0.0
S10524,0.0
S10525,0.0
S10526,0.0
S10527,0.0
S10528,0.0
S10529,0.0
S10530,0.0
S10531,0.0
S10532,0.0
S10533,0.0
S10534,0.0
S10535,0.0
S10536,0.0
S10537,0.0
S10538,0.0
S10539,0.0
S10540,0.0
S10541,0.0
S10542,0.0
S10543,0.0
S10544,0.0
S10545,0.0
S10546,0.0
S10547,0.0
S10548,0.0
S10549,0.0
S10550,0.0
S10551,0.0
S10552,0.0
S10553,0.0
S10554,0.0
S10555,0.0
S10556,0.0
S10557,0.0
S10558,0.0
S10559,0.0
S10560,0.0
S10561,0.0
S10562,0.0
S10563,0.0
S10564,0.0
S10565,0.0
S10566,0.0
S10567,0.0
S10568,0.0
S10569,0.0
S10570,0.0
S10571,0.0
S10572,0.0
S10573,0.0
S10574,0.0
S10575,0.0
S10576,0.0
S10577,0.0
S10578,0.0
S10579,0.0
S10580,0.0
S10581,0.0
S10582,0.0
S10583,0.0
S10584,0.0
S10585,0.0
S10586,0.0
S10587,0.0
S10588,0.0
S10589,0.0
S10590,0.0
S10591,0.0
S10592,0.0
S10593,0.0
S10594,0.0
S10595,0.0
S10596,0.0
S10597,0.0
S10598,0.0
S10599,0.0
S10600,0.0
S10601,0.0
S10602,0.0
S10603,0.0
S10604,0.0
S10605,0.0
S10606,0.0
S10607,0.0
S10608,0.0
S10609,0.0
S10610,0.0
S10611,0.0
S10612,0.0
S10613,0.0
S10614,0.0
S10615,0.0
S10616,0.0
S10617,0.0
S10618,0.0
S10619,0.0
S10620,0.0
S10621,0.0
S10622,0.0
S10623,0.0
S10624,0.0
S10625,0.0
S10626,0.0
S10627,0.0
S10628,0.0
S10629,0.0
S10630,0.0
S10631,0.0
S10632,0.0
S10633,0.0
S10634,0.0
S10635,0.0
S10636,0.0
S10637,0.0
S10638,0.0
S10639,0.0
S10640,0.0
S10641,0.0
S10642,0.0
S10643,0.0
S10644,0.0
S10645,0.0
S10646,0.0
S10647,0.0
S10648,0.0
S10649,0.0
S10650,0.0
S10651,0.0
S10652,0.0
S10653,0.0
S10654,0.0
S10655,0.0
S10656,0.0
S10657,0.0
S10658,0.0
S10659,0.0
S10660,0.0
S10661,0.0
S10662,0.0
S10663,0.0
S10664,0.0
S10665,0.0
S10666,0.0
S10667,0.0
S10668,0.0
S10669,0.0
S10670,0.0
S10671,0.0
S10672,0.0
S10673,0.0
S10674,0.0
S10675,0.0
S10676,0.0
S10677,0.0
S10678,0.0
S10679,0.0
S10680,0.0
S10681,0.0
S10682,0.0
S10683,0.0
S10684,0.0
S10685,0.0
S10686,0.0
S10687,0.0
S10688,0.0
S10689,0.0
S10690,0.0
S10691,0.0
S10692,0.0
S10693,0.0
S10694,0.0
S10695,0.0
S10696,0.0
S10697,0.0
S10698,0.0
S10699,0.0
S10700,0.0
S10701,0.0
S10702,0.0
S10703,0.0
S10704,0.0
S10705,0.0
S10706,0.0
S10707,0.0
S10708,0.0
S10709,0.0
S10710,0.0
S10711,0.0
S10712,0.0
S10713,0.0
S10714,0.0
S10715,0.0
S10716,0.0
S10717,0.0
S10718,0.0
S10719,0.0
S10720,0.0
S10721,0.0
S10722,0.0
S10723,0.0
S10724,0.0
S10725,0.0
S10726,0.0
S10727,0.0
S10728,0.0
S10729,0.0
S10730,0.0
S10731,0.0
S10732,0.0
S10733,0.0
S10734,0.0
S10735,0.0
S10736,0.0
S10737,0.0
S10738,0.0
S10739,0.0
S10740,0.0
S10741,0.0
S10742,0.0
S10743,0.0
S10744,0.0
S10745,0.0
S10746,0.0
S10747,0.0
S10748,0.0
S10749,0.0
S10750,0.0
S10751,0.0
S10752,0.0
S10753,0.0
S10754,0.0
S10755,0.0
S10756,0.0
S10757,0.0
S10758,0.0
S10759,0.0
S10760,0.0
S10761,0.0
S10762,0.0
S10763,0.0
S10764,0.0
S10765,0.0
S10766,0.0
S10767,0.0
S10768,0.0
S10769,0.0
S10770,0.0
S10771,0.0
S10772,0.0
S10773,0.0
S10774,0.0
S10775,0.0
S10776,0.0
S10777,0.0
S10778,0.0
S10779,0.0
S10780,0.0
S10781,0.0
S10782,0.0
S10783,0.0
S10784,0.0
S10785,0.0
S10786,0.0
S10787,0.0
S10788,0.0
S10789,0.0
S10790,0.0
S10791,0.0
S10792,0.0
S10793,0.0
S10794,0.0
S10795,0.0
S10796,0.0
S10797,0.0
S10798,0.0
S10799,0.0
S10800,0.0
S10801,0.0
S10802,0.0
S10803,0.0
S10804,0.0
S10805,0.0
S10806,0.0
S10807,0.0
S10808,0.0
S10809,0.0
S10810,0.0
S10811,0.0
S10812,0.0
S10813,0.0
S10814,0.0
S10815,0.0
S10816,0.0
S10817,0.0
S10818,0.0
S10819,0.0
S10820,0.0
S10821,0.0
S10822,0.0
S10823,0.0
S10824,0.0
S10825,0.0
S10826,0.0
S10827,0.0
S10828,0.0
S10829,0.0
S10830,0.0
S10831,0.0
S10832,0.0
S10833,0.0
S10834,0.0
S10835,0.0
S10836,0.0
S10837,0.0
S10838,0.0
S10839,0.0
S10840,0.0
S10841,0.0
S10842,0.0
S10843,0.0
S10844,0.0
S10845,0.0
S10846,0.0
S10847,0.0
S10848,0.0
S10849,0.0
S10850,0.0
S10851,0.0
S10852,0.0
S10853,0.0
S10854,0.0
S10855,0.0
S10856,0.0
S10857,0.0
S10858,0.0
S10859,0.0
S10860,0.0
S10861,0.0
S10862,0.0
S10863,0.0
S10864,0.0
S10865,0.0
S10866,0.0
S10867,0.0
S10868,0.0
S10869,0.0
S10870,0.0
S10871,0.0
S10872,0.0
S10873,0.0
S10874,0.0
S10875,0.0
S10876,0.0
S10877,0.0
S10878,0.0
S10879,0.0
S10880,0.0
S10881,0.0
S10882,0.0
S10883,0.0
S10884,0.0
S10885,0.0
S10886,0.0
S10887,0.0
S10888,0.0
S10889,0.0
S10890,0.0
S10891,0.0
S10892,0.0
S10893,0.0
S10894,0.0
S10895,0.0
S10896,0.0
S10897,0.0
S10898,0.0
S10899,0.0
S10900,0.0
S10901,0.0
S10902,0.0
S10903,0.0
S10904,0.0
S10905,0.0
S10906,0.0
S10907,0.0
S10908,0.0
S10909,0.0
S10910,0.0
S10911,0.0
S10912,0.0
S10913,0.0
S10914,0.0
S10915,0.0
S10916,0.0
S10917,0.0
S10918,0.0
S10919,0.0
S10920,0.0
S10921,0.0
S10922,0.0
S10923,0.0
S10924,0.0
S10925,0.0
S10926,0.0
S10927,0.0
S10928,0.0
S10929,0.0
S10930,0.0
S10931,0.0
S10932,0.0
S10933,0.0
S10934,0.0
S10935,0.0
S10936,0.0
S10937,0.0
S10938,0.0
S10939,0.0
S10940,0.0
S10941,0.0
S10942,0.0
S10943,0.0
S10944,0.0
S10945,0.0
S10946,0.0
S10947,0.0
S10948,0.0
S10949,0.0
S10950,0.0
S10951,0.0
S10952,0.0
S10953,0.0
S10954,0.0
S10955,0.0
S10956,0.0
S10957,0.0
S10958,0.0
S10959,0.0
S10960,0.0
S10961,0.0
S10962,0.0
S10963,0.0
S10964,0.0
S10965,0.0
S10966,0.0
S10967,0.0
S10968,0.0
S10969,0.0
S10970,0.0
S10971,0.0
S10972,0.0
S10973,0.0
S10974,0.0
S10975,0.0
S10976,0.0
S10977,0.0
S10978,0.0
S10979,0.0
S10980,0.0
S10981,0.0
S10982,0.0
S10983,0.0
S10984,0.0
S10985,0.0
S10986,0.0
S10987,0.0
S10988,0.0
S10989,0.0
S10990,0.0
S10991,0.0
S10992,0.0
S10993,0.0
S10994,0.0
S10995,0.0
S10996,0.0
S10997,0.0
S10998,0.0
S10999,0.0
S11000,0.0
S11001,0.0
S11002,0.0
S11003,0.0
S11004,0.0
S11005,0.0
S11006,0.0
S11007,0.0
S11008,0.0
S11009,0.0
S11010,0.0
S11011,0.0
S11012,0.0
S11013,0.0
S11014,0.0
S11015,0.0
S11016,0.0
S11017,0.0
S11018,0.0
S11019,0.0
S11020,0.0
S11021,0.0
S11022,0.0
S11023,0.0
S11024,0.0
S11025,0.0
S11026,0.0
S11027,0.0
S11028,0.0
S11029,0.0
S11030,0.0
S11031,0.0
S11032,0.0
S11033,0.0
S11034,0.0
S11035,0.0
S11036,0.0
S11037,0.0
S11038,0.0
S11039,0.0
S11040,0.0
S11041,0.0
S11042,0.0
S11043,0.0
S11044,0.0
S11045,0.0
S11046,0.0
S11047,0.0
S11048,0.0
S11049,0.0
S11050,0.0
S11051,0.0
S11052,0.0
S11053,0.0
S11054,0.0
S11055,0.0
S11056,0.0
S11057,0.0
S11058,0.0
S11059,0.0
S11060,0.0
S11061,0.0
S11062,0.0
S11063,0.0
S11064,0.0
S11065,0.0
S11066,0.0
S11067,0.0
S11068,0.0
S11069,0.0
S11070,0.0
S11071,0.0
S11072,0.0
S11073,0.0
S11074,0.0
S11075,0.0
S11076,0.0
S11077,0.0
S11078,0.0
S11079,0.0
S11080,0.0
S11081,0.0
S11082,0.0
S11083,0.0
S11084,0.0
S11085,0.0
S11086,0.0
S11087,0.0
S11088,0.0
S11089,0.0
S11090,0.0
S11091,0.0
S11092,0.0
S11093,0.0
S11094,0.0
S11095,0.0
S11096,0.0
S11097,0.0
S11098,0.0
S11099,0.0
S11100,0.0
S11101,0.0
S11102,0.0
S11103,0.0
S11104,0.0
S11105,0.0
S11106,0.0
S11107,0.0
S11108,0.0
S11109,0.0
S11110,0.0
S11111,0.0
S11112,0.0
S11113,0.0
S11114,0.0
S11115,0.0
S11116,0.0
S11117,0.0
S11118,0.0
S11119,0.0
S11120,0.0
S11121,0.0
S11122,0.0
S11123,0.0
S11124,0.0
S11125,0.0
S11126,0.0
S11127,0.0
S11128,0.0
S11129,0.0
S11130,0.0
S11131,0.0
S11132,0.0
S11133,0.0
S11134,0.0
S11135,0.0
S11136,0.0
S11137,0.0
S11138,0.0
S11139,0.0
S11140,0.0
S11141,0.0
S11142,0.0
S11143,0.0
S11144,0.0
S11145,0.0
S11146,0.0
S11147,0.0
S11148,0.0
S11149,0.0
S11150,0.0
S11151,0.0
S11152,0.0
S11153,0.0
S11154,0.0
S11155,0.0
S11156,0.0
S11157,0.0
S11158,0.0
S11159,0.0
S11160,0.0
S11161,0.0
S11162,0.0
S11163,0.0
S11164,0.0
S11165,0.0
S11166,0.0
S11167,0.0
S11168,0.0
S11169,0.0
S11170,0.0
S11171,0.0
S11172,0.0
S11173,0.0
S11174,0.0
S11175,0.0
S11176,0.0
S11177,0.0
S11178,0.0
S11179,0.0
S11180,0.0
S11181,0.0
S11182,0.0
S11183,0.0
S11184,0.0
S11185,0.0
S11186,0.0
S11187,0.0
S11188,0.0
S11189,0.0
S11190,0.0
S11191,0.0
S11192,0.0
S11193,0.0
S11194,0.0
S11195,0.0
S11196,0.0
S11197,0.0
S11198,0.0
S11199,0.0
S11200,0.0
S11201,0.0
S11202,0.0
S11203,0.0
S11204,0.0
S11205,0.0
S11206,0.0
S11207,0.0
S11208,0.0
S11209,0.0
S11210,0.0
S11211,0.0
S11212,0.0
S11213,0.0
S11214,0.0
S11215,0.0
S11216,0.0
S11217,0.0
S11218,0.0
S11219,0.0
S11220,0.0
S11221,0.0
S11222,0.0
S11223,0.0
S11224,0.0
S11225,0.0
S11226,0.0
S11227,0.0
S11228,0.0
S11229,0.0
S11230,0.0
S11231,0.0
S11232,0.0
S11233,0.0
S11234,0.0
S11235,0.0
S11236,0.0
S11237,0.0
S11238,0.0
S11239,0.0
S11240,0.0
S11241,0.0
S11242,0.0
S11243,0.0
S11244,0.0
S11245,0.0
S11246,0.0
S11247,0.0
S11248,0.0
S11249,0.0
S11250,0.0
S11251,0.0
S11252,0.0
S11253,0.0
S11254,0.0
S11255,0.0
S11256,0.0
S11257,0.0
S11258,0.0
S11259,0.0
S11260,0.0
S11261,0.0
S11262,0.0
S11263,0.0
S11264,0.0
S11265,0.0
S11266,0.0
S11267,0.0
S11268,0.0
S11269,0.0
S11270,0.0
S11271,0.0
S11272,0.0
S11273,0.0
S11274,0.0
S11275,0.0
S11276,0.0
S11277,0.0
S11278,0.0
S11279,0.0
S11280,0.0
S11281,0.0
S11282,0.0
S11283,0.0
S11284,0.0
S11285,0.0
S11286,0.0
S11287,0.0
S11288,0.0
S11289,0.0
S11290,0.0
S11291,0.0
S11292,0.0
S11293,0.0
S11294,0.0
S11295,0.0
S11296,0.0
S11297,0.0
S11298,0.0
S11299,0.0
S11300,0.0
S11301,0.0
S11302,0.0
S11303,0.0
S11304,0.0
S11305,0.0
S11306,0.0
S11307,0.0
S11308,0.0
S11309,0.0
S11310,0.0
S11311,0.0
S11312,0.0
S11313,0.0
S11314,0.0
S11315,0.0
S11316,0.0
S11317,0.0
S11318,0.0
S11319,0.0
S11320,0.0
S11321,0.0
S11322,0.0
S11323,0.0
S11324,0.0
S11325,0.0
S11326,0.0
S11327,0.0
S11328,0.0
S11329,0.0
S11330,0.0
S11331,0.0
S11332,0.0
S11333,0.0
S11334,0.0
S11335,0.0
S11336,0.0
S11337,0.0
S11338,0.0
S11339,0.0
S11340,0.0
S11341,0.0
S11342,0.0
S11343,0.0
S11344,0.0
S11345,0.0
S11346,0.0
S11347,0.0
S11348,0.0
S11349,0.0
S11350,0.0
S11351,0.0
S11352,0.0
S11353,0.0
S11354,0.0
S11355,0.0
S11356,0.0
S11357,0.0
S11358,0.0
S11359,0.0
S11360,0.0
S11361,0.0
S11362,0.0
S11363,0.0
S11364,0.0
S11365,0.0
S11366,0.0
S11367,0.0
S11368,0.0
S11369,0.0
S11370,0.0
S11371,0.0
S11372,0.0
S11373,0.0
S11374,0.0
S11375,0.0
S11376,0.0
S11377,0.0
S11378,0.0
S11379,0.0
S11380,0.0
S11381,0.0
S11382,0.0
S11383,0.0
S11384,0.0
S11385,0.0
S11386,0.0
S11387,0.0
S11388,0.0
S11389,0.0
S11390,0.0
S11391,0.0
S11392,0.0
S11393,0.0
S11394,0.0
S11395,0.0
S11396,0.0
S11397,0.0
S11398,0.0
S11399,0.0
S11400,0.0
S11401,0.0
S11402,0.0
S11403,0.0
S11404,0.0
S11405,0.0
S11406,0.0
S11407,0.0
S11408,0.0
S11409,0.0
S11410,0.0
S11411,0.0
S11412,0.0
S11413,0.0
S11414,0.0
S11415,0.0
S11416,0.0
S11417,0.0
S11418,0.0
S11419,0.0
S11420,0.0
S11421,0.0
S11422,0.0
S11423,0.0
S11424,0.0
S11425,0.0
S11426,0.0
S11427,0.0
S11428,0.0
S11429,0.0
S11430,0.0
S11431,0.0
S11432,0.0
S11433,0.0
S11434,0.0
S11435,0.0
S11436,0.0
S11437,0.0
S11438,0.0
S11439,0.0
S11440,0.0
S11441,0.0
S11442,0.0
S11443,0.0
S11444,0.0
S11445,0.0
S11446,0.0
S11447,0.0
S11448,0.0
S11449,0.0
S11450,0.0
S11451,0.0
S11452,0.0
S11453,0.0
S11454,0.0
S11455,0.0
S11456,0.0
S11457,0.0
S11458,0.0
S11459,0.0
S11460,0.0
S11461,0.0
S11462,0.0
S11463,0.0
S11464,0.0
S11465,0.0
S11466,0.0
S11467,0.0
S11468,0.0
S11469,0.0
S11470,0.0
S11471,0.0
S11472,0.0
S11473,0.0
S11474,0.0
S11475,0.0
S11476,0.0
S11477,0.0
S11478,0.0
S11479,0.0
S11480,0.0
S11481,0.0
S11482,0.0
S11483,0.0
S11484,0.0
S11485,0.0
S11486,0.0
S11487,0.0
S11488,0.0
S11489,0.0
S11490,0.0
S11491,0.0
S11492,0.0
S11493,0.0
S11494,0.0
S11495,0.0
S11496,0.0
S11497,0.0
S11498,0.0
S11499,0.0
S11500,0.0
S11501,0.0
S11502,0.0
S11503,0.0
S11504,0.0
S11505,0.0
S11506,0.0
S11507,0.0
S11508,0.0
S11509,0.0
S11510,0.0
S11511,0.0
S11512,0.0
S11513,0.0
S11514,0.0
S11515,0.0
S11516,0.0
S11517,0.0
S11518,0.0
S11519,0.0
S11520,0.0
S11521,0.0
S11522,0.0
S11523,0.0
S11524,0.0
S11525,0.0
S11526,0.0
S11527,0.0
S11528,0.0
S11529,0.0
S11530,0.0
S11531,0.0
S11532,0.0
S11533,0.0
S11534,0.0
S11535,0.0
S11536,0.0
S11537,0.0
S11538,0.0
S11539,0.0
S11540,0.0
S11541,0.0
S11542,0.0
S11543,0.0
S11544,0.0
S11545,0.0
S11546,0.0
S11547,0.0
S11548,0.0
S11549,0.0
S11550,0.0
S11551,0.0
S11552,0.0
S11553,0.0
S11554,0.0
S11555,0.0
S11556,0.0
S11557,0.0
S11558,0.0
S11559,0.0
S11560,0.0
S11561,0.0
S11562,0.0
S11563,0.0
S11564,0.0
S11565,0.0
S11566,0.0
S11567,0.0
S11568,0.0
S11569,0.0
S11570,0.0
S11571,0.0
S11572,0.0
S11573,0.0
S11574,0.0
S11575,0.0
S11576,0.0
S11577,0.0
S11578,0.0
S11579,0.0
S11580,0.0
S11581,0.0
S11582,0.0
S11583,0.0
S11584,0.0
S11585,0.0
S11586,0.0
S11587,0.0
S11588,0.0
S11589,0.0
S11590,0.0
S11591,0.0
S11592,0.0
S11593,0.0
S11594,0.0
S11595,0.0
S11596,0.0
S11597,0.0
S11598,0.0
S11599,0.0
S11600,0.0
S11601,0.0
S11602,0.0
S11603,0.0
S11604,0.0
S11605,0.0
S11606,0.0
S11607,0.0
S11608,0.0
S11609,0.0
S11610,0.0
S11611,0.0
S11612,0.0
S11613,0.0
S11614,0.0
S11615,0.0
S11616,0.0
S11617,0.0
S11618,0.0
S11619,0.0
S11620,0.0
S11621,0.0
S11622,0.0
S11623,0.0
S11624,0.0
S11625,0.0
S11626,0.0
S11627,0.0
S11628,0.0
S11629,0.0
S11630,0.0
S11631,0.0
S11632,0.0
S11633,0.0
S11634,0.0
S11635,0.0
S11636,0.0
S11637,0.0
S11638,0.0
S11639,0.0
S11640,0.0
S11641,0.0
S11642,0.0
S11643,0.0
S11644,0.0
S11645,0.0
S11646,0.0
S11647,0.0
S11648,0.0
S11649,0.0
S11650,0.0
S11651,0.0
S11652,0.0
S11653,0.0
S11654,0.0
S11655,0.0
S11656,0.0
S11657,0.0
S11658,0.0
S11659,0.0
S11660,0.0
S11661,0.0
S11662,0.0
S11663,0.0
S11664,0.0
S11665,0.0
S11666,0.0
S11667,0.0
