date,kwh
2010-08-29,23.004416055851216
2010-08-30,19.66315769635614
2010-08-31,20.561493106739476
2010-09-01,20.68973518377347
2010-09-02,19.864187714294467
2010-09-03,21.123352800050828
2010-09-04,23.910672917302275
2010-09-05,24.03111099497524
2010-09-06,20.27611776998115
2010-09-07,21.08878700204591
2010-09-08,21.470681180347228
2010-09-09,20.10857898564374
2010-09-10,21.175384160391875
2010-09-11,25.786031405001413
2010-09-12,25.619564266067115
2010-09-13,21.51305366898269
2010-09-14,22.531057370007275
2010-09-15,23.078407840841273
2010-09-16,21.417253826368118
2010-09-17,22.387579589833138
2010-09-18,26.248001165238914
2010-09-19,26.06315889877862
2010-09-20,21.93253971796944
2010-09-21,22.93824667269166
2010-09-22,23.276944111277935
2010-09-23,21.599690165669408
2010-09-24,22.40505104585781
2010-09-25,26.389890333966996
2010-09-26,25.741038484808755
2010-09-27,21.927745455797655
2010-09-28,23.97988865190179
2010-09-29,24.579742945042344
2010-09-30,22.864641225175525
2010-10-01,23.837970933404243
2010-10-02,28.69237753360999
2010-10-03,27.76197656325939
2010-10-04,22.798950037666593
2010-10-05,24.940092349131433
2010-10-06,25.516111544737925
2010-10-07,23.86620253573039
2010-10-08,25.316353068967718
2010-10-09,30.31286758555227
2010-10-10,29.690665104719706
2010-10-11,23.892446265353044
2010-10-12,26.402385825852708
2010-10-13,26.946193202880334
2010-10-14,24.9887994692899
2010-10-15,25.762597555935052
2010-10-16,31.417542913926813
2010-10-17,30.88198900202701
2010-10-18,25.14019734206315
2010-10-19,27.831300800175832
2010-10-20,28.23082799912974
2010-10-21,26.233342848067252
2010-10-22,27.00803491857788
2010-10-23,31.591665131725463
2010-10-24,30.81292350112688
2010-10-25,25.307940703464546
2010-10-26,25.348696263867527
2010-10-27,23.942679058307256
2010-10-28,22.015412776206176
2010-10-29,23.572812741394785
2010-10-30,26.644436676962258
2010-10-31,26.309418111932267
2010-11-01,22.779575589857124
2010-11-02,24.960629032488747
2010-11-03,26.098177267528648
2010-11-04,24.615692889567896
2010-11-05,26.051402263415177
2010-11-06,29.40944630849286
2010-11-07,29.312354449586756
2010-11-08,26.89819873174458
2010-11-09,29.395210856954563
2010-11-10,31.099101956468925
2010-11-11,29.018563445402446
2010-11-12,30.04102209257546
2010-11-13,34.844431937839786
2010-11-14,34.33628941209057
2010-11-15,29.14205240080601
2010-11-16,31.803226362427658
2010-11-17,32.46767932643032
2010-11-18,29.7700833712739
2010-11-19,30.84626341822585
2010-11-20,36.19648535291948
2010-11-21,35.29750444289164
2010-11-22,30.36010292513489
2010-11-23,32.498885403284774
2010-11-24,33.179338815793656
2010-11-25,30.826788160701383
2010-11-26,31.810791944636236
