id,machine_failure
2,0
6,0
10,0
15,0
20,0
26,0
31,0
58,0
62,0
63,0
68,0
73,0
77,0
78,0
87,0
90,0
101,0
102,0
105,0
106,0
107,0
114,0
115,0
117,0
121,0
122,0
130,0
135,0
137,0
138,0
145,0
147,0
152,0
166,0
172,0
176,0
188,0
191,0
194,0
195,1
210,0
232,0
237,0
243,1
246,0
248,0
249,1
257,0
261,0
264,0
266,0
269,0
271,0
277,0
280,0
296,0
303,0
304,0
307,0
315,0
316,0
318,0
322,0
328,1
332,0
341,0
342,0
348,0
349,0
352,0
353,0
355,0
358,0
369,0
372,0
373,0
375,0
382,0
384,0
387,0
409,0
430,0
433,0
436,0
440,0
444,0
447,0
448,0
450,0
456,0
457,0
466,0
477,0
479,0
480,0
482,0
489,0
497,0
499,0
502,0
504,0
517,0
519,0
526,0
527,0
534,0
535,0
556,0
558,0
563,0
588,0
598,0
605,0
612,0
613,0
618,0
626,0
628,0
633,0
641,0
644,0
648,0
660,0
665,0
679,0
690,0
695,0
696,0
700,0
710,0
724,0
738,0
740,0
752,0
769,0
773,0
778,0
787,0
791,0
794,0
808,0
825,0
826,0
828,0
829,0
830,0
839,0
842,0
844,0
846,0
847,0
848,1
850,0
855,0
864,0
867,0
870,0
880,0
882,0
885,0
886,0
900,0
901,0
902,0
906,0
912,0
916,0
917,0
935,0
936,0
945,0
948,0
952,0
958,0
962,0
964,0
967,0
968,0
973,0
974,0
982,0
985,0
990,0
1002,0
1005,0
1011,0
1014,0
1015,0
1027,0
1048,0
1054,0
1056,0
1063,0
1067,0
1069,0
1074,0
1075,0
1078,0
1085,0
1094,0
1101,0
1105,0
1106,0
1110,0
1113,0
1127,0
1133,0
1136,0
1138,0
1139,0
1141,0
1148,0
1149,0
1160,0
1166,0
1168,1
1169,0
1174,0
1177,0
1184,0
1190,0
1211,0
1213,0
1217,0
1227,0
1232,0
1233,0
1234,0
1241,0
1243,0
1244,0
1245,0
1258,0
1259,0
1273,0
1276,0
1277,0
1278,0
1286,0
1287,0
1289,0
1290,0
1291,0
1295,0
1297,0
1299,0
1301,0
1303,0
1304,0
1310,0
1316,0
1324,0
1326,0
1329,0
1332,0
1336,1
1341,0
1344,0
1350,0
1352,0
1361,0
1362,0
1363,0
1367,0
1369,0
1379,0
1383,0
1385,0
1387,0
1388,0
1390,0
1406,0
1409,0
1412,0
1417,0
1426,0
1429,0
1430,0
1433,0
1437,0
1438,0
1447,0
1448,0
1452,0
1453,0
1460,0
1463,0
1469,0
1475,0
1476,0
1480,0
1482,0
1485,0
1490,0
1502,0
1506,0
1510,0
1517,0
1519,0
1527,0
1528,0
1546,0
1551,0
1554,0
1555,0
1556,0
1557,0
1573,0
1576,0
1582,0
1584,1
1586,0
1587,0
1590,0
1593,0
1596,1
1601,0
1602,0
1609,0
1610,0
1612,0
1614,0
1615,0
1620,0
1622,0
1631,0
1633,0
1635,0
1649,0
1652,0
1653,0
1654,0
1656,0
1664,0
1668,0
1669,0
1673,0
1682,0
1684,0
1702,0
1714,0
1716,0
1721,0
1726,0
1727,0
1729,0
1737,0
1740,0
1743,0
1744,0
1751,0
1753,0
1757,0
1766,0
1767,0
1777,0
1785,1
1789,0
1798,0
1799,0
1809,1
1813,0
1816,0
1818,0
1831,0
1833,0
1834,1
1835,0
1841,0
1844,0
1849,0
1856,0
1857,0
1863,0
1868,0
1874,0
1878,0
1880,0
1881,0
1883,0
1885,0
1886,0
1887,0
1890,0
1897,0
1901,0
1904,0
1917,0
1919,0
1922,0
1925,0
1927,0
1931,0
1938,0
1945,0
1947,0
1954,0
1958,0
1968,0
1970,0
1984,0
1993,0
1997,0
1998,0
2007,0
2013,0
2020,0
2022,0
2027,0
2029,0
2035,0
2048,0
2049,0
2052,0
2053,0
2057,0
2062,0
2067,0
2068,0
2069,0
2094,0
2098,0
2099,0
2100,0
2107,0
2115,0
2131,0
2147,0
2148,0
2160,0
2169,0
2188,0
2189,0
2193,0
2197,0
2200,0
2207,0
2213,0
2219,0
2233,0
2234,1
2236,0
2238,0
2241,0
2242,0
2250,0
2251,0
2254,0
2263,0
2265,0
2267,0
2272,0
2283,0
2284,0
2286,0
2287,0
2289,0
2290,0
2296,0
2305,0
2308,0
2309,0
2312,0
2315,0
2318,0
2321,0
2325,0
2326,0
2327,0
2331,0
2335,0
2343,0
2344,0
2347,0
2349,0
2354,0
2359,0
2363,0
2377,0
2385,0
2392,0
2394,0
2395,0
2396,0
2397,0
2399,0
2402,0
2405,0
2408,0
2410,0
2415,0
2416,0
2417,0
2418,0
2423,0
2436,0
2440,0
2443,0
2444,0
2445,1
2451,0
2465,0
2468,0
2473,0
2475,0
2486,0
2489,0
2496,0
2505,0
2508,0
2509,0
2520,0
2526,0
2528,0
2529,0
2532,0
2533,0
2546,0
2549,0
2553,0
2557,0
2560,0
2562,0
2564,0
2567,0
2575,0
2578,0
2579,0
2592,0
2593,0
2594,0
2595,0
2602,0
2606,0
2609,0
2614,0
2619,0
2620,0
2623,0
2624,0
2630,0
2635,0
2642,0
2643,0
2647,0
2649,0
2654,0
2659,0
2660,0
2661,0
2663,0
2664,0
2679,0
2680,0
2681,0
2693,0
2696,0
2698,0
2699,0
2705,0
2711,0
2712,0
2737,0
2739,0
2752,0
2753,0
2761,0
2764,0
2768,0
2771,0
2772,0
2778,0
2782,0
2790,0
2793,0
2806,0
2808,0
2813,0
2817,0
2828,0
2829,0
2833,0
2838,0
2839,0
2841,0
2845,0
2846,0
2847,0
2848,0
2871,0
2877,0
2878,0
2883,0
2887,0
2889,0
2893,0
2895,0
2896,0
2898,0
2905,0
2907,0
2912,0
2916,0
2917,0
2924,0
2926,0
2940,0
2949,0
2954,0
2958,0
2960,0
2962,0
2969,0
2972,0
2975,0
2984,0
2985,0
2990,0
2994,0
3002,0
3026,0
3036,0
3038,0
3049,0
3050,0
3051,0
3053,0
3057,0
3058,0
3059,0
3063,0
3068,0
3075,0
3077,0
3083,0
3084,0
3088,0
3090,0
3097,0
3101,0
3105,0
3114,0
3116,0
3118,0
3123,0
3130,0
3132,0
3133,0
3134,0
3140,0
3142,0
3144,0
3147,0
3154,0
3157,0
3172,0
3186,0
3199,0
3201,0
3202,0
3203,0
3209,0
3210,0
3211,0
3212,0
3216,0
3218,0
3229,0
3232,0
3242,0
3250,0
3252,0
3254,0
3257,0
3267,1
3274,0
3283,0
3290,0
3292,0
3293,0
3296,0
3299,0
3302,0
3306,0
3310,0
3314,0
3319,0
3322,0
3328,0
3330,0
3338,0
3348,0
3352,0
3359,0
3375,0
3376,0
3390,0
3392,0
3402,0
3406,0
3412,0
3413,0
3416,0
3426,0
3430,0
3431,0
3442,0
3446,0
3447,0
3449,0
3451,0
3455,0
3461,0
3463,0
3464,0
3478,0
3481,0
3483,0
3485,0
3488,0
3492,0
3495,0
3497,0
3518,0
3520,0
3528,0
3529,1
3535,0
3540,0
3544,0
3550,0
3551,0
3554,0
3564,0
3569,0
3572,0
3582,0
3584,0
3585,0
3587,0
3592,0
3597,0
3601,0
3606,0
3607,0
3609,0
3613,0
3615,0
3622,0
3625,0
3630,0
3631,0
3632,0
3633,0
3638,0
3640,0
3643,0
3657,0
3665,0
3677,0
3682,0
3691,0
3695,0
3696,0
3705,0
3707,0
3711,0
3715,0
3719,0
3720,0
3729,0
3734,0
3738,0
3745,0
3747,0
3753,0
3755,0
3764,0
3765,0
3773,0
3779,0
3780,0
3793,0
3794,0
3797,0
3798,0
3800,0
3802,0
3803,0
3812,0
3813,0
3816,0
3818,0
3823,0
3826,0
3828,0
3832,0
3834,0
3836,0
3837,0
3838,0
3840,0
3851,0
3856,0
3857,0
3859,0
3860,0
3861,0
3863,0
3871,0
3876,0
3877,0
3881,0
3882,0
3894,0
3895,0
3908,0
3913,0
3915,0
3921,0
3930,0
3940,0
3944,1
3945,0
3949,0
3952,0
3977,0
3985,0
3987,0
3993,0
3996,0
4003,1
4008,0
4012,0
4019,0
4031,1
4034,1
4038,0
4042,0
4057,0
4059,0
4069,0
4070,0
4071,0
4096,0
4098,0
4110,0
4111,0
4125,0
4137,0
4139,1
4142,0
4148,0
4149,0
4159,0
4162,0
4174,1
4180,1
4184,0
4189,0
4193,0
4196,0
4204,0
4207,0
4213,0
4215,0
4219,0
4224,0
4225,0
4227,0
4230,0
4237,0
4239,0
4241,0
4251,0
4253,0
4255,1
4257,0
4258,0
4266,0
4272,0
4279,0
4286,1
4293,1
4301,0
4305,0
4314,0
4319,0
4326,0
4327,1
4341,0
4362,1
4367,0
4368,0
4371,1
4379,0
4385,0
4400,0
4404,0
4415,0
4416,0
4427,0
4435,0
4442,1
4450,1
4454,0
4462,0
4466,0
4469,0
4473,0
4474,0
4476,1
4477,0
4483,0
4492,0
4494,0
4503,0
4504,0
4507,0
4510,0
4511,1
4521,0
4522,0
4526,0
4536,0
4537,1
4538,0
4546,0
4547,0
4551,0
4563,0
4573,0
4574,0
4576,0
4581,0
4584,0
4589,0
4590,0
4594,0
4600,0
4601,1
4606,0
4609,0
4613,0
4616,0
4620,0
4628,0
4633,1
4634,0
4635,0
4641,0
4649,0
4651,0
4652,1
4656,0
4657,0
4660,0
4665,0
4668,0
4673,0
4683,0
4686,0
4689,0
4691,0
4694,0
4695,0
4703,1
4708,0
4725,0
4726,0
4728,1
4732,1
4736,0
4737,0
4739,0
4740,1
4743,0
4746,0
4750,0
4757,0
4758,0
4768,0
4772,0
4786,0
4788,0
4790,0
4794,0
4797,0
4802,0
4806,0
4809,0
4810,0
4817,0
4824,0
4825,0
4829,0
4840,0
4843,0
4846,0
4861,0
4864,0
4867,0
4874,0
4878,0
4882,0
4886,0
4887,0
4888,0
4892,0
4898,0
4905,0
4916,0
4920,0
4929,0
4937,1
4939,0
4941,0
4946,0
4948,0
4949,0
4950,0
4959,0
4962,0
4964,0
4966,0
4968,0
4980,0
4985,1
4996,0
5005,0
5006,0
5013,0
5020,0
5022,0
5030,0
5031,0
5047,0
5063,0
5080,0
5082,0
5085,0
5087,0
5088,0
5118,0
5120,0
5122,0
5129,0
5132,0
5138,0
5143,0
5145,0
5155,0
5158,0
5164,0
5170,0
5172,0
5174,0
5176,0
5180,0
5185,0
5186,0
5191,0
5197,0
5201,0
5214,0
5215,0
5217,0
5223,0
5224,0
5230,0
5231,0
5232,0
5239,0
5254,0
5261,0
5270,0
5271,0
5272,0
5281,0
5282,0
5289,0
5290,0
5291,0
5294,0
5297,0
5303,0
5312,0
5313,0
5328,0
5330,0
5333,0
5335,1
5337,0
5340,0
5343,0
5347,0
5357,0
5360,0
5361,0
5376,0
5382,0
5388,0
5389,0
5390,0
5391,0
5392,0
5393,0
5394,0
5403,0
5405,0
5407,0
5409,0
5424,0
5425,0
5426,0
5429,0
5434,0
5436,0
5437,0
5441,0
5445,0
5455,0
5477,0
5483,0
5485,0
5487,0
5491,1
5492,0
5496,0
5497,0
5501,0
5502,0
5503,0
5515,0
5523,0
5525,0
5527,0
5536,0
5537,0
5544,0
5552,0
5553,0
5556,0
5557,0
5585,0
5586,0
5593,0
5599,0
5604,0
5610,0
5620,0
5624,0
5629,0
5631,0
5657,0
5669,0
5673,0
5679,0
5680,0
5681,0
5687,0
5692,0
5701,0
5710,0
5714,0
5726,0
5731,0
5732,0
5733,0
5737,0
5744,0
5747,0
5749,0
5750,0
5756,0
5770,0
5771,0
5772,0
5773,0
5774,0
5779,0
5780,0
5781,0
5795,0
5800,0
5812,0
5814,0
5818,0
5824,0
5828,0
5834,0
5838,0
5839,0
5840,0
5849,0
5850,0
5856,0
5866,0
5874,0
5876,0
5891,0
5895,0
5896,0
5902,0
5903,0
5905,0
5906,0
5916,0
5926,0
5929,0
5938,0
5945,0
5952,0
5955,0
5956,0
5959,0
5965,0
5978,0
5987,0
5996,0
5999,0
6006,0
6016,0
6019,0
6023,0
6028,0
6032,0
6034,0
6038,0
6039,0
6044,0
6047,0
6053,0
6058,0
6062,0
6070,0
6077,0
6081,0
6084,0
6095,0
6104,0
6105,0
6110,0
6111,0
6116,0
6120,0
6122,0
6132,0
6147,0
6156,0
6161,0
6170,0
6175,0
6178,0
6183,0
6185,0
6186,0
6187,0
6188,0
6190,0
6191,0
6195,0
6210,0
6213,0
6216,0
6229,0
6231,0
6237,0
6241,0
6243,0
6248,0
6256,1
6265,0
6274,0
6293,0
6304,0
6305,0
6309,0
6321,0
6327,0
6333,0
6335,0
6341,0
6350,0
6355,0
6358,0
6361,0
6371,0
6380,0
6385,0
6399,0
6400,0
6406,0
6409,0
6411,0
6413,0
6415,0
6418,0
6423,0
6427,0
6429,0
6436,0
6437,0
6456,0
6458,0
6459,0
6461,0
6464,0
6465,0
6478,0
6489,0
6498,1
6507,0
6512,0
6515,0
6517,0
6525,0
6526,1
6531,0
6535,0
6539,0
6540,0
6544,0
6546,0
6547,0
6560,0
6562,0
6565,0
6567,0
6581,0
6591,0
6597,0
6606,0
6609,0
6610,0
6613,0
6615,0
6617,0
6625,0
6636,0
6640,0
6643,0
6644,0
6650,0
6665,0
6671,0
6672,0
6673,0
6678,0
6689,0
6693,0
6699,0
6708,0
6711,0
6715,0
6725,0
6732,0
6738,0
6745,0
6747,0
6754,0
6763,0
6764,0
6768,0
6769,0
6774,0
6776,0
6781,0
6787,0
6788,0
6795,0
6796,0
6797,0
6799,0
6801,0
6817,0
6819,0
6823,0
6829,0
6830,0
6832,0
6835,0
6837,0
6841,0
6844,0
6846,0
6853,0
6858,0
6859,0
6864,0
6877,0
6885,0
6892,0
6905,0
6917,0
6927,0
6928,0
6937,0
6944,0
6955,0
6957,0
6958,0
6960,0
6973,0
6974,0
6977,0
6978,0
6999,0
7016,0
7018,0
7026,0
7029,0
7039,0
7042,0
7043,0
7044,0
7049,0
7054,0
7063,0
7065,0
7066,0
7068,0
7071,0
7077,0
7080,0
7087,0
7089,0
7093,0
7098,0
7102,0
7116,0
7124,0
7130,0
7137,0
7143,0
7147,0
7154,0
7158,0
7162,0
7165,0
7166,0
7167,0
7171,0
7174,0
7183,0
7187,0
7188,0
7189,0
7196,0
7198,0
7199,0
7201,0
7203,0
7207,0
7210,0
7222,0
7229,0
7234,0
7237,0
7242,0
7243,0
7244,0
7246,0
7253,0
7257,0
7259,0
7267,0
7271,0
7284,0
7289,0
7291,0
7293,0
7296,0
7301,0
7302,0
7309,0
7310,0
7312,0
7314,0
7318,0
7320,0
7324,0
7325,0
7326,0
7329,0
7341,0
7345,0
7347,0
7348,0
7352,0
7359,0
7365,0
7368,0
7380,0
7382,0
7383,0
7389,0
7392,0
7407,0
7419,0
7426,0
7427,0
7431,0
7435,0
7437,0
7443,0
7445,0
7464,0
7471,0
7473,0
7479,0
7480,0
7481,0
7490,0
7492,0
7493,0
7496,0
7497,0
7498,0
7499,0
7507,0
7509,0
7514,0
7515,0
7518,0
7527,0
7528,0
7529,0
7543,0
7548,0
7550,0
7565,1
7567,0
7575,0
7588,0
7590,0
7593,0
7594,1
7596,0
7603,0
7604,0
7608,0
7612,0
7614,0
7615,0
7616,0
7625,0
7646,1
7647,0
7658,0
7664,0
7667,0
7673,0
7675,0
7677,0
7684,0
7685,0
7686,0
7689,0
7696,0
7702,0
7705,0
7720,0
7721,0
7732,0
7734,0
7746,0
7749,0
7754,0
7755,0
7756,0
7762,0
7768,0
7774,0
7776,0
7777,0
7779,0
7786,0
7793,0
7794,0
7795,0
7799,0
7806,0
7807,0
7811,0
7814,0
7815,0
7817,0
7821,0
7827,0
7830,0
7832,0
7839,0
7845,0
7856,0
7859,0
7865,0
7866,0
7868,0
7875,0
7876,0
7881,0
7885,1
7891,0
7894,0
7897,0
7908,0
7912,0
7922,0
7927,1
7932,0
7936,0
7950,0
7952,0
7956,0
7957,0
7959,0
7960,0
7963,0
7971,0
7972,0
7976,0
7978,0
7984,0
7989,0
7997,0
8003,0
8009,0
8012,0
8018,0
8022,0
8023,0
8024,0
8028,0
8033,0
8036,0
8038,0
8040,0
8043,0
8044,0
8046,0
8060,0
8070,0
8073,0
8081,0
8090,0
8091,0
8092,0
8115,0
8124,0
8128,0
8130,0
8134,0
8135,0
8141,0
8152,0
8158,0
8160,0
8162,0
8164,0
8168,0
8177,0
8179,0
8184,0
8190,0
8192,0
8215,0
8218,0
8219,0
8224,0
8231,0
8233,0
8242,0
8249,0
8252,0
8254,0
8262,0
8263,0
8264,0
8266,0
8268,0
8273,0
8275,0
8283,0
8285,0
8289,0
8292,0
8295,0
8296,0
8301,0
8310,0
8312,0
8313,0
8316,0
8321,0
8322,0
8323,0
8334,0
8336,0
8337,0
8348,0
8349,0
8351,0
8357,0
8363,0
8369,0
8370,0
8383,0
8386,0
8389,0
8413,0
8424,0
8425,0
8426,0
8433,0
8438,1
8448,0
8453,0
8454,0
8455,0
8469,0
8472,0
8477,0
8488,0
8497,0
8499,0
8502,0
8503,0
8508,0
8509,0
8513,0
8515,0
8521,0
8527,0
8531,0
8549,0
8555,0
8556,0
8559,0
8561,0
8566,0
8567,0
8569,0
8575,0
8577,0
8585,0
8601,0
8607,0
8616,0
8629,0
8640,0
8643,0
8649,0
8652,0
8656,0
8657,0
8662,0
8664,0
8674,0
8686,0
8692,0
8716,0
8718,0
8719,0
8728,0
8729,0
8740,0
8741,0
8743,0
8750,0
8757,0
8759,0
8762,0
8773,0
8775,0
8777,0
8780,0
8782,0
8783,0
8789,0
8794,0
8804,0
8820,0
8821,0
8824,0
8827,0
8830,0
8833,0
8836,0
8842,0
8843,0
8850,0
8851,0
8854,0
8858,0
8862,0
8863,0
8865,0
8866,0
8871,0
8879,0
8904,0
8906,0
8908,0
8913,0
8915,0
8921,0
8922,0
8924,0
8928,0
8930,0
8961,0
8962,0
8963,0
8964,0
8968,0
8969,0
8983,0
8985,0
8986,0
9005,0
9006,0
9009,0
9017,1
9019,0
9036,0
9053,0
9061,0
9062,0
9063,0
9069,0
9070,0
9076,0
9091,0
9094,0
9097,0
9099,0
9109,0
9121,0
9122,0
9133,0
9139,0
9142,0
9156,0
9165,0
9167,0
9168,0
9190,0
9200,0
9207,0
9208,0
9212,0
9228,0
9233,0
9234,0
9243,0
9244,0
9257,0
9267,0
9268,0
9274,0
9276,0
9291,0
9295,0
9306,0
9310,0
9313,0
9316,0
9322,0
9326,0
9329,0
9330,0
9334,0
9337,0
9338,0
9339,0
9340,0
9344,0
9345,0
9349,0
9351,0
9353,0
9355,0
9362,0
9365,0
9373,0
9384,0
9389,0
9396,0
9397,0
9403,0
9405,0
9412,0
9415,1
9418,0
9423,0
9429,0
9436,0
9439,0
9449,0
9455,0
9457,0
9461,0
9465,0
9474,0
9495,0
9512,0
9513,0
9514,0
9531,0
9535,0
9537,0
9546,0
9564,0
9565,0
9568,0
9572,0
9579,0
9580,0
9583,0
9585,0
9588,0
9595,0
9604,0
9606,0
9614,1
9615,0
9619,0
9632,0
9634,0
9635,0
9637,0
9639,0
9655,1
9657,0
9658,0
9663,0
9667,1
9669,0
9673,0
9674,0
9696,0
9709,0
9713,0
9718,0
9719,0
9721,0
9722,0
9736,0
9742,0
9750,0
9751,0
9763,0
9765,1
9770,0
9772,0
9779,0
9785,0
9791,0
9793,0
9795,0
9798,0
9802,0
9813,0
9820,0
9822,0
9835,0
9837,0
9847,0
9849,0
9857,0
9861,0
9867,0
9870,0
9874,0
9887,0
9893,0
9895,0
9898,0
9911,0
9916,0
9917,0
9939,0
9941,0
9945,0
9946,0
9949,0
9951,0
9965,0
9968,0
9973,0
9974,0
9975,1
9976,0
9978,0
9981,0
9983,0
9985,0
9993,0
9994,0
