row,id,review,label,oof_score,manual_category
120,R00120,꼴데라 하지마라 이제 못해도 4데다,1,0.226,irony_defense(반어·옹호·표면과 반대)
714,R00714,장애인들인가? 애초에 개봉전에 13구역 리메이크라고 했구만 무슨 13구역과 똑같다면서 평점 1점주는 무뇌충들은 뭐냐ㅉㅉ,1,0.046,irony_defense(반어·옹호·표면과 반대)
1476,R01476,"쓰레기면 쓰레기인 이유를 처말해 OOO드라 좀 ㅡㅡ그래야 앞으로 볼 사람들이 볼지 안볼지, 다른 영화랑 견주어 볼 거 아니냐고제발 무뇌종처럼 굴지마셈 꼭 무슨 선동당한것같다 너희 진짜;;",1,0.05,irony_defense(반어·옹호·표면과 반대)
6843,R06843,호주의 멋진 자연을 보여주는 게 재미의 전부.,0,0.775,irony_defense(반어·옹호·표면과 반대)
8962,R08962,다른걸 떠나서 간호사 죽여버리고 싶더라,1,0.246,irony_defense(반어·옹호·표면과 반대)
9245,R09245,아놀드만으로도 대단한 영화였다.. 굿.. 이보다 대단할순 없을듯...,0,0.844,irony_defense(반어·옹호·표면과 반대)
10246,R10246,전 책으로 읽었는데 진짜 재밌어여,0,0.783,irony_defense(반어·옹호·표면과 반대)
10420,R10420,이 영화 욕하지마라 니들은 이런 도전이라도 해보았느냐;;,1,0.227,irony_defense(반어·옹호·표면과 반대)
11218,R11218,배경 좋고 스케일만 크고.. 아기 연기가 좋네요 ..,0,0.866,irony_defense(반어·옹호·표면과 반대)
11727,R11727,광태 새끼 개짜증 남. 광태 친구도 왕 짜증.,1,0.193,irony_defense(반어·옹호·표면과 반대)
11772,R11772,일본애들이 리메이크 했는데 제발 좀 건드리지 마라...,1,0.192,irony_defense(반어·옹호·표면과 반대)
12689,R12689,빈 깡통뿐인 전쟁영화를 기대했다면 실망이겠지.,1,0.217,irony_defense(반어·옹호·표면과 반대)
12923,R12923,이 영화에서 좌파 어쩌고 하는 쳐죽일 빨갱이 새퀴들은 뭐냐? 영화는 개 콧구녕으로 봤냐 ? 우빨쓰레기들은 아괄쳐닫고 3 S정책에 맞춘 영화나 쳐보렴.,1,0.033,irony_defense(반어·옹호·표면과 반대)
15165,R15165,"사람들 절반이, 잘못알고있는데ㅋㅋ 진화촉진제 맞은 인간들이 바로 돌연변이 된게 아니라... 진화촉진제 맞은 인간들이ㅡ 후손남기고 극한환경에ㅡ 맞게끔 900년걸쳐서 진화한건데;;; 전자로 생각하면 진짜 평점 낮을수밖에ㅋ기자/평론가들 태반일거임ㅋ",1,0.22,irony_defense(반어·옹호·표면과 반대)
15645,R15645,도대체 뭘 까고 싶은거냐... 깔 내용 따윈 없다..,1,0.081,irony_defense(반어·옹호·표면과 반대)
16960,R16960,케빈코스트너씨 당신은 영원히 영화판을 떠나도 좋습니다.잘 가시길,0,0.853,irony_defense(반어·옹호·표면과 반대)
17386,R17386,왜 시나리오가 별로라고들 이야기하는지? 배배꼬아서 반전이 있어야 좋은 시나리오인가? 이정도면 완성도 높은 시나리오임.. 감독이 연출하고자한 느낌이 정확히 전달되니.. 너무잼나게봤음,1,0.171,irony_defense(반어·옹호·표면과 반대)
18366,R18366,와 이거 진짜 편집신 포스터 만든 사람은 감독한테 사과해라 어쩐지 감독이 cf감독출신이었네,1,0.235,irony_defense(반어·옹호·표면과 반대)
141,R00141,그냥 7점 정도가 적당한영화?,1,0.226,label_noise(라벨 노이즈·중립)
636,R00636,근데 왜 갑자기 실시간 검색어에 오른건가요??,1,0.203,label_noise(라벨 노이즈·중립)
1727,R01727,어쩌라고,1,0.225,label_noise(라벨 노이즈·중립)
1957,R01957,밤샜다..^^^^,0,0.807,label_noise(라벨 노이즈·중립)
2798,R02798,대체 어디서개봉한거니 너는???,1,0.201,label_noise(라벨 노이즈·중립)
3874,R03874,기대했던것보다 재미가없네요 아이가 좀 재미없데요,1,0.145,label_noise(라벨 노이즈·중립)
10664,R10664,엄청재밌는영화입니다,0,0.875,label_noise(라벨 노이즈·중립)
13978,R13978,영화정말 재미있네요 ㅎㅎ,0,0.929,label_noise(라벨 노이즈·중립)
14767,R14767,너무나 아름답고 신비로운 영화다.,0,0.925,label_noise(라벨 노이즈·중립)
15783,R15783,로저무어에 비해 임팩트가 딸리는 달튼..007 아프가니스탄 특집..모로코 특집..아하는 노르웨이 그룹인데 왠일로~ 본드걸..내 취향은 아니라 실망..,1,0.199,label_noise(라벨 노이즈·중립)
16297,R16297,초대박 강추 영화입니다^^,0,0.881,label_noise(라벨 노이즈·중립)
17403,R17403,매력적인 영화.. 하지만 다시 보고 싶지는 않다.. 8점!!,0,0.855,label_noise(라벨 노이즈·중립)
18055,R18055,1980년작 귀타귀와 연관 지어져서 귀타귀2로도 알려져있는디 이 영화는 귀타귀2 아니예유. 그냥 인혁인이에유. 귀타귀2는 1990년작 귀요귀라는 제목으로 따로 있어유. 이 당시엔 영화 수입을 바보가 했나보네유.,1,0.218,label_noise(라벨 노이즈·중립)
19148,R19148,개봉했는데.. 평점이 한개도없네; 평점좀주세요........,1,0.164,label_noise(라벨 노이즈·중립)
96,R00096,이해가안간다 스필버그이름하나로 2편이 옹호가능한 영화인가? 오히려 3편이 1편의 명성에 적어도 먹칠까지는 아닌 수준의 후속작이다.,1,0.074,contrast(역접·복합)
384,R00384,"작년 최고프로그램수상을 했지만, 아빠어디가2는 시청자를 우롱한 프로그램이 되었다. 또한 시대의 현실을 반영하고 있으며 제작진 및 주관하고 있는 피디가 현정부와 다를 바없으며 편히 볼 수 있는 프로그램이 아닌 정치적 프로그램이며 사랑받을 수 없을 것이다",0,0.843,contrast(역접·복합)
536,R00536,"오늘 우연히 ocn에서 봤는데 촌티가 많이 풍기는 영화였다,ㅋ",0,0.795,contrast(역접·복합)
671,R00671,어린 시절 괴수 영화에 빠져있던 나에게 누군가 이 영화를 추천해준 적이 있다. 그 당시에는 꽤 괜찮게 봤는데 나이를 먹고 성인이 되어서 이 영화를 다시 보니 전형적인 B급 영화였다. 1점은 너무 박하고 4점 정도가 딱 적당하지 않을까.,0,0.815,contrast(역접·복합)
3490,R03490,취향만 맞다면 놓치기 아까운영화^^하지만 대다수 사람에게는 최악일지도.. ..,1,0.175,contrast(역접·복합)
5176,R05176,마지막 쌍권총 씬 만으로 이 영화는 10점 받을 가치가 있다운명의 실타레라는 설정만 없었어도 b급 소리는 안들었을텐데.. 원작에 너무 충실했어,1,0.224,contrast(역접·복합)
5750,R05750,1편은 재미없어서 볼까말까 고민하다가 끊기는거 싫어서 봤는데 보길잘한것같음 니노미야 인정하기싫게 멋있음 뭔가 멋있는데 되게 인정하기싫게 멋있는느낌.. 원작을 안보고 봐야 재미가 더한듯 결말진짜 씁쓸,1,0.22,contrast(역접·복합)
6376,R06376,"페넬로페크루즈아름다운것만알겠다.사랑에대한깊은통찰없,경험없으면실망할영화",0,0.781,contrast(역접·복합)
8331,R08331,졸릴 때 봐서 더 흠수력이 있었나?? 꿈꾸듯 보다보니 시간이 훌쩍~꿈같다zz,1,0.181,contrast(역접·복합)
13145,R13145,"영화는 좋았으나... 여주인공(제이미)이 상당히 잉여스럽다(도대체 극중에 하는일이 하나도 없음), 그럼에도 불구하고 모든 사람들이 그녀를 살리지 못해 안달났음. 그거만 빼면... 수작",1,0.096,contrast(역접·복합)
13382,R13382,음....계속보게되긴하는데 백장미랑 백만종때문에 볼때마다화가나요!...어쩜저렇게 당당하게 살수있는지....제발 백장미랑 박차돌이어주지마세요....막장되지않고 통쾌한드라마되길....초롱이도 차돌이랑 계속살게해주시고요ㅎ,0,0.835,contrast(역접·복합)
15987,R15987,극장에서 돈 주고 봤으면 더 좋았을 영화. 개봉을 놓친게 아쉽다.,1,0.228,contrast(역접·복합)
19431,R19431,"결말로 가고 잇네요! 너무 억지로 급 결말 하지 말고 공감과 감동 그리고 여운이 남는 드라마로 기억되기를 바라구요.. 멋진동우가 활짝웃으며 행복하게 끝나기를,,, 동우 홧팅^^",0,0.938,contrast(역접·복합)
