id,review,label,oof_score,model_pred,van
R00020,어릴때 1편 tv에서 보고 너무 웃겨서 2편 빌려서 온가족이 보고 있는데 야한장면 나와서 가족끼리 어색하게 만든 영화,0,0.7506,1,1
R00096,이해가안간다 스필버그이름하나로 2편이 옹호가능한 영화인가? 오히려 3편이 1편의 명성에 적어도 먹칠까지는 아닌 수준의 후속작이다.,1,0.0738,0,1
R00120,꼴데라 하지마라 이제 못해도 4데다,1,0.2261,0,1
R00141,그냥 7점 정도가 적당한영화?,1,0.2264,0,1
R00297,"암울~ 가족 , 현실, 그리고 미래....",0,0.7554,1,1
R00366,크하...수작 하나 나왔네! 너무 재밌게 봤다 최고!최고!!!,0,0.9478,1,1
R00384,"작년 최고프로그램수상을 했지만, 아빠어디가2는 시청자를 우롱한 프로그램이 되었다. 또한 시대의 현실을 반영하고 있으며 제작진 및 주관하고 있는 피디가 현정부와 다를 바없으며 편히 볼 수 있는 프로그램이 아닌 정치적 프로그램이며 사랑받을 수 없을 것이다",0,0.8433,1,1
R00518,야동용으로 보려한사함들 반성해라 ㅡㅡ 보는내내 제시카알바 겁나귀여웟고 남자주인공도 괜찮앗다. 스토리도 뻔한스토리라고 볼수잇지만 배우들의 귀여움과 코믹함으로 다 커버쳐 줫다.,1,0.1382,0,1
R00536,"오늘 우연히 ocn에서 봤는데 촌티가 많이 풍기는 영화였다,ㅋ",0,0.7952,1,1
R00582,"여 주인공 알렉산드라 다드다리오의 가슴에 10점만점.이런건 아무 생각없이 볼때나 재미있지.그것도 내면이 문제많은 극히 일부의 사람들에게나 통함.나나 가족들에게 얼마든지 일어날수 있는일이라고 생각하고 보면,절대 즐길 물건이 못됨.",0,0.8638,1,1
R00628,"CG는 기대 이상으로 휼륭했고, 고릴라가 보여주는 액션도 꽤 괜찮았지만...스토리와 연출이 참.... 웃음 포인트도 약하고, 감동도 어정쩡하고... 게다가 중국풍인지, 인도풍인지 난해한 배경음악이 심히 거슬림.",1,0.082,0,1
R00636,근데 왜 갑자기 실시간 검색어에 오른건가요??,1,0.2026,0,1
R00671,어린 시절 괴수 영화에 빠져있던 나에게 누군가 이 영화를 추천해준 적이 있다. 그 당시에는 꽤 괜찮게 봤는데 나이를 먹고 성인이 되어서 이 영화를 다시 보니 전형적인 B급 영화였다. 1점은 너무 박하고 4점 정도가 딱 적당하지 않을까.,0,0.8152,1,1
R00683,탁재훈 나올때만 재밌음,0,0.8564,1,1
R00714,장애인들인가? 애초에 개봉전에 13구역 리메이크라고 했구만 무슨 13구역과 똑같다면서 평점 1점주는 무뇌충들은 뭐냐ㅉㅉ,1,0.0458,0,1
R00852,제목이 엉터리,1,0.2348,0,1
R00886,보다 말았는데 심장 졸라 쫄깃해진다;; 근데 여주 졸라 답답함. 세면대 물기 닦는 철저함도 보였으면서 차번호도 안봐두고...글고 주유소에 불 지르면 될텐데... 글고 쪼매난 총으로 뭐 어쩌려고 미친놈 소굴에 따라가냐,1,0.028,0,1
R00999,번개치고 귀신튀어나오는 성궤나 불사의 영약 성배나 고대 중남미문명 외계인 개입설이나..뭔 차이가 있어서 이상하다 하는지 모르겠구만..ㅋ...하나님이나 예수가 아니라 외계인이 나와서 실망들하셨나?..ㅋ,1,0.0856,0,1
R01053,명작입니다 정말 아주 조아여 짱임 ㅋㅋ 저두 옛날에 ㅋ,0,0.8697,1,1
R01089,필 어떻게 됫을까? 헤어지고 나서 한번도 안나옴..;;ㅋㅋ,1,0.2132,0,1
R01111,"진짜, 어이없다. 이작품성좋은 영화가 평점이 이리낮을수가,, 알바생들뭐하냐, 이런영화나 올려주지, 쓰잘데기없는영화점수주지말고,,,헐, 기자평론가점수 대박, 이쇄끼들은 도대체 영화볼때 어떤점을 보는거야??",1,0.1261,0,1
R01199,슬프지도 재밋지도 감동적이지도않음진짜,0,0.7764,1,1
R01217,오~하나님! 앞으로 영화보고 화나게 않게 해주세요.,0,0.7892,1,1
R01247,"팬들이 ""드래곤볼의 이야기를 다시 볼 수있다는 것 만으로도 행복하다!"" 라고 말해주는 것과, 말하라고 강요하는건 다르다.",0,0.7503,1,1
R01258,말이필요음슴,0,0.882,1,1
R01283,정말 너무 재미있다..,0,0.7899,1,1
R01322,보는 내내 아기가 안쓰러웠음 얼마나 아기가 고생했을까 애 앞에서 소리지르고 욕하고 애 안고 달리는데 애 목꺽이는거보고 가슴이 조마조마 ㅠㅠ 이쁜 아기 눈망울이 넘 이뿐덴 ㅠㅠ 넘어린 아가가 고생했겠당,0,0.7991,1,1
R01476,"쓰레기면 쓰레기인 이유를 처말해 OOO드라 좀 ㅡㅡ그래야 앞으로 볼 사람들이 볼지 안볼지, 다른 영화랑 견주어 볼 거 아니냐고제발 무뇌종처럼 굴지마셈 꼭 무슨 선동당한것같다 너희 진짜;;",1,0.0495,0,1
R01526,보고싶은영환데...상영하는영화관이없네요...광역시안에 영화관이 수백갠데상영하는 영화관 하나없냐...너무하다...,1,0.1327,0,1
R01603,영화를 보기 보다 1기를 시청하거나 재탕하는 시간이 더 값지다고 할까나...그런데 왜 10점이냐고? 릿카가 나오니까,1,0.1792,0,1
R01705,액션을 바랬다가 1점을 주는건지... 기준에 안들어 재미없으면 1점 영화라고 생각하는 사람들이 많아보여 한심하다,1,0.0694,0,1
R01727,어쩌라고,1,0.225,0,1
R01742,케이블에서 하는 방송은 후반부 황당하게 끊어버림. 후반내용이 이영화를 말해주는 건데 그걸 통편집 해버린걸 대체 누가 보라고 방송하는겨. 비유를 하자면 영화 아바타에서 마지막 전면전을 남겨둔 시점이후부터 완전히 삭제해버린 것과 다를바 없을 정도.,1,0.084,0,1
R01913,개병맛. 감독이 약했나봐,1,0.1909,0,1
R01957,밤샜다..^^^^,0,0.8071,1,1
R02011,아니 이영화는 언제나 볼수 있는거야... 젠장할.. 다찍어노코 개봉을안해,1,0.2165,0,1
R02029,트루맛쇼는 평점이 높고 이영화는 평점이 낮은데 정치적이냐 아니냐다 표몰이 선동질이라고 하는데 이런 영화보고 자기가 지지하는 정치세력이 바뀌나? 이영화에 마지막부분에 나오는 아줌마의 이야기를 봐라 그래도 박근혜는 이명박과 다를거라고 말한다 그게 현실이다,1,0.1023,0,1
R02127,세상에 ㅋㅋㅋ 이거 예전건데 ㅋㅋㅋ 근데 아직도 평점을 달고 있어 ㅋㅋㅋ 뭐가 소름이 돋는다는거야 ㅠㅠ 왜이래 다들 ㅠㅠ,0,0.7997,1,1
R02287,볼만했다 어처구니없는 한글 빼고,1,0.1878,0,1
R02295,영화 세계의 저 밑바닥 끝을 보여줘서 감사합니다,0,0.8402,1,1
R02329,굿입니다 다시보나 재미잇내요,0,0.8604,1,1
R02360,첫회라 신선하고 재밌었는데 또 불륜이나 바람 이딴거 들어가면 짜증날듯..,1,0.2242,0,1
R02365,남자라면 꼭! 봐야할영화 ^^,0,0.9041,1,1
R02398,어릴때 너무 좋와하던영화입니다.,0,0.894,1,1
R02455,1점은 전부 초딩인가봄 초딩이라 이해도 못하고 지루하고....,1,0.054,0,1
R02566,"보기 전, 뻔한 얘기에 평점이 왜 이리 높은가 생각했다. 보고 나서, . . .",1,0.2172,0,1
R02591,범상치 않은 대사 하나하나가 눈물샘을 자극한다! 잠이 쏟아진다고!,0,0.8377,1,1
R02700,다 이야기하기에는 입아프고... 서우 연기.. 와우 그 일관성있는 연기란.. 짱임니댜! 푸른거탑의 연기자들은 경력도 얼마안되지만 살아있는 연기를 보이는데.. 왠지 거울보고 눈싸움해도 이길듯하네요 일관성있는연기 멋지지 말입니댜!!,0,0.8798,1,1
R02789,이야길 억지로 짜맞춘듯..설득력이 없다 그래도 소잰참신함 8점 초는되야될듯,1,0.1626,0,1
R02798,대체 어디서개봉한거니 너는???,1,0.201,0,1
R02820,처음에 네이버검색했을때 이영화 아닌줄 알았네.. 점수가 그지같아서 ..,1,0.2477,0,1
R02837,"서미도,재희 짜증 지대로다 한태상 넘 불상해",1,0.2148,0,1
R02954,강아지가 가장 재밌는 영화,0,0.8282,1,1
R02976,연출이 굉장히 아릅답다.스토리가 매끄럽지 않다는 불평들도 있으나감독이 무었을 제시하는지 충분히 이해가 가고 남는 엉화,1,0.2329,0,1
R03073,전원일기가 월 감동적이고 재미있다.,0,0.9413,1,1
R03120,"스릴러 장르를 좋아하지만, 아쉬움이 많이 남는 영화였다",0,0.8032,1,1
R03220,"정재영 개인적으로 연기 못한다고 생각하는 배우 중 한명. 어느 역할에서건 좀 비슷비슷한 느낌이 들고 보는 내내 ""이건 연기"" 라는 느낌이 계속 듭니다.",0,0.7997,1,1
R03249,10점 줄께... 난 누드에 약한 남자. ㅋㅋ 그래픽만으로는 10점 받아도 될 것 같네... 내용을 따지려면 애니를 보지말고 책을 봐라...,1,0.2368,0,1
R03279,평점 알바들 득실대는 쓰레기 몇몇 한쿡영화보다 훨낫다!,1,0.0817,0,1
R03286,다 필요 없고 남자주인공 조패고 싶다. 나도 남잔데 진짜 청개구리ㅅㄲ도 아니고 말 조내 안듣고 이 영화 보면서 공포를 느끼는게 아니라 분노를 느꼈다 그냥 전문가 불러 색꺄,1,0.17,0,1
R03347,닉vs여주 핵발암 핵쓰레기 두명땜에 도데체 몇명이 피해를 보는거냐 ㅋ..,1,0.0287,0,1
R03370,역시 사람은 겉모습 만으로는 판단하지 말라는 교훈을 주는 영화 ~~~~~~,0,0.818,1,1
R03456,이 영화는 뭔가~~! 무엇이길래 잘려고하는 나를 붙잡고있는건가....!! 정말 알고싶다ㅠ,0,0.8438,1,1
R03490,취향만 맞다면 놓치기 아까운영화^^하지만 대다수 사람에게는 최악일지도.. ..,1,0.1748,0,1
R03493,어처구니 없다 ㅋㅋ 첨에 어리버리인주 알았는데... 마지막까지 어리버리적인 표현으로 느끼게 하는구나ㅋㅋ 어리버리가 무서운넘이 었다가 친했다가 살인없는 영화 다만 마지막 같은 부서 후배는 어찌될지..,1,0.2076,0,1
R03713,ㅋ그냥그냥 칼랑타임용,1,0.2437,0,1
R03809,윌리엄 프리드킨 스타일이 더 좋았다.1편이 최고다.,0,0.8883,1,1
R03824,결국엔 지금 부인이 첫사랑과 닮아 결혼을 했다는 안타까운 결과...과연 마음깊숙한 곳에 사랑이란 감정은 있었을까요? 첫눈에 반했다는 달콤한 말로 여자를 유혹하고...,0,0.7507,1,1
R03874,기대했던것보다 재미가없네요 아이가 좀 재미없데요,1,0.145,0,1
R03894,이건뭐 에로를 넘어섰네..,1,0.161,0,1
R03941,"이채영,완전채 이쁘고 귀엽고 가능성도 충분히있다고생각하지만 모든것을다걸고나온 사람들을 밟고올라갈만큼 뛰어나다고생각하지않습니다. 솔직히 홍정희,썸띵 노래들을때 진짜 소름끼칠만큼 감동이전해졌고 연애하는느낌이들정도로좋았어요. 심사의 기준이 뭔지 정말궁금해요",0,0.9422,1,1
R03984,이거 평점낮게준애들은 존나 수준낮거나 감성없는애들이 대부분일거다.니들은 걍 사람들막 살인하고 총질하는 사이코패스영화나 쳐봐,1,0.2479,0,1
R04030,그나마 대기업이 하는게 낫지않나? 하여간 의사색히들 싸가지없는것들 많아서 평점10,1,0.1512,0,1
R04058,싫으면 보지 마라. 너같은 인간 이제 지겹다.,1,0.238,0,1
R04070,열개도 안아깝다ㅋㅋㅋ,1,0.2264,0,1
R04117,총을 쏘았다는데 총알이 없어. 탄피도 없어. 다쳤는데 왜 다쳤는지를 모르겠네. 개법부를 엎어버려야지 원,1,0.0992,0,1
R04142,ㅎㅎㅎ 항시 중동은적이고 미국은 정의롭다,0,0.7647,1,1
R04177,영상은 아름답다.,0,0.8383,1,1
R04197,30분쯤 보다가 에이 재미없네 하면서 끌려고 했는데 아니 이럴수가 끝까지 다 봤네?,1,0.0639,0,1
R04271,원래 고든플래시나 슈퍼맨리턴즈나 도찐개찐인데... 발연기영화를 언급하는,1,0.1992,0,1
R04298,아 진짜 우리나라사건이얼마나 많은데 아직시작도않한거같은데 벌써끝나나니요 ...딴 프로그램은 사라져도 이건 없어지면 안되요 아 놔 아진짜,1,0.1433,0,1
R04311,이거 본거 같다. 근데 중간부터 봐서 영~,0,0.7709,1,1
R04382,별점이 높을만 하다! 스포츠 관련 영화는 안보는데 끌려서 봤더니.. 내 감 아직 안죽었어ㅠ!,1,0.2157,0,1
R04449,2편의 연장선으로 바라보게 되는 또 하나의 슬픈 이야기,0,0.8706,1,1
R04484,오ㅏ.. 진ㅉㅏ.. 어쩜 OOO도 이런 ㅆㅣ레기가!!,1,0.119,0,1
R04524,쓰레기 영화,1,0.1223,0,1
R04528,정말 사랑에 대해 다시생각한거같습니다 감동이에요,0,0.9264,1,1
R04655,1점주는 OOO들은 흰둥이똥구멍이나 핧으라지. 쓰레기들..,1,0.0633,0,1
R04672,로버트 슈왈츠먼 어데로갔노ㅠㅠㅠㅠㅠ,0,0.7858,1,1
R04719,맨밑에 님 수준참..-_-; 이런 수작을 단지 야한장면 보려고..,1,0.2189,0,1
R04829,최고의 배우 평범한 영화,0,0.77,1,1
R04880,여기 박정민 팬들 몰려옴?? 강지환 연기력밖에 안보이던데 무슨 노답,1,0.2228,0,1
R05006,뭔가 찜찜한 결말.. 그래도 볼만함..,1,0.2362,0,1
R05028,이건 대작이다.. 예림이 그패봐봐 혹시장이야?,1,0.2423,0,1
R05033,"초반에는 왜 이런 영화는 늘 달동네 냄새나는 장면으로부터 시작되는가를 생각하며 아니꼽게 바라보다가 배우들의 안정된 연기 스타트에 금새 몰입했다. 어떻게 이렇게 세심하게 잘 표현됐나 했더니, 감독이 입양아 출신이구나... 자기가 느낀점을 그대로 담았나",1,0.2233,0,1
R05036,Helen says this movie looks good so im giving an one for rate.,0,0.9174,1,1
R05058,외로운 연말을 따뜻하게 해주는 영화,0,0.8736,1,1
R05176,마지막 쌍권총 씬 만으로 이 영화는 10점 받을 가치가 있다운명의 실타레라는 설정만 없었어도 b급 소리는 안들었을텐데.. 원작에 너무 충실했어,1,0.2238,0,1
R05332,cg로 아무리 떡칠해도 저런액션은 엄청난 노력과 훈련없이는 흉내도 낼수가 없다 일단 몸부터 헬스장에서 아무리 만들어도 클라스가 다름,1,0.1907,0,1
R05357,정말 재미있게 보았습니다. 음악의 템포와 편집기술이 두드러진 작품이라 보,0,0.7846,1,1
R05392,레옹 재밋게본사람으로써 기분나쁘다,0,0.7561,1,1
R05432,"아~ 이 영화 , 내인생에 있어서 최고로 많이 울게했던 영화... 엄청 슬픔",0,0.9072,1,1
R05584,오랜만이다. 정말 3편까진 그나마 참아줬지만 이미 4편부턴 '무서운 영화' 수준,1,0.1753,0,1
R05726,긴 벌칙이였습니다. 엔딩입니다.,0,0.7879,1,1
R05750,1편은 재미없어서 볼까말까 고민하다가 끊기는거 싫어서 봤는데 보길잘한것같음 니노미야 인정하기싫게 멋있음 뭔가 멋있는데 되게 인정하기싫게 멋있는느낌.. 원작을 안보고 봐야 재미가 더한듯 결말진짜 씁쓸,1,0.2198,0,1
R06047,그렇게 재미없지 않았는데 평이 최악이군요..,1,0.1601,0,1
R06049,불후의 명작입니다 꼭 보세요!,0,0.8846,1,1
R06057,만화같은 영화 !! 람보는 저리 가라다. 아니 발톱의 때만도 못하다. 현존 최강 무적~ 불사신 여전사 !!,1,0.1861,0,1
R06124,"어렸을때 영화관에서 재밌게봤던 기억에 티비돌리다가 다시봐봤는데 오광록인가? ""마짱한번뜨자""이대사보고 바로끔 좋은기억으로남는게좋았을걸...",0,0.9255,1,1
R06328,이야...한국 영화에 길이남을 역사적인 작품이다. 많은 사람들이 이 영화에 대해 알았으면 좋겠다.,0,0.8439,1,1
R06339,terribly boring and unacceptable situations ...,0,0.8563,1,1
R06376,"페넬로페크루즈아름다운것만알겠다.사랑에대한깊은통찰없,경험없으면실망할영화",0,0.7811,1,1
R06532,어렸을 적에 봤을때는 꽤나 임팩트 강하게 봤는데..지금 다시 보니 게으르고 나약하고 생활력 없는 젊은이의 사회를 향한 한풀이 정도로 느껴지는 듯.,0,0.8902,1,1
R06602,가슴 따뜻해지는 명작..,0,0.9645,1,1
R06645,러셀 살짝 멋있을뻔 했다.평작에 그쳤다.폴 감독 이벤트 호라이즌이 최고.,0,0.7694,1,1
R06688,트로트연인은 말아먹었는데 이건 잘 만들었네요 -_-;;;,1,0.2252,0,1
R06720,솔직히 6점대의 영화는 아니다. 7~8점정도?평점 맞추기 위해 10점준다.,1,0.162,0,1
R06811,코미디프로도아니고 영화로이만함웃긴거지 참~모지란애글이이런건 1점주지 ㅡㅡ6도나왓음조켓댜~,1,0.1068,0,1
R06843,호주의 멋진 자연을 보여주는 게 재미의 전부.,0,0.7747,1,1
R06848,극한직업의 고충도 사형제의 딜레마도 아닌 한국인 특유의 정 앞에서는 공과사도 구분못하는 공무원들을 꼬집는 영화네요,0,0.7782,1,1
R06942,100분이 짧을 정도로 몰입할 수 있어서 좋았다...꿈나라에!!!,0,0.8256,1,1
R06993,말이 안된다..너무나 처절하고 착찹하지만 저나이에 저정도로 돈벌어 먹고살일이 없을까?하다못해 택시운전을해도 한달 2~300백은 번다영화자체는 너무 좋았지만 공감하진 못하겠다,1,0.2227,0,1
R07065,그 경찰은 자제력이 상실된 사람이 아니였을까 오스카보다도 더..어떻게 하면 총이 함부로 쏴지는 건데 경찰이 될 자질이 없는 사람이였는데 에휴..,1,0.2311,0,1
R07082,차마...말을 못하겠다.,1,0.2384,0,1
R07106,상상력이 심각하게 부족한 영화!,0,0.7508,1,1
R07119,당시에는 나름 몰입해서 봤었던 기억이 있는 영화. 역시 브루스 윌리스의 액션 영화답게 딱히 기억에 남는 것은 없음,0,0.7711,1,1
R07120,숀펜의 열정만큼은 최고,0,0.7778,1,1
R07157,완벽히 묘사한 cg가 인상적이었습니다 ^^,0,0.9201,1,1
R07227,괜찮네. 중간에 왜 지능범이 바보짓 할까 했더니 반전이 있군~,1,0.2233,0,1
R07266,반개 빠진건 초반의 레드포드가 좀...그리고 은총탄에 대한 결론도..,1,0.1435,0,1
R07305,인간의 본성을 그대로 나타내다.. 하지만.. 딱 우리시대의 가족이 아닐까,0,0.8035,1,1
R07340,명배우는 다모였는데 아쉬움만 남는 작품 런닝타임짧고 레오빛나는 비쥬얼이 선방,0,0.7544,1,1
R07371,강력한 분노를 느끼고 싶으시다면 적극 추천합니다.,0,0.8196,1,1
R07388,정말 최고의 영화 강추,0,0.938,1,1
R07468,사랑스런 신민아. 참으로 귀여운 색녀..,0,0.752,1,1
R07552,"5~6점 정도 그냥저냥 볼만함. 사회 문제 지적질 때문인지 별점 테러 세력과, 기대하고 본 사람들의 실망감이 어울러져 별점이 형성된듯.",1,0.1111,0,1
R07567,간만에 보는 먹먹한 영화 ㅋㅋㅋ,0,0.835,1,1
R07583,OO맞은 영화 찍느라 노고가 많으셨다. 이런거 만드느라 힘들었겠지...,1,0.1417,0,1
R07619,직업에 귀천이 어딨냐. 근데 왜 임창정은 자꾸 거리를 둔거지! 자신이 무능하다고 생각한 건가.,1,0.2126,0,1
R07659,똥차 신성일의 실체를 예고하는 영화 엄앵란 불쌍..,1,0.2394,0,1
R07700,이런쥑이는 영화에 1점준 인간들은 도대체 뭐냐 에효 장가휘 넘 멋지당,1,0.0507,0,1
R07749,"7~8점정도가 적당할듯. 전 여기사람들 반응보고 진짜 눈뜨고는 볼수없는 개막장인줄알고 기대없이 봤는데 생각보다 볼만했음. 뻔한내용이긴하지만 온주완,박효주?,마동석 이분들이 이영화 살린듯하고 솔직히 김선아님 연기는 살짝 부족해보여서 아쉬웠어요.",1,0.1971,0,1
R07788,This is shit ever...director needs to be extincted right away. you are wasting time for so many people. Holy damn..,0,0.9366,1,1
R07864,나도 모르게 빠져들게 만드는 영화 허영란의 파격노출,0,0.8164,1,1
R07989,아 OO 이거보고 화장실도 못갓잖아 밤에 ㅡㅡㅋ,1,0.2225,0,1
R07991,재밌어요 ^^ 추천 나만죽을수없다.,0,0.9532,1,1
R08097,다른 시시껍적한 블록버스터보다 더 좋고 생각많이 하게 하는 영화. 형이 푸켓에 7년동안 살때를 떠올리게 만드는 영화...푸에리토 리코에 가고잡다.,0,0.841,1,1
R08169,20년만 빨랐어도 명작 반열에 오를 수 있었던 아쉬운 영화. 나나코 ㅠㅠ,0,0.8621,1,1
R08244,진짜 다들 너무하시네 ㅡ 전투하다가로맨스니 킬링타임용이니뭐니 불만엄청나게하시고 1점주시네 아니전투하고로맨스지그러면전투하고 연인죽고끝납니까?또 죽으면 죽였다고 감독욕하고;;그런분들때메 이영화 인기떨어져서 2편 안만든데요 ㅡ,1,0.139,0,1
R08255,"진행자들이랑그방청객들 너무오버하는게 보기안좋더라. 그렇지만, 휘성편은 정말재미있게봤다.",0,0.887,1,1
R08331,졸릴 때 봐서 더 흠수력이 있었나?? 꿈꾸듯 보다보니 시간이 훌쩍~꿈같다zz,1,0.1813,0,1
R08345,이영화가 왜 흥행에 성공을 못했을까? 이해가 않간다는...',1,0.2113,0,1
R08383,삶은 아름답다 .. 명식이 연기 참 인상적이었는데 ..,0,0.9063,1,1
R08406,배우 활용이 아깝네요 ㅠ,1,0.2386,0,1
R08479,말하려는 바는 알겠지만 표현이 어색햇다.,1,0.2421,0,1
R08533,큐에선 신지를 철저하게 멘탈붕괴로 만들어놨으니 이젠 파이널에서 정신차리는 일만 남았다,1,0.2352,0,1
R08771,...공각기동대제작사 답다는건지안답다는건지..,1,0.1418,0,1
R08799,궈푸청 참 잘생겼다는....오경때문에 봤는데..그냥 킬링타임용...,1,0.2336,0,1
R08848,몇번이고 보면 볼수록 새로운 의미가 와닿는다는데...뭐 다시보고 싶어야 다시보지 내가 새로운 의미를 찾을 일은 없을 듯.,0,0.8303,1,1
R08921,"첨에 약간 정신없지만, 틈틈히 나오는 반전과 코믹에 재미있게 봤어요^^",0,0.9194,1,1
R08962,다른걸 떠나서 간호사 죽여버리고 싶더라,1,0.2455,0,1
R08969,아무생각없이 보면 재밋음,0,0.8256,1,1
R08978,와 진짜재밌네요ㄷㄷㄷㄷ,0,0.9345,1,1
R09002,비고 모르텐슨!!정말 너무 멋있어요!!,0,0.945,1,1
R09004,기자 평론가라는 넘들은 뭐하는 애들이냐 이렇게 웃긴 영화에 5.49점을 주네 정신나간것들;;ㅋㅋ 진짜 웃기다 그냥 아무 생각없이 보다가 빵터졌다;ㅋㅋ,1,0.1185,0,1
R09123,이건 뭐야.. 왜 내얘기를 ㅠㅠ,1,0.1925,0,1
R09185,진짜 82년 코난 더 바바리안은 열번을 봐도 재미있고 인상깊은데 이건 뭐 어린이용 만화 스타일이네 코난도 넘 못생겻고.,0,0.868,1,1
R09245,아놀드만으로도 대단한 영화였다.. 굿.. 이보다 대단할순 없을듯...,0,0.8439,1,1
R09357,맨날 돈없는 감독이 여자 옷벗기는 한국 영화만보다 이런거 보니 먼알긋냐 ㅉㅉ 100 년이지나도 못만든다 조선에서는 감독색히들 매스컴 이용해 돈적게들이고 돈번생각만하는데 ㅉㅉ 미국 블럭퍼스트도 매 한가지 수입없다면 OO때까지 옷벗는영화만보다 꽥 ㅋ불쌍,1,0.0445,0,1
R09386,잘 다듬으면 걸작이였을 텐데 아쉬움,0,0.7617,1,1
R09404,맥가이버 머리 유행했을때 인기폭발 -_-;,1,0.2278,0,1
R09416,10점 주신 분들 진짜 재밌었나요?? ㅠㅠ 진짜 모든면에서 어설픈 좀비 영화입니다.,0,0.7884,1,1
R09538,보지도않고 콩진호때문에 별점테러는 너무한듯 님들 장단에 맞출 적은 돈이 든건 아닐텐데. 제수준에는 졸잼이었음,1,0.1009,0,1
R09550,아니 이잼있는게 시청률 10%도 안돼 ?타방송 경쟁이 쟁쟁해서 음..걱정마 종영전에는 30% 넘긴다왜냐 ? 느낌아니까,1,0.1959,0,1
R09734,주윤발이 한국왔을때 가수 전영록이 주윤발보고 정전자 이야기했던게 생각나네~ 정전자라고하니 못알아먹으니까 중국말흉내낸다고 징진자 하니까 주윤발이 장난치는줄알고 징뽕징뽕 하던데...ㅋ,1,0.1745,0,1
R09743,별10개다 나는 ! 이거 마치 배틀로얄과 쏘우를 합친느낌 ?신의장난일수도있겠지만 재미없다고보는놈들은 일제시대때 일본한테 악감정 과거사에 쩔어있는넘들때문에 평점이이따구네 ㅋㅋㅋㅋ영화도모르는색기들이 단지 일본이라고 까는거보소 지들조상이만약 쪽바리면깜놀,1,0.2137,0,1
R09941,뭐라고 할 말이 없음. 천만관객 영화 중 이 영화보다 더 임팩을 준 영화가 떠오르지가 않는다...,1,0.2421,0,1
R09950,주제의식은 좋으나 여자 캐릭터가 너무 착하다.,1,0.1943,0,1
R09961,솔직히 하이킥3는 다 하나같이 캐릭터가 짜증나고 안 웃겼지만 스탠바이는 그 반대다,1,0.1734,0,1
R09976,정말 영화 보고 평점 주는건가..?? 반지의제왕하구 비교하는건가..??,1,0.2248,0,1
R09980,세상에나 정령 이 영화가 조폭 형사 살인범 나오는 싸구려 한국 영화보다 못하단 말인가? 평점이 7점대라니...,1,0.235,0,1
R10121,타임캡슐에 ㄱ ㅐ 쓰레기는 왜 넣었대?,1,0.0892,0,1
R10223,뚱뗑이만 아니었드라면 아무 문제 없었을 텐데,1,0.2377,0,1
R10246,전 책으로 읽었는데 진짜 재밌어여,0,0.783,1,1
R10257,3년전에 봤지만.. 아직도 내 마음속에 상처로 남아있다..,0,0.8656,1,1
R10420,이 영화 욕하지마라 니들은 이런 도전이라도 해보았느냐;;,1,0.2266,0,1
R10510,나라면 저 관심병사를 징계줬을텐데.. 정작 사고는 저놈이 친거자나,1,0.1838,0,1
R10520,학교에서 보면 재밌습니다 황당하닌까요 ㅋㅋㅋㅋ,0,0.929,1,1
R10538,the movie of plastic surgery is always boring,0,0.8256,1,1
R10629,어린시절의 좋은기억속에 있는 추억의드라마.다시보면 머리모양이 촌스럽기 그지없다.,0,0.7603,1,1
R10664,엄청재밌는영화입니다,0,0.8752,1,1
R10709,예술영화 장르의 걸작! 롱테이크로 찍으면 무조건 예술이다.,0,0.7896,1,1
R10785,괜히 봤어요.,0,0.7925,1,1
R10830,드라마가 명작인건 첨이다..막장 요소 없는 한국 드라마도 처음..외국영화나 드라마 리메이크작인줄;;,1,0.2456,0,1
R10871,4.44를 맞춰야 되나요?,1,0.2494,0,1
R10906,로맨스와 공포가 ㅈㄴ 적절히 조화된거 같다 무서운걸로 보는게 아닌데 댓글중에 ㅄ들 왤케 많지 제목그대로 링 버스데이자나 OO들아 좀ㅡㅡ,1,0.1524,0,1
R10943,진짜 무시무시한영화다!!!!!!!!!!!!!!!!!!!!,0,0.7546,1,1
R10954,오빠눈은 거짓말탐지기야 오빠는 세상에서 거짓말하는 사람들이 제일루다가 싫어 아주 시바 쳐 죽이고싶어,1,0.2325,0,1
R10977,야한줄 알고 봤다가 반전이네;;뭐 조연급들 배우가 죄다 연기파에 뮤지컬배우에;;감독도 알고보니 유명하고 신인 여배우도 캐스팅 잘된것같고..봉태규가 하도 허접한영화들에 출연을 많이 해서 이것도 졸작인줄 알았는데 나름 감상적이게 봄,1,0.0458,0,1
R11024,결방했건 안했건 잘못한건 드라마 제작진들이 아니라 스브스인데 자기 보고싶은 예능프로 못봤다고 점수 깎아내리는 심보는 뭐지?,1,0.1353,0,1
R11089,반전이 없었다고? 뭔 개소리지..,1,0.2148,0,1
R11122,"케이블티비 인 ""히어로TV""에서 우연히 봤는데.. 왠만한 스릴러/서스펜스보다 뛰어난 상상할수 없는 충격을 준 영화. 어떻게 이런 구성의 영화가 나오는지?? 끝의 ""감사합니다"" 자막을 보고 나서 혼란에 휩쌓였음...",0,0.779,1,1
R11127,평점 오ㅑ이래 ㅡㅡ????,1,0.2157,0,1
R11218,배경 좋고 스케일만 크고.. 아기 연기가 좋네요 ..,0,0.8664,1,1
R11221,적어도 좀비랜드나 킬좀비같은 쓰레기들 보다는 백배천배는 낫다고생각함....,1,0.2006,0,1
R11274,영화는 분명 b급이다. 만화를 그려도 이정도로 막장스토리를 쓰진않는다. 러닝타임이 3분의1쯤 전개될때까진 지루하기까지하다. 근데 어느순간 눈물이 핑돌거다. 그리고 다 보고나면 박수치게 될거다.,1,0.2155,0,1
R11376,When everything's made to be broken I just want you to know who I am///고등학교 기숙사에 이 노래 가사가 낙서되어있던게 기억난다... 노래는 좋다 그러나...,0,0.9247,1,1
R11559,특징없는 영화 그냥 순수한 사랑이야기,0,0.8218,1,1
R11645,"""무법자의 천상천하유아독쫑"" 이란 제목이 더 잘어울리는 영화!",0,0.828,1,1
R11727,광태 새끼 개짜증 남. 광태 친구도 왕 짜증.,1,0.1932,0,1
R11733,재밌었는데. 뭘 그리 심각하게들 보시나.. 미스캐스팅은 공감,1,0.2039,0,1
R11734,보지도않고 1점은 왜주니,1,0.2234,0,1
R11772,일본애들이 리메이크 했는데 제발 좀 건드리지 마라...,1,0.1918,0,1
R11784,처음부터한사람만주욱나쁜사람으로만들어서보여주더니논란이심해지니까탈락시켜버렸어방송으로만보면월래성격이그럴지도란생각이들게했다논란잠재울려고빨리탈락시킨거아니예요?정하은참아쉬워요항상열심히하셔서좋게봐왔었는데다른곳에서앞으로도멋지고노력하는모습보여주세요화이팅♥,0,0.7961,1,1
R11785,"당시 비디오테입으로 봤음,,,하지만 다시 보고 싶진않은 영화 ~~~~~~~~~",0,0.7933,1,1
R11921,왜들이래 재미만 있구만. 정적이긴한데 절대 지루한 영화는 아님,1,0.2478,0,1
R11999,한국인라서가 아니지만 정말 박중훈만 좋았다,0,0.7889,1,1
R12009,매력적인 팔머 하지만 영화는 재미없음 ㅋㅋ,1,0.2365,0,1
R12099,머리끄당기는곳이랑 손이 문못열게막는곳에서 존나지리고 똥지림 ㅈㄴ깜놀 근데마지막 이해안가 진짜유미야아님그 미에코야 뭐야 칼들고잇길래 ㅋ사탕키슨머고,1,0.1225,0,1
R12159,앞단계의 도약을 위해 만든 습작 다음작 &lt사랑은 타이밍&gt이 정말 최고였지,0,0.79,1,1
R12324,jou1318 영화 제대로 안봤나보네. 뭘 본거냐??,1,0.1395,0,1
R12560,노무라 만사이의 매력에 빠질수밖에 없는 영화~!,0,0.7845,1,1
R12592,인간경시와 잔인함이 넘치는 '나쁜' 영화...,0,0.7512,1,1
R12610,다같이 오글오글 열매를 드셧남 그래도 일본 특유의 귀여움이잇어 괜찮네ㅎㅎ,0,0.8373,1,1
R12689,빈 깡통뿐인 전쟁영화를 기대했다면 실망이겠지.,1,0.2166,0,1
R12702,진짜 잘만들었어..잠안올떄 보면 딱인영화 ^^,0,0.7612,1,1
R12790,"정말 웃기고 감동적이네요...아, 물론 저는 아닙니다",0,0.9185,1,1
R12890,구구절절 고달픈 톱스타의 사랑,0,0.8276,1,1
R12923,이 영화에서 좌파 어쩌고 하는 쳐죽일 빨갱이 새퀴들은 뭐냐? 영화는 개 콧구녕으로 봤냐 ? 우빨쓰레기들은 아괄쳐닫고 3 S정책에 맞춘 영화나 쳐보렴.,1,0.0327,0,1
R12986,유쾌한 영화! 해리슨포드의 어리숙한 연기가 귀여웠음,0,0.9098,1,1
R13034,"전 이 영화 개봉한 날 봤습니다ㅜㅜ 영화 끝나고 나오는데 개봉 당일 전회 매진이 되서 서세원이 극장 로비에서 동료들과 신나게 웃는 모습이 선하네요. 나오면서 영화를 보여준 친구가 이러더군요 ""야~ 내가 정말 미안하다""",0,0.7534,1,1
R13053,안봤는데 평점이 낮네ㅋ,0,0.7509,1,1
R13054,"과음한 다음날, 속을 게워내야 할 것같을 때, 저는 이영화를 틀고 잠시 봅니다. 그럼 손가락을 목젖에 쑤셔넣지 않아도 저절로 토가 나오거든요!!! 해장술같은 영화!!!",0,0.8095,1,1
R13060,참놔 진짜 패숀의 완성은 얼굴이라고 어떻게 머리는 개 그지 산발을 하고 옷은 완전 진짜 그지같은걸 입엇는데도 이쁘냐,1,0.1724,0,1
R13087,로맨틱 가이 이병헌님 최고!,0,0.818,1,1
R13145,"영화는 좋았으나... 여주인공(제이미)이 상당히 잉여스럽다(도대체 극중에 하는일이 하나도 없음), 그럼에도 불구하고 모든 사람들이 그녀를 살리지 못해 안달났음. 그거만 빼면... 수작",1,0.0958,0,1
R13209,소희야ㅠㅠㅠ 사랑해 ㅠㅠㅠ,0,0.8124,1,1
R13319,"영드 섹스 트래픽이랑 상당히 유사하네요..그 영드 보고 충격 먹었는데,유엔까지..이 지경이라니..자신들 딸 누이 동생도 저렇게 팔면 기분이 어떨지?세상에 믿을늠 없다지만..해도해도 넘 허네..씌부럴",1,0.1168,0,1
R13382,음....계속보게되긴하는데 백장미랑 백만종때문에 볼때마다화가나요!...어쩜저렇게 당당하게 살수있는지....제발 백장미랑 박차돌이어주지마세요....막장되지않고 통쾌한드라마되길....초롱이도 차돌이랑 계속살게해주시고요ㅎ,0,0.8348,1,1
R13395,박평식씨ㅋㅋㅋㅋ다크나이트랑 인터스텔라가 7점인데 이영화가 6점ㅋㅋㅋ당신의 평론 기준을 존경합니다,0,0.834,1,1
R13411,저진짜 솔직히 이런영화를 볼때 웃는다는거자체가정말잘못된거잖아요 저근데동호대사때문에 진짜얘들이랑빵터져서 저도모르게영화관에서 웃어서 진짜 아몬가웃기진짜싫엇거든요?울다가 동호때매 펑펑웃고 아 진짜 미치는줄 다른분들연기는울면서봣어요ㅜ♡,0,0.8381,1,1
R13422,세상에서 가장 강한 독은 인간의 마음이라는 대사가 왠지 기억에 남는...,0,0.8481,1,1
R13424,우리가 알아야할 흑역사의 하나인데.... 도저히 잔인해서 못보겠음..... 나 사실 이거 731부대 박물관에서 봤는데... 보고 우리가족 전부 그날하고 다음날까지 밥 못먹었음....... 빨간색 동그라미만 보면 치가떨려...,1,0.1571,0,1
R13470,너무 오래전 애니라 작화도 그닥 맘에 안들고 별 기대없이 그냥 먼내용인가 궁굼해서 봤는데...중간 부분까진 머야 이거 하면서 보다가.. 끝나갈때쯤 딱 느낌이 오더라 막지막에 왠지 찡 해진다...,1,0.2193,0,1
R13479,지금에 와서 보니 상당히 지루함. 기억에 남는 건 엄진동과 황비홍의 사다리 액션신 정도. 그리고 아름다운 관지림 정도. 후에 나온 철마류나 의천도룡기가 훨씬 더 스토리도 재미있고 액션도 화려함,0,0.8783,1,1
R13573,박영린 앞으론 드라마쪽보단 시트콤이나개그쪽으로 나가시는게 앞으로 본인발전을위해 좋을뜻싶네요...아님 좋은 남자만나 결혼하고 은퇴하시는것두....가정에충실하다보면 연기하는데 도움이 될수도 있지않을까 싶은데 그때 다시도전해보는것두 좋을뜻 싶네요,0,0.7637,1,1
R13736,"각본, 연출, 연기 머하나 나무랄데가 없구만.",1,0.2495,0,1
R13737,징그러움은 상큼하기까지하고 연기의 어설픔은 깜찍하기까지 한다,1,0.2017,0,1
R13746,학원에서 단체로 봤던게 기억난다..다들 재밌어했지..ㅎㅎ,0,0.8924,1,1
R13747,포스터가 제일 재밌다.,0,0.754,1,1
R13752,아래에 뭔 알바야 쓰레기얔ㅋㅋ,1,0.1381,0,1
R13838,어정쩡하고 산만함. 재미와 감동 둘다 놓친 영화!!,0,0.7548,1,1
R13854,따뜻한 영화이긴한데 배우들의 오버연기와 유치한 장면들은 보는이로하여금 힘들게함.,0,0.7525,1,1
R13976,제목이 데스노튼데 데스노트가 안나온다고 뭐라 하는건 좀 그래보인다.난 차라리 원작이랑 억지스럽게 엮지않고 L의 이야기만 풀어간게 오히려 더 좋았어.,1,0.1789,0,1
R13978,영화정말 재미있네요 ㅎㅎ,0,0.9288,1,1
R14057,"아직도 본인이 액션 히어로라 믿고 있고, 그것이 사람들에게 어필하고 있다고 생각함.",0,0.8684,1,1
R14060,차라리 죽으면죽엇지 납치당하고싶지않게 만드는 영화,1,0.1592,0,1
R14112,월드컵예선떨어지면이동국제발섭외해주세요.무슨변명할지.최강희감독도같이,1,0.2436,0,1
R14131,"가족이란게 꼭 행복을 내포하고 있지않아 비극은 시작된다. 가족이 되어주는 비슷한소재를 전혀 다르게푼 그리스영화 ""알프스(2011)""와 같이 비교하면서 보면 좋을듯. 보는내내 여주 후키이시카즈에의 연기와 표정이 그냥 부담되고 싫어 영화보는게 고역이었다",0,0.7687,1,1
R14132,여기서 말도 안되는장면은 npg가 폭발했는데 건물지하가 안무너진것,1,0.1743,0,1
R14188,신이였던 제우스 포세이돈 하데스가 몇날 몇일을 싸워서 이긴 크노소스를 우리 인간의 영웅인 페르세우스는 단 10분도 안되는 시간으로 무찌르는...인간은 위대하다라는 명언을 던져주는 영화. ㅎ... 그래도 cg가 훌륭해서 별 두개정도는 준다.,0,0.8088,1,1
R14208,엄마도 보고 있는데 키스신 같은거 나오고 어휴 ㅡㅡ,1,0.2327,0,1
R14223,나도 30대인데.. 이 소름돋는 명작에 걸레같은 평점을 다는 30대들은 왜 그랬을까.. 차라리 군미필자들인 10대 영화팬들이 점수를 깎았으면 이해나 갈것을.,1,0.173,0,1
R14288,모든 유럽 여자들은 다 저럴것같다. 나는 유럽에 태어났어야 했다! 무삭제가 최고다!,0,0.754,1,1
R14314,야구보지도않는것땜에 왜결방을하느냐구요~야구끝나고 해줘도되는것을~야구관심도없는것 땜에 장보리를못보니까 완존짱난다,1,0.2105,0,1
R14391,대체왜? 평론가들기준은 뭐임?,1,0.1608,0,1
R14429,돌보지 않아도 살아가는 개들의 모습에서 감동을 느껴야하나? 인간의 오만함이 느껴지는 영화.,0,0.8287,1,1
R14497,이건 뭐...국내에 너무 안 알려진 영화라...매니아들만 봤을테니...후회는 없다.,1,0.1635,0,1
R14524,김민준과 앤디의 어색하고 때론 어처구니 없는 연기만 없었다면 한층 완성도가 높았을 드라마,1,0.2102,0,1
R14554,마약먹고 찍은영화인가? 그렇다고해서 공포영화도아니고...코미디는뭐 ㅡㅡ,1,0.0452,0,1
R14580,돈주고 본것도 아니면서 쓰레기 영화니 최악이니 하는 사람들 정말 웃긴다ㅋㅋㅋ 불법으로 다운받아본거면 아무리 재미없어도 욕할 자격이 없지 꼴에 당당하네ㅋㅋㅋ,1,0.0144,0,1
R14767,너무나 아름답고 신비로운 영화다.,0,0.9252,1,1
R14800,멍청해서 웃지도 못하는 바보들 많네,1,0.1744,0,1
R14802,예전 사랑을 놓치고 새로운 불륜을 시작하다.,0,0.7933,1,1
R14818,굳 잘봤습니다,0,0.9475,1,1
R14819,이게 왜 망했는진 모르겠지만 ㅋㅋㅋㅋ 코미디 작렬,1,0.2478,0,1
R14894,"배우로서의 이름값을 버리고, 섣불리 영화를 얕보지 않은 감독 유지태.",1,0.2495,0,1
R15045,충분히 놀랐던 장면이 다시 재현되는 수준에만 머무르는 영화..!!,0,0.8007,1,1
R15126,지금2편보는중... 후... 1편보고바로2편보니까이건뭐감동도없고재미도없고... 1편다시돌려보는게시간더안아까울듯,1,0.0793,0,1
R15128,이 영화 쓰레기다 한 사람들은 처음부터 보지를말아야지 포비아면 포비아답게 그렇게 혐오만 하면서 사세요. 성적소수자들도 인정 못하면 개방적인 사고로 어떻게 세상을 살아갑니까. 그따위 말로 소수자들을 상처주지마세요. 사람을 사랑하는건 당연한 권리입니다.,1,0.1782,0,1
R15139,이모 OOO기년이네..,1,0.1407,0,1
R15165,"사람들 절반이, 잘못알고있는데ㅋㅋ 진화촉진제 맞은 인간들이 바로 돌연변이 된게 아니라... 진화촉진제 맞은 인간들이ㅡ 후손남기고 극한환경에ㅡ 맞게끔 900년걸쳐서 진화한건데;;; 전자로 생각하면 진짜 평점 낮을수밖에ㅋ기자/평론가들 태반일거임ㅋ",1,0.2204,0,1
R15168,출연자들의사진을볼려고해도못보고 이거정말 너무한거아닌가요? 좀볼려고했더니.,1,0.1781,0,1
R15223,10화 까지 본 사람이지만 마지막화를 안보고서 말합니다. 너무 막장이네요 이사람은 저사람을 좋아하고 저사람은 그사람을 좋아하고 그사람은 이사람을 좋아하는 애니는 보고싶지 않습니다만 꾹 참고 완결까지 보고 시청 전의 평론과 그때의 평가를 비교해보죠,0,0.8701,1,1
R15229,재밌는데 결말이 무슨뜻인지 모르겠다 ㅡ.ㅡ ..아 내 머리는 돌인가 ..,1,0.1298,0,1
R15295,심청이가 특별 출연할 줄이야....ㅋㅋ,1,0.2491,0,1
R15386,다수의 괜챦은 씬이 있었음에도 아쉬움 가득한 영화,0,0.7649,1,1
R15409,요즘 보기 힘든 착한 드라마. 그런데 애국가 시청률. 이게 시청자들의 수준. 막장으로 가야만.. 이런 좋은 배우 좋은 드라마는 순위에 끼지도 못함,1,0.174,0,1
R15427,무슨영화인지 보진않았다 4분??ㄷㄷ 걍10점주고감 첫번째로 평점줘보긴 첨이네ㅋㅋ,1,0.229,0,1
R15503,화끈했다. 류승완감독 현재는 이런포스안나옴--;;,1,0.1473,0,1
R15530,"단순한 문학일뿐, 왜 그렇게 화내면서 전쟁 미화, 일제강점기 이딴 쓸때없는소릴하는지..무개념글 아직도쓰는거보니 머리 빈 멍청이들이 많다는건데..참 한심하다..",1,0.0584,0,1
R15594,여주의 꼭지말곤 볼거없는 c급영화,1,0.1035,0,1
R15607,재밌다 꼭 봐야할 영화....,0,0.8802,1,1
R15609,벼어시드라 개같은소리들 하지말고 니들이 무슨 평가를 한다고,1,0.1388,0,1
R15645,도대체 뭘 까고 싶은거냐... 깔 내용 따윈 없다..,1,0.0812,0,1
R15703,진짜 영화를 만들려면 이렇게 만들어야지ㅋ!!!! 진심 요즘 SF영화 죄 다 스토리도 뻔하고 삼류 쓰레기 영화라 재미없다. 87년도 꺼면 나 태어나기 전 편인데 과거꺼라 역시 스토리도 감질나고 재밌다 ㅋㅋ 줄거리가 스릴넘치고 다양하다는게 확실히 좋아!ㅇ,1,0.1054,0,1
R15723,볼만했고 꾀나 인상적이였습니다,0,0.7729,1,1
R15783,로저무어에 비해 임팩트가 딸리는 달튼..007 아프가니스탄 특집..모로코 특집..아하는 노르웨이 그룹인데 왠일로~ 본드걸..내 취향은 아니라 실망..,1,0.1993,0,1
R15803,"몇 번째 보지만.. 영화 이렇게 어렵게 만들면 참으로 해석하기 힘들다. 아니, 해석하지 말아야 한다.. 느낌 그대로~~",1,0.1518,0,1
R15868,고전 서부영화와 컴퓨터 그래픽의 완벽한 부조화!!,0,0.7995,1,1
R15943,이게왜 조니뎁출연창에서 나오는거야 - -;;;,1,0.2317,0,1
R15957,미국의 영웅주의와 핵마피아들의 노고가 절실히 보이는 영화였습니다. 잘 보았습니다.,0,0.8342,1,1
R15973,전 별로였는데 어른분들 좋아하겠지만 애들은 별루..ㅋ,1,0.1862,0,1
R15987,극장에서 돈 주고 봤으면 더 좋았을 영화. 개봉을 놓친게 아쉽다.,1,0.2276,0,1
R16009,짜증나는 영화여 이것도 영화요,1,0.1067,0,1
R16107,영화 ost만 빛나는 영화!!!,0,0.9094,1,1
R16212,제목이 좀 이상하긴해도 재미있어 -_- 제목은 3점 수준의 네이밍,1,0.112,0,1
R16251,"시청율을높이던가,먼저시청율 떨어지게만든게 누군대요 그러면 시작을하지말았어야지요 재미있게보고있는사람은 시청자가아닌가요?!!!!!! 김재철사장님 나가세요그냥 권렵납용할려면!!!",1,0.2136,0,1
R16297,초대박 강추 영화입니다^^,0,0.8811,1,1
R16352,"네순 도르마는 이제 그만?저런 것도 평론가라고...쯧쯧.진짜 개발에 버선이요,쇠똥위에 핀 장미로다.네순 도르마(공주는 잠 못 이루고)가 뭐가 어때서?명작이 영원한 명작이고,걸작이,영원한 걸작이듯이,명곡의향기는 영원함.그러니까,뽕짝 좀 그만 쳐들어...",1,0.1072,0,1
R16363,제임스 우즈 짱,0,0.7922,1,1
R16414,거울을 보면서 고스톱을 치더라도 잃은 돈과 엊은 돈의 합은 맞지 않다.,1,0.247,0,1
R16453,찌질함의 극치,1,0.2231,0,1
R16467,설마 후루야 미노루의 두더지를 영화화 한건가... 그럼 명작일 수 밖에 없잖아,1,0.1966,0,1
R16494,아주 OO이다 정말 ㅡㅡ,1,0.2453,0,1
R16527,내인생최고의 영화,0,0.7762,1,1
R16688,"쫌 어설퍼도, 원작의 처절함을 잘 살림. 근데 주제곡이 끔직하다는 돌대가리는 뭐지?",1,0.1512,0,1
R16710,2012년 리메이크작을 보니 투박하지만 원작이 그나마 낫다. 리메이크는 그냥 킬링타임용,1,0.1652,0,1
R16740,우리들의 친근한 친구들을 재미나게 표현,0,0.8642,1,1
R16778,쓰레기 한반도보나는 낫지!!!,1,0.2188,0,1
R16780,"북한이 남한보다 잘살았던 60년대..까딱하면 자유 대한민국이 무너질수 있는 시절이었다,북한보다 잘살기 위해, 체제경쟁에서 이기기 위해,자유 대한민국을 지키기위해 부유한 나라를 만들기 위해 박정희 전 대통령은 엄한 담임선생님 역활을 했던 것이다",0,0.8269,1,1
R16820,로그인첨해본다..완전 ...sf보면서 눈물 흘린거 처음이다. 배도 많이 아팠다.,0,0.7554,1,1
R16835,5점짜리는 진짜 아니다 멍청한평론가들 뇌회전을 못하나,1,0.2365,0,1
R16846,나는 사랑보다 아름다운 유혹이 훨씬 재밌던데 .조선이라는 배경 빼고는 내용도 다 똑같고 그냥 그랫음. 남자주인공들이 다 멋잇더이다.배용준이랑 라이언필립 둘다 멋있네용.,0,0.8811,1,1
R16888,참 재미나네요^^꼭 3번보세요,0,0.839,1,1
R16905,"바다를 보러 오기까지 위험천만한 일 투성이었다. 경찰과 갱에 쫒기고 은행을 털고 인질극을 벌이기도 하고... 그런 과정을 겪었는데 더 두려울께 있나? ""두려울 것 하나도 없어."" 내일 내가 죽는다면 오늘 나는 무엇을 해야하는가? 바다, 데낄라, 담배",1,0.2356,0,1
R16916,어휴 이래서 종북이 있다는거지.. 저기 한겨레 소속 영화평론가 씨네21이 2점준거보면 모르겠냐?,1,0.0934,0,1
R16960,케빈코스트너씨 당신은 영원히 영화판을 떠나도 좋습니다.잘 가시길,0,0.8534,1,1
R16975,명작이란 그누구도따라올 수 없는 작품이어야 명작이다.이건 나도 따라올 수 있겠더라,0,0.7581,1,1
R16980,아바타 따라하는 짱깨 명불허전,0,0.7515,1,1
R17023,잘못탄 기차가 목적지까지 데려다 줄 확률은 몇 퍼센트일까? 내가 그 기차를 탈 확률은? 사람 인연은 우연과 실수에서 시작된다. 인연으로 만들것인지 실수로 넘어갈 것인가.,1,0.2422,0,1
R17190,에로물로 볼꺼면 절루 꺼져라,1,0.1598,0,1
R17252,오만과편견핵꿀잼♡♡♡♡,0,0.783,1,1
R17351,밑에 평점 8이하로 준사람들 영화보는수준이 저질이구만...,1,0.2001,0,1
R17380,이드라마 진짜아니였다고생각했는데 ㅋㅋ,0,0.7669,1,1
R17386,왜 시나리오가 별로라고들 이야기하는지? 배배꼬아서 반전이 있어야 좋은 시나리오인가? 이정도면 완성도 높은 시나리오임.. 감독이 연출하고자한 느낌이 정확히 전달되니.. 너무잼나게봤음,1,0.1705,0,1
R17403,매력적인 영화.. 하지만 다시 보고 싶지는 않다.. 8점!!,0,0.8551,1,1
R17433,"작위적인 운명의 연결고리, 매혹적이다가도 깊이 다가오지 않는",0,0.7856,1,1
R17439,잉...이사람들 이상해..난 재밋게 봤는데...알바쓰나? ;; 심각하네 진짜,1,0.1951,0,1
R17591,"정말 강추입니다, 프레디프린즈 명연기 죽입니다 꺄오,",0,0.9048,1,1
R17599,볼때마다 혈압오르다가 마지막엔 1편과 마지막편만 재밌었던 드라마,0,0.8679,1,1
R17625,한국 삼림 칭찬하는 부분에서 부끄러웠다. 얘네는 멀쩡한 강 죽이고 있는 거 알까?,1,0.1712,0,1
R17648,모든걸 떠나서 감동과 재미가 없이 지루했다.,1,0.2326,0,1
R17661,정신없이 보다보니....아쉽네,1,0.1849,0,1
R17672,쿠키 영상이 제일 재밌었다.,0,0.7864,1,1
R17677,로빈 윌리엄스의 유쾌하면서 따뜻한 영화를 좋아하지만 이건 좀 유치함. 중학교 때 봤지만 상당히 유치하게 느껴진 아동용 영화,0,0.797,1,1
R17889,김일병의 아버지는 아들의 억울한 죽음을 세상에 밝히기 위하여 지금도 눈물과 땀으로 몸을 적시고 있습니다,0,0.8602,1,1
R17897,재미있게 보았습니다..,0,0.8071,1,1
R17898,근데 네이버는 자꾸 인명표기 똑바로 안 할래? [조제 파질랴] 라고...,1,0.2082,0,1
R17900,"신비한 매달의 힘, 나도 어떻게 안되겠니?",1,0.2035,0,1
R17932,"성우가 중요하냐, 내용이 중요하지.",1,0.2445,0,1
R18055,1980년작 귀타귀와 연관 지어져서 귀타귀2로도 알려져있는디 이 영화는 귀타귀2 아니예유. 그냥 인혁인이에유. 귀타귀2는 1990년작 귀요귀라는 제목으로 따로 있어유. 이 당시엔 영화 수입을 바보가 했나보네유.,1,0.218,0,1
R18058,박평식이 영화나보고 평가하냐? 니가왜평론가인지 진짜의문이다 창피한줄알어 이양반아,1,0.2091,0,1
R18062,훈련상황인걸 확신했을때는 벤도 이미 저쪽 편이라는 걸 알게 되었을때. ㅋㅋ모두 다 룰렛에 대해서 물어보니 당연히 눈치채지.... 쯔쯔쯔,0,0.8382,1,1
R18071,이 영활 보고나면 흐뭇해진다.. 영화는 한국이 더 잘만든다는 걸 느끼게 되니까..,0,0.8642,1,1
R18102,내 가슴이 느끼기를... 영화속에 피어나는 순수하게 미친 것들...,0,0.8137,1,1
R18185,이런영화는 러쎌웨폰따위와 비교하지말아주시죠 러썰웨폰은 쓰레기,1,0.1527,0,1
R18201,hihi5740hi ㅄ 해운대는 10점이면서 이 영화는 0점 영화 보지마라 ㅉㅉㅅㅋ,1,0.1358,0,1
R18244,오빠란 놈을 한대 패주고 싶다..정말 짜증나는 녀석이다. 용서는 개뿔..,1,0.0953,0,1
R18287,내가 처음으로 다크나이트 배트맨 비긴즈볼땐 지루해서 재미없다고 생각했지만 처음부터 내용이해하면서 보니까 시간 개빨리감 개꿀잼,1,0.193,0,1
R18366,와 이거 진짜 편집신 포스터 만든 사람은 감독한테 사과해라 어쩐지 감독이 cf감독출신이었네,1,0.2348,0,1
R18385,슬프다. 애닮프다. 눈물난다.,0,0.8401,1,1
R18395,"본걸 후회하고 있다가, 꾸역꾸역 아까워서 보다가 막판 뒤집기",1,0.1143,0,1
R18454,현실에 돌아가는 쓰레기 세상을 억지로 보느니 차라리 영화속에서 라도 유쾌하게 통쾌했다. 그걸로도 충분하다.영화니까,1,0.2326,0,1
R18472,"씨네 김은형은 네팔 지진 영화 만들면 ""네팔 오지 말라는 말인가"" 라고 쓸 IQ80 치킨헤드고, 황진미 역시 자다가 봉창 뜯는 소리하는 또라이고.. 무슨 이런 무식한 여자들이 영화 리뷰를 쓴다고 말세다 말세, 니들은 그냥 로맨스 영화 리뷰만 써라",1,0.0715,0,1
R18488,도그빌..방울달린 개목걸이 같은 곳이다...가슴아프지만 너무나도 현실적인...그래서 인간의 추악함을 보고싶지않다면 보지않길 바란다 진심으로...한번보는순간 끝까지볼수밖에 없기때문에...그리고 정점 찝찝해지는 자기자신을 보게될테니...,0,0.8871,1,1
R18494,0점은 없나?,1,0.1329,0,1
R18502,마파도 할매들과 촐랑대는 이문식 사이에서 이정진이 힘들게 느껴지는 내용의 영화였네요. 이정진과 오달수의 배역이 바뀐것 같다는 느낌입니다.,0,0.784,1,1
R18518,한국 공포영화는 쓰레기라는 편견은 버리시라~,1,0.2266,0,1
R18528,패션왕을 재방 아니 버렸어야했어,1,0.2319,0,1
R18595,"이영화도 그렇고, 드라마 히어로도 그렇고 아깝군 아까워",1,0.1851,0,1
R18603,"1편 보다 훨씬 발전한 속편 , 원작의 결말을 이렇게 바꾸다니 !",1,0.2309,0,1
R18627,참 영화 쨈다 꼭봐요 ㅋㅋ 발연기 발연출 볼수있어요 아 나만 당할수없다ㅠㅠ,0,0.7517,1,1
R18692,"현시대의 우리가 한번쯤 생각해볼 문제였으나,우울함,침울함..난해함..",0,0.7689,1,1
R18780,왜 우리는 아담의 눈뜨기를 위해 이브의 눈을 앗아가는가.,0,0.7662,1,1
R18781,원작보다 수려하다. 일부러 원작을 보지 않았는데 종영 후 본 원작은 싱겁다.,1,0.2329,0,1
R18810,역시 조선관객들 수준을 알겠군. 조선식 저질 어거지 개그보다 훨씬 낫고 재밌다,1,0.1501,0,1
R18866,이게 어떻게 12세야..나도 비위상했는데..잔인함..,1,0.2216,0,1
R18947,was the first one better?,0,0.8184,1,1
R18961,아이와 함께 봤는데 같이 졸았습니다~,0,0.8533,1,1
R18973,개독들은 보지마라 그냥.,1,0.1723,0,1
R18995,극장판에 의미가 스토리 말고 이야기 아닌가?,1,0.1992,0,1
R19055,일단 초반엔 상당히 이목을끌고 재미있는데 후반부로 갈수록 먼가 똑같은 연기를 하고 있다는 생각과 똑같은 연기같네요 완성도 부분에서도 상당히 좀 충격받았구요 전 상당히 감동적인 영화 좋아하고 그러는데 이 영화만큼은 정말 기대치 이하였네요..,0,0.7897,1,1
R19066,연출이 서투르지만 영화에서 장국영 특유의 외로움이 잘 묻어나있다. 사랑하는 것들은 언젠가 반드시 죽는다. 안타까워도 외면하지 말고 있는 그대로 받아들이라는 주제. 연출이 정말 너무 서투르다.,0,0.9212,1,1
R19113,아 나 진짜 솔직히 엠비씨 사극 지금껏 매우 재밌게 봐왔다 하지만 이 드라마는 정말 아닌 것 같다 엠비씨에서 사극이 이렇게 망한다는 것을 깨달았다 불의여신정이 캐스팅때 문근영이란거 알고 그때부터 망했다는걸 알았지만,0,0.7537,1,1
R19114,7살 딸이랑 5살 아들이랑 보고왔어요.딸은 좀 무서웠지만 재밌었다는데 아들은 반응이ㅎㅎ캐릭터들이랑 영상미도 괜찮았고 대체루 만족해요~,0,0.884,1,1
R19148,개봉했는데.. 평점이 한개도없네; 평점좀주세요........,1,0.1637,0,1
R19307,책임감 부족한 사람은 이거보고 교육받아라 ㅇㅇ 보다가 토나올뻔,1,0.2173,0,1
R19309,어렸을때재밌었는데..나이들수록내가순수함을잃어버리는것같다당연한걸수도..,0,0.8852,1,1
R19406,"보고나면 기분이 좋아야 하는데 아~~진짜 왕짜증나요. 태상이가 좀 행복해지려는데 너무 하잖아요???불쌍하고 드라마 끝난뒤 여운은 계속 짜증나고, 에잇! 괜히 보기시작했어ㅠㅠ 남은회 제목으로봐선 뻔할것같아 감탄하고 있는 송승헌씨 연기지만 안볼랍니당!!",0,0.7833,1,1
R19414,↓ 굿,0,0.7991,1,1
R19431,"결말로 가고 잇네요! 너무 억지로 급 결말 하지 말고 공감과 감동 그리고 여운이 남는 드라마로 기억되기를 바라구요.. 멋진동우가 활짝웃으며 행복하게 끝나기를,,, 동우 홧팅^^",0,0.9377,1,1
R19455,당시'올해 최고의 SF블록버스터..어쩌고'했었다.정말이지 광고란..^^;,0,0.822,1,1
R19532,제발 ... 이거 성공해야 케이온 나온다...2人,1,0.2468,0,1
R19550,갑자기 마지막을 허영심없는 여자들로 포장하는점이 거슬린다 뒤끝이 딸리는듯한 느낌 살짝 있음,1,0.2012,0,1
R19559,박은혜 친구는 지가 죽인건가...?,1,0.1895,0,1
R19718,광기의 표상 킨스키의 삶에 대한 마지막 발악!,0,0.7948,1,1
R19756,지금 봤는데 좀비 액션 볼 만 하네요. 제작비도 많이 쓴 거 같은데 ..,1,0.2431,0,1
R19910,생각없이 볼만함. 근데 음악...영화...?...블랙버드 노래랑 바닷가에서 나온 노래 밖에는 기억안나네.. 기대없이 보면 볼만합니다,0,0.8568,1,1
R19914,이 영화를 통해 잘만킹을 알게 되었다!,0,0.85,1,1
R19969,나름 재밌게 봤네요 류승범 최고!,0,0.93,1,1
