id,median_house_value
0,141822.00326428746
1,69744.61187134859
2,243418.27625396894
3,394121.2100765437
4,174428.19423423978
5,221899.14288439057
6,176705.4810982982
7,299806.231882133
8,117569.09610858622
9,102669.29898960025
10,195477.45336058736
11,104910.25723400032
12,365207.81931887305
13,283367.34916022274
14,156829.53582412828
15,89603.25540422958
16,193387.07927886347
17,71575.61707053044
18,393077.55162835884
19,170806.79537156795
20,230426.40834473664
21,130730.17646173124
22,123921.94238824339
23,325350.91942197346
24,193339.6610884556
25,99312.99843112096
26,155109.81464728387
27,189100.58235728228
28,417887.00973908853
29,246707.21024455898
30,126396.74299452435
31,125999.95198485849
32,245632.56921159418
33,150281.707164057
34,242154.0531106616
35,269248.8221478799
36,134445.19135929795
37,140275.9142110808
38,222450.5868356639
39,135200.38544232445
40,247602.04085562812
41,192985.40097225294
42,176958.4143732162
43,66057.87613926649
44,98830.80655711144
45,206627.32124795672
46,258606.58598458403
47,101432.20316708942
48,67505.98439835409
49,123335.85993503053
50,66015.89250200817
51,69137.52730639093
52,55280.24445488453
53,154479.33027532307
54,138842.34217252632
55,133354.82377201252
56,116661.94686686061
57,279299.1292976136
58,77764.88762187795
59,143403.09487708518
60,318910.7159783546
61,308291.7475837418
62,60289.70140867725
63,220335.05315107192
64,138622.25348445354
65,188018.146847026
66,288890.0458031937
67,355672.1041459197
68,239592.5247844132
69,218438.71569695123
70,275282.46056855906
71,499443.73134972417
72,212143.97741344702
73,193649.40328326845
74,104018.04547073403
75,329958.0708124823
76,225040.63990860307
77,182026.9344439452
78,266249.2764818676
79,274811.6688504486
80,347882.821836608
81,206581.26473486246
82,238232.61561280632
83,148270.95413414732
84,365346.40391567745
85,163619.41129889627
86,176499.49619059186
87,180473.47256029697
88,84435.2909332644
89,244326.91706705233
90,273388.72443663405
91,127915.0184899849
92,161649.4174802863
93,311420.48013390915
94,205984.31140467958
95,137645.7790963841
96,320723.26862807246
97,169747.85724880802
98,154512.44647473795
99,102691.24763719435
100,117281.40738829186
101,161232.11315897154
102,218006.14542982902
103,112563.68741921014
104,187657.09695270786
105,490130.35013969213
106,363415.4117305803
107,487359.00536547
108,315788.6354991724
109,104978.65251576818
110,105225.0956753368
111,357480.4619801552
112,205884.92199555738
113,198972.82366399377
114,210837.4200416856
115,177699.86329470365
116,297542.3789087473
117,204897.8471001007
118,123107.18415087026
119,63722.95059176965
120,98760.7265535316
121,86497.81933429943
122,440070.0606372975
123,100532.95936179553
124,200903.07653711294
125,153678.42296318055
126,235902.28887339085
127,267072.146779724
128,171180.7750063672
129,343761.5237109912
130,247650.45080882925
131,240814.04349125596
132,298684.5038395382
133,103981.02972750521
134,125578.7908514085
135,182715.411650316
136,359327.58186279936
137,170117.40509108815
138,473722.36123685766
139,168442.80479385846
140,226074.48911870472
141,115241.58380194953
142,180131.4343163017
143,200673.03139751547
144,119663.15797807222
145,168265.16261283853
146,106110.28527394008
147,108735.1890675339
148,85455.84838172594
149,131558.44026652724
150,236865.23424550015
151,94189.05179934367
152,489500.960389507
153,123119.32589263954
154,156109.575603848
155,228940.81812963108
156,304654.29763837834
157,154066.59508519887
158,308782.19746672164
159,395865.3408734468
160,331346.71728388517
161,232920.67657779963
162,195607.43475104021
163,174067.73257524832
164,273908.1112931652
165,135337.52067838341
166,180812.78568696513
167,157270.1983497152
168,152910.5686846032
169,202505.2370006681
170,313024.90224071033
171,281243.14375848015
172,91021.130969676
173,235381.09178876635
174,167858.42027159108
175,68770.90368547323
176,93296.4835201021
177,63860.017159374744
178,68995.61661856265
179,87141.50223985591
180,245064.7317734221
181,104954.746364724
182,159905.12415813247
183,247052.19963081996
184,190506.1906506538
185,228645.4344226131
186,277830.11250205815
187,179404.21492547073
188,56240.41626610563
189,460596.3459680236
190,464014.88852432277
191,235598.0980195823
192,408740.5132285121
193,246798.64205460748
194,82347.81442812615
195,159446.87758616428
196,134715.5061866915
197,285225.19424519414
198,145994.35182855694
199,173588.84855669513
200,193702.29545460324
201,155676.36797224663
202,268019.66581624903
203,87924.65007905243
204,156278.69287688448
205,157585.8911549718
206,179052.9638734165
207,499011.72427238984
208,171694.48574265724
209,136155.95671056598
210,387115.4397395098
211,113558.41601981649
212,214290.88988185735
213,113524.42645123298
214,88225.25019764384
215,76215.35965000339
216,255307.36256568483
217,107364.6776598546
218,62986.26370262398
219,214457.31403060653
220,334079.98674191773
221,155275.49413114556
222,406150.2424524178
223,136672.13907403123
224,216974.27656040303
225,112925.18197371058
226,114201.19559366182
227,81776.79585849594
228,103046.55796971028
229,172606.36984386796
230,128653.56594037806
231,137175.7490994426
232,371327.25171102054
233,497422.6110721552
234,206426.66041862336
235,157555.19565579726
236,121455.91117644984
237,186705.05480010738
238,227366.23254209117
239,212346.0941160332
240,318848.7397903918
241,157041.76919162532
242,136073.9501493926
243,306614.40832450794
244,155174.82090715205
245,67026.86110861125
246,363340.7101763692
247,181499.3858528748
248,331956.38253888296
249,77736.34077443219
250,336614.17734662973
251,117470.15532279802
252,332642.1788033995
253,266579.4624863523
254,156301.67661640936
255,189985.16236472855
256,115451.50433433599
257,352939.2809656269
258,94446.65651260299
259,197241.79143412798
260,286786.8112940188
261,191534.7380310246
262,114849.57698951382
263,244890.7258580739
264,414695.9184324954
265,194025.43206895748
266,176878.06668080864
267,491075.8286522759
268,92461.09983535831
269,232719.68129245008
270,267496.8124838516
271,290238.09131716954
272,209027.0075143664
273,241698.1281788485
274,116868.58898707111
275,161551.95366500862
276,296667.5803259795
277,120697.77508119222
278,157909.5955804943
279,207245.05569134242
280,196969.36909344292
281,162407.10359864545
282,244477.0570434404
283,116990.21198144746
284,133187.35415465714
285,190399.46589028777
286,130651.70846792171
287,170549.8727605363
288,319735.3610756927
289,74769.83013552178
290,248149.92557331256
291,254809.613421423
292,189349.22776119364
293,93918.10293313298
294,257496.14592911318
295,202496.48325118757
296,208090.91722466904
297,104397.70235000981
298,197546.91229038895
299,312470.113864275
300,275782.8819198217
301,431173.9483818072
302,460590.58676294074
303,186432.116442409
304,260581.10232964004
305,217681.5135106946
306,146869.5568399972
307,193547.34602157134
308,310468.81493105524
309,173589.74729112012
310,157205.93372187685
311,159117.71012754642
312,290088.2900662525
313,136791.87268333687
314,271801.07131831936
315,160771.903192743
316,143919.43350116935
317,150930.01487899976
318,267721.6465956442
319,67366.67084507296
320,265950.99230950925
321,179300.23690151726
322,93689.08296775185
323,231181.89641724853
324,96876.93413715303
325,127309.98408667532
326,355071.11422697897
327,346597.65233947133
328,214885.25475122686
329,263734.5440525198
330,123479.44348906954
331,79396.43981754455
332,324491.2793909546
333,485634.15890564746
334,193568.25572592684
335,204244.71605236226
336,291419.3332413645
337,83841.74966137047
338,231129.96819488797
339,67961.53772322556
340,153525.29925407152
341,153268.48381216018
342,244730.88926937283
343,249432.7044813312
344,285673.6996104506
345,283914.57044512004
346,103755.24080124927
347,499830.50914731715
348,254310.81903335793
349,188466.7994316736
350,160848.0834132198
351,105327.78406763279
352,125095.65988133168
353,90191.79921687445
354,205223.55027851753
355,275890.01247701555
356,157248.93778955052
357,159265.15088505347
358,213553.64511592183
359,140975.77739460798
360,109692.79282524627
361,62330.564452838444
362,297831.75893106934
363,95301.2649902504
364,174138.32799773978
365,166709.86165986265
366,122561.15786729858
367,122991.51141733122
368,90005.13361153925
369,217651.54736526508
370,118842.14868523565
371,286340.96672594146
372,211924.60359186225
373,147935.51005692035
374,271502.8509528478
375,120224.23748354771
376,321992.3818553164
377,228138.5461352782
378,102124.60009768321
379,178655.62401828452
380,226323.1341981617
381,65959.27419219456
382,122603.8917866479
383,451386.80304249335
384,249949.33827781686
385,247658.72676317778
386,163514.12982735332
387,110444.87959405272
388,418802.00402265176
389,150470.8456906676
390,305874.3605585506
391,322862.7494199055
392,111397.04041063895
393,265719.59640304284
394,125294.09365233347
395,159933.56887718636
396,122472.6330180562
397,499971.5818498872
398,285768.46396290255
399,390690.6893099888
400,219638.00039111087
401,249678.23914333768
402,96766.16446453742
403,197370.18245535795
404,161418.09720269777
405,113380.93211943742
406,190315.08990725872
407,244117.63887833155
408,121023.31695843233
409,190173.2287238204
410,58615.3064701637
411,179388.30615231756
412,174032.78695694698
413,99133.96822737665
414,183622.28226887432
415,61406.816062318154
416,207689.79694604347
417,185253.96002907804
418,74836.2995735286
419,111085.5197497016
420,275647.3993400364
421,433513.9407969406
422,213469.2594876959
423,238383.15879329006
424,204298.39722261802
425,349320.84379213
426,216709.94972593276
427,149758.73151637436
428,193112.23767816185
429,74617.90735908282
430,295657.33575075085
431,129817.18478085198
432,85162.13692055196
433,189530.39084480543
434,209135.86489653226
435,223384.93652479755
436,366201.5599886752
437,152589.5057460546
438,252213.1816784813
439,453934.9835886182
440,145021.14796875606
441,144437.40045318526
442,191145.27725574854
443,326337.3947162339
444,158760.19907007468
445,378880.34021020186
446,437742.92401590035
447,135443.17404320845
448,157749.77380138685
449,66621.86711215579
450,293727.14783545415
451,165207.02478439742
452,397215.3163373287
453,279742.33618977846
454,70015.01562112146
455,211529.6170140122
456,165415.20547919333
457,107249.3504647949
458,211763.05122980915
459,223517.62096563212
460,346020.48584987636
461,243115.19998215314
462,116148.64711878511
463,206446.16724841172
464,133242.91338067513
465,177525.60642896304
466,80595.85665016925
467,128497.61023758985
468,123090.51325409203
469,412296.42744774575
470,173408.9036325618
471,203682.92220609065
472,144668.0081774263
473,67421.63293840921
474,180714.98258218865
475,208470.63693579417
476,483739.49154903274
477,473060.7487308138
478,152170.1910913219
479,119731.04763347679
480,150309.89540368345
481,176554.02314024596
482,160114.54944540936
483,67645.08644698004
484,98991.13951418038
485,126434.26499708927
486,190334.72816188217
487,111718.99860339274
488,145762.8926574653
489,237562.3486043441
490,87393.14116245648
491,415188.05596965365
492,211022.28027187067
493,222444.11497099683
494,409496.1848995294
495,244388.57888902756
496,161984.90037167375
497,276272.1553647535
498,105476.34687757224
499,242945.5665503301
500,156259.16721594232
501,118991.02357572717
502,323258.19704874785
503,181402.0915442692
504,205681.6838746447
505,190630.43290222125
506,236912.44984710778
507,285453.41492085624
508,106256.15123035359
509,264061.2606600529
510,131628.81584467835
511,326497.1935669338
512,214428.12438175737
513,237413.38354575782
514,214610.34052835367
515,137325.95977043675
516,153521.4521176469
517,134405.68614916867
518,189569.62519414607
519,139040.38861546892
520,59066.16234740291
521,451816.180270698
522,251798.39718777023
523,129071.14276167557
524,133694.2597929275
525,403724.19443188375
526,379086.49308662646
527,454369.6565373014
528,166215.82523324605
529,248115.6534872693
530,213972.6778868723
531,113512.2917168516
532,193034.20749682226
533,182353.4633665355
534,141075.0676053886
535,84885.80935965138
536,230857.39655175837
537,263678.79922332056
538,239646.28656689284
539,423604.95144512877
540,168556.77085472018
541,313652.398071066
542,247267.2112011571
543,269626.4641403807
544,173684.96150830007
545,205237.17810774004
546,95351.70335079967
547,127428.02001140088
548,105759.81939934431
549,450454.8417326112
550,282572.82439157716
551,352313.7175540151
552,94812.38726025588
553,192106.3121825251
554,287464.9603941736
555,482983.19320065464
556,321035.5901552925
557,178393.21861623615
558,145901.07376626416
559,418568.1624114423
560,477176.2890632663
561,151056.01246423673
562,61567.021584904294
563,199520.47199484697
564,330789.3359943546
565,269018.7185041244
566,122033.5207850933
567,285054.70316384296
568,402893.88254221505
569,87792.22350769384
570,163265.4660819668
571,257813.91084220633
572,255975.71177627673
573,222724.07591994083
574,184707.4508050719
575,271721.8917132826
576,335813.13559964905
577,76664.84870962494
578,175785.57764526957
579,346713.4661839797
580,131938.8133348523
581,162360.32205366375
582,260625.09011706544
583,106448.75488488183
584,187135.4991333751
585,156363.83305986217
586,327164.24642032274
587,258998.98473622024
588,289272.34614975046
589,401519.75381540385
590,301544.1592997203
591,170831.1680936214
592,135593.9719386883
593,489711.29014301766
594,191061.64233208352
595,79103.59798575216
596,194949.1617160118
597,448369.33560714923
598,265783.0917903353
599,88081.61492791843
600,73392.69093188702
601,217077.4377883143
602,66856.98601762562
603,108218.75274657168
604,131607.9491270757
605,300683.43297074403
606,217594.25295579134
607,157919.7905499915
608,105397.39924792499
609,96466.52541237109
610,134290.32919641916
611,102908.64752324019
612,79180.0910776202
613,73770.49932091225
614,198310.6237407
615,239767.10308131218
616,297818.86933185585
617,195555.8975657378
618,232381.09198700797
619,212321.17344705775
620,185380.90534163374
621,61797.86509340979
622,294734.5374711
623,266648.9323174937
624,160785.32761922732
625,99386.55180285202
626,323386.0073740242
627,128844.36499026309
628,106966.99906981409
629,220773.13752884718
630,57546.672451588616
631,149337.52442496514
632,151727.20112441623
633,223938.47156689354
634,138352.43668177948
635,355177.33861553
636,273847.6722053774
637,190646.8654592327
638,156657.11169986127
639,196606.56234880237
640,131125.34154987652
641,250295.71774741067
642,138847.96249681586
643,128547.33491665164
644,103331.36425027768
645,81957.18464426178
646,368357.3507982209
647,154968.47080798104
648,70175.71852872765
649,158296.96366413904
650,176438.9313015663
651,474652.5951652187
652,202365.7432504661
653,196647.50682693956
654,262634.5586632938
655,60543.10420401728
656,83461.28195344484
657,248021.58946064152
658,348207.22413656587
659,226541.51295140115
660,71812.45044196225
661,361514.3192246626
662,68916.5480874004
663,128440.6240331063
664,224131.27755758926
665,78564.95917776244
666,179152.03007197406
667,85812.65881152323
668,112690.39562582679
669,168153.17582034026
670,329671.6749350648
671,249099.95705060932
672,132115.95484745287
673,218136.53213660614
674,197029.57880177014
675,179411.61844442412
676,111738.0162371189
677,260360.600779349
678,212309.5043405745
679,302891.63653123844
680,93606.72823307307
681,208342.58536381624
682,97379.18021904095
683,203922.57845531838
684,324037.3234666315
685,65577.87708829323
686,152419.22394190813
687,465808.9820278298
688,67725.4485401095
689,197735.81426832743
690,167953.12605644864
691,190065.59840726433
692,71346.1401248972
693,296566.0905633072
694,176255.54706568306
695,87539.80978659629
696,164997.92683409827
697,265787.2479440922
698,206995.34035709745
699,500540.6778047569
700,124397.74447363068
701,85814.57364629011
702,290181.99201141257
703,130788.39239773508
704,225614.90479367514
705,67092.3048722751
706,146247.94796788855
707,149602.9046060279
708,118313.79067470336
709,263894.44370894314
710,180096.88560144417
711,219809.64514076954
712,182232.01113682534
713,166592.35960353233
714,130083.5067718335
715,262468.91007528716
716,314382.727062205
717,261211.44236623668
718,239714.40969818248
719,146152.51562376294
720,65896.71849314375
721,256918.18969437492
722,179067.6816527565
723,140277.85260043087
724,337070.65129802766
725,108306.04438953767
726,123187.03545482182
727,152340.07617467525
728,213892.44882512666
729,228427.01596396128
730,83724.0051671102
731,307560.6215999901
732,167843.73423911314
733,321929.5583725358
734,356957.7400849429
735,226827.62697476547
736,175342.3897214258
737,157131.9544105748
738,385563.21724680456
739,297173.80940612167
740,87950.04172677941
741,79006.99442065887
742,178701.95097851322
743,137443.01880226887
744,94979.54939403862
745,357053.22364600777
746,221006.64419218732
747,230626.81755915025
748,175670.1683015426
749,153313.20013976505
750,62286.71397365287
751,446829.7620472146
752,272120.71585324046
753,327776.6898841107
754,210285.74234842684
755,346198.5501741723
756,235046.12900152206
757,508804.16560906597
758,297392.4421875147
759,244450.11624518025
760,229740.2633527063
761,127874.1255501064
762,378989.85403607675
763,125674.96353570752
764,277181.83394582354
765,223375.34792160682
766,235748.9406637361
767,144507.27062560004
768,206994.93877384966
769,342396.40138429665
770,364024.03919142723
771,146346.71226765754
772,262866.93468961125
773,218742.2780298105
774,281808.3908659943
775,393727.6124645016
776,169620.46709762313
777,83808.58688411878
778,142280.16062140482
779,171057.97237086855
780,143108.28411407117
781,193095.23138720487
782,488737.7736441594
783,264098.51157774916
784,142881.42665434035
785,156933.06941629061
786,113583.88687485833
787,177012.4294569611
788,230725.58563036346
789,72130.55917621408
790,148444.3794527454
791,90897.8020530754
792,143479.23370174677
793,232948.15290648767
794,94246.04281058647
795,98451.38063628325
796,85044.2663044845
797,116850.61715825954
798,213458.82292134498
799,161963.48350142487
800,271593.40125359356
801,111533.5821354547
802,335034.0241575558
803,274547.17341008433
804,188709.40255019118
805,449457.8944492536
806,377703.99765961414
807,234914.10680272002
808,102865.34227011324
809,199752.1879082925
810,186010.8183030386
811,184717.76192071065
812,112215.2428283154
813,224340.92351783777
814,199584.73568458678
815,135144.6059920322
816,136644.62359454393
817,215114.73450174578
818,138708.3635994892
819,209674.81120765806
820,189776.7879258546
821,211114.36740753506
822,163175.9856881488
823,213114.9943411761
824,202981.42294572675
825,215070.27237200833
826,194523.11196886914
827,172423.70704740693
828,466381.8648531658
829,220648.98862430814
830,107383.22804212151
831,73060.48854350268
832,175592.18116834827
833,271378.4370558213
834,233628.62387920744
835,479168.2975050408
836,336062.9340243503
837,219585.09189087184
838,209116.70989661702
839,64472.572000395136
840,273004.02000706154
841,174446.03010828054
842,156664.46348610133
843,153025.59558941322
844,206460.59284917335
845,111296.87243817894
846,185263.60113313628
847,183746.73920904318
848,232759.10704254292
849,80965.81781242335
850,236289.0501690719
851,164499.4297620546
852,488786.74615391315
853,224862.30005024685
854,166548.43957343147
855,73294.7163638845
856,309683.61307579145
857,201694.39370606653
858,326452.53641333594
859,234326.68069477743
860,143068.0095594897
861,210435.3835612984
862,189897.72017956467
863,74752.11237438113
864,143141.65945422064
865,83970.01803814061
866,333397.15935529704
867,132518.38479111792
868,174823.44877063064
869,181504.03625754453
870,111992.21866753734
871,381026.8438657865
872,145031.84596759957
873,294411.29025965155
874,500711.156918758
875,258979.95716119534
876,215600.4175919677
877,102400.9487399069
878,148630.15709651378
879,96179.10211389628
880,372248.5009679084
881,141940.57544268286
882,273684.93994708353
883,199639.5289420196
884,58151.07234485083
885,427255.3286780594
886,112845.37320206907
887,70620.83371147541
888,295872.8529044784
889,102268.17434376055
890,193054.70942691818
891,373541.9620426337
892,150781.29001478894
893,482098.9918381201
894,108825.57494696746
895,161571.4580336458
896,196828.66570773753
897,203997.47567432208
898,73371.49577534113
899,248564.1674791849
900,225110.01243547723
901,110239.46591228021
902,176935.81938846034
903,469961.3498499662
904,206388.25330966656
905,209450.060700327
906,268787.7145490441
907,180941.57001625898
908,184393.74918851248
909,187553.08053857938
910,96407.56157342189
911,347599.45018337795
912,60670.810822986095
913,116586.79018087627
914,387594.6028201296
915,388074.4678246975
916,73901.20119090924
917,478096.69047098537
918,318244.6118807553
919,275617.41548923973
920,209549.53272074356
921,213089.72756390282
922,141013.5550948181
923,62329.99871206787
924,104946.36121905176
925,194215.04555095543
926,105201.84606864688
927,72819.15667765915
928,194096.6297602635
929,475815.7554671066
930,254699.8068575793
931,101683.47714643671
932,169496.62747843738
933,141200.52450748527
934,280503.73508336826
935,192453.01568738898
936,206299.72249285693
937,323977.3967422617
938,137434.46563290863
939,208694.42188552665
940,101224.01856037044
941,114760.06999665411
942,161544.77315120716
943,238713.36202817294
944,160986.79404030225
945,243550.668273846
946,145151.35662259298
947,216363.51425330233
948,208384.56982461232
949,182323.5470065726
950,167968.72119079274
951,464835.5098997765
952,216178.59906712512
953,129296.35799227015
954,262197.7005286635
955,129216.05131693534
956,158243.75788110026
957,233251.45713325334
958,79882.97176664906
959,141999.02196021515
960,112362.81041857215
961,95151.12104378459
962,165632.40044387704
963,107829.02140275954
964,239860.56352749644
965,222308.60340962128
966,119575.00671714898
967,67898.38535581785
968,196969.03030576246
969,223998.0650195513
970,255015.17537290402
971,298186.28251399513
972,262914.811075554
973,358961.2311789784
974,128872.02528941241
975,205823.81751607056
976,160449.5738021195
977,246007.29237073357
978,75583.45368709526
979,219745.63554370918
980,120466.00968793803
981,188575.90803748113
982,121625.45873324941
983,167996.59746874703
984,205009.4101082372
985,268541.39707076206
986,350201.0128837203
987,307804.6481588807
988,343673.803499422
989,154832.20379519885
990,176209.01915452522
991,142361.5105486073
992,114859.03588166472
993,237162.85041216447
994,173810.6650155487
995,223480.81852294202
996,312974.8017116371
997,170760.06138997024
998,145397.27281386792
999,280743.83392174
1000,200395.90387949106
1001,119382.62140416238
1002,446859.39575758297
1003,381670.6864914035
1004,218091.08206231776
1005,122465.30771153851
1006,122935.92484315671
1007,116664.80318987864
1008,183409.74609935924
1009,200464.42205168438
1010,116250.89343485564
1011,283249.5214882568
1012,220418.73331009946
1013,199394.9094948849
1014,300323.09533276455
1015,71082.47850920248
1016,282573.57622097834
1017,155009.4688069994
1018,188451.1656959405
1019,300753.1908027404
1020,212367.95522717395
1021,387290.50205513096
1022,104357.28501618758
1023,110049.87003635326
1024,227758.68560373387
1025,194990.53195449492
1026,138690.4704943285
1027,63758.82731731117
1028,87101.79544302974
1029,220287.9651673032
1030,114210.46424823285
1031,278576.12845534016
1032,271125.733483963
1033,66162.5137389613
1034,214730.31891937545
1035,227202.04442192416
1036,215695.51309468085
1037,171954.29300889416
1038,113893.21959698682
1039,244177.56714529012
1040,234855.47969355446
1041,95983.56353391499
1042,229963.29072777694
1043,136061.70979248002
1044,192660.62622356307
1045,245870.02555912422
1046,290337.18421779474
1047,293278.7315516248
1048,220789.96609551445
1049,218265.40002473732
1050,175107.3240998938
1051,114659.62945922597
1052,150438.67007548208
1053,192368.36790547057
1054,122238.42153281636
1055,167601.62328019997
1056,299561.26997221675
1057,492492.7874304582
1058,134532.62152232396
1059,111796.54739780752
1060,188175.2182325824
1061,220707.77083152556
1062,60899.510619220935
1063,320916.8329288292
1064,330857.6479748297
1065,138651.4717539464
1066,131045.93493401266
1067,147168.1998545902
1068,176499.17528175403
1069,64731.50912940596
1070,196730.51900443097
1071,187220.62519320837
1072,105946.81988534039
1073,97478.1842986456
1074,182418.0136807006
1075,206907.77303217803
1076,103747.65695909284
1077,171493.37405264453
1078,250079.08658680817
1079,460749.3541493807
1080,200477.94275506577
1081,91622.3702943478
1082,278741.20877766196
1083,236455.16936418493
1084,230405.46585252346
1085,206861.18414644603
1086,114721.1004603178
1087,122209.07767397673
1088,186024.2587331528
1089,110782.98358138803
1090,69320.43083504114
1091,178674.45862225277
1092,227232.7818323212
1093,362927.5696164349
1094,143373.8131793621
1095,222503.3298364308
1096,495184.3552124342
1097,200352.61344051897
1098,137136.71030396773
1099,130446.23566336585
1100,159371.54293054133
1101,159977.72425326117
1102,122586.12613582937
1103,119912.63675595158
1104,178362.31271197638
1105,52165.291365526464
1106,412865.75700855156
1107,150363.95962086876
1108,213417.39109631217
1109,155046.89488810932
1110,119905.66987870401
1111,128367.1900582114
1112,207962.28412277615
1113,132139.24814888148
1114,406387.0449532699
1115,241857.29688544068
1116,231804.91284339587
1117,409964.397489787
1118,232320.59615877588
1119,105010.37618831596
1120,86959.83389605257
1121,459875.23699110816
1122,99582.54360895253
1123,208443.70119719254
1124,193630.322145259
1125,133528.9167356699
1126,231689.5011937342
1127,210220.18653010917
1128,342022.2257402182
1129,212629.89743751768
1130,331517.42375824787
1131,168452.76793543843
1132,310322.9359062419
1133,230338.86608946518
1134,223313.06999100326
1135,288251.34852784965
1136,174959.2557449497
1137,177106.4517496214
1138,108916.67992775742
1139,158523.36145437893
1140,495157.5170845177
1141,143458.3034530327
1142,185496.46211202504
1143,242180.75582608042
1144,217630.62613659177
1145,88496.05289619257
1146,159234.19551394493
1147,262560.9287172114
1148,129864.8837616529
1149,142861.84695025336
1150,129008.93547422932
1151,432356.851489224
1152,205871.01977107473
1153,218429.25460350234
1154,211374.62722501703
1155,149627.13314876673
1156,112725.14827334629
1157,171727.78882646313
1158,83335.78393687498
1159,197597.87204221613
1160,288123.6606019362
1161,63759.269851504185
1162,192566.2921306428
1163,221127.37825076436
1164,102522.56754902429
1165,163204.91465882212
1166,225459.78796392318
1167,154965.64231116071
1168,208791.62625824308
1169,204994.81613252967
1170,111669.87761109439
1171,98331.04698628088
1172,223651.36516797825
1173,235029.69985449317
1174,137240.90689634404
1175,135519.62943741257
1176,188386.68695313486
1177,205984.52865723465
1178,231129.44968416143
1179,259164.3366606432
1180,146488.86904549287
1181,390281.40120623633
1182,126390.14566148474
1183,276801.732489499
1184,82792.32538791256
1185,91740.66192402288
1186,247479.0587111544
1187,154921.02326668813
1188,274423.51571044204
1189,155662.30183788005
1190,120808.66073994806
1191,144814.08163412285
1192,66511.23386215407
1193,245706.68041598308
1194,171967.94876270613
1195,313983.3686288297
1196,154425.05607466947
1197,204250.57855194356
1198,212600.87377132472
1199,234798.79824825874
1200,218670.31111668944
1201,165507.92439041325
1202,154428.92040402888
1203,112128.30815461093
1204,134856.77738552584
1205,304662.7647758924
1206,255773.33447582487
1207,114445.6604886063
1208,279727.9931154051
1209,193935.86998108795
1210,161317.43712675752
1211,250612.40757752073
1212,201298.4014638235
1213,323948.60231252754
1214,147697.71175563612
1215,126848.35194010379
1216,278916.7502485116
1217,60488.98457896176
1218,327520.5073323968
1219,141054.9237161804
1220,128736.32643283193
1221,326965.0170676959
1222,196597.77703026347
1223,155368.37026412252
1224,124956.79298601625
1225,213591.42370566726
1226,112917.99744686224
1227,72032.86161814172
1228,196187.03458057818
1229,235011.648627699
1230,87269.91820003297
1231,193952.54658571855
1232,173504.47048423707
1233,97326.40316849475
1234,88183.29939710918
1235,251846.5309589427
1236,236728.60160713308
1237,135696.00100685636
1238,121485.3493922775
1239,245329.09350334713
1240,107568.32207050816
1241,216951.42748185046
1242,276924.5929062822
1243,256126.84694396853
1244,244980.26113523307
1245,163664.06270563428
1246,144083.37261547163
1247,112857.86471535871
1248,493499.23450315435
1249,202759.3262468402
1250,180195.49198325095
1251,416222.4069679265
1252,75670.08764205239
1253,88730.3765532263
1254,155090.1194646083
1255,125237.48827445798
1256,131154.0081129343
1257,115629.69450921669
1258,499045.25884937943
1259,231189.09409958895
1260,227907.15445362424
1261,137344.78953883145
1262,285623.41251486196
1263,224396.18785212198
1264,206790.70516141676
1265,360930.60909698304
1266,179328.26507398137
1267,240091.7603012108
1268,462094.15032368776
1269,209641.73251453743
1270,137036.52310539127
1271,157037.0502693735
1272,199935.12875860135
1273,202086.65590643723
1274,324895.8788648495
1275,176079.12531482006
1276,172329.33719252932
1277,248784.09820826157
1278,112185.17126816134
1279,286368.5859617844
1280,166793.18825200258
1281,130787.5610180465
1282,223854.6009739968
1283,116179.34169879375
1284,186618.83027807588
1285,241394.7365033758
1286,274303.54478003335
1287,117085.16153506852
1288,172163.63999797258
1289,105036.4915327435
1290,235095.99398942167
1291,137285.6517547613
1292,466496.65060368815
1293,246370.8060821079
1294,125886.44180093419
1295,393879.1149196424
1296,254062.48537628236
1297,87173.05839146086
1298,346739.9818639615
1299,103903.5024074031
1300,201437.59830625038
1301,126014.22864686842
1302,62104.416291917885
1303,127467.74246697438
1304,204544.99815229676
1305,161620.59778176624
1306,245081.0965875628
1307,167312.84394019764
1308,56964.84258766201
1309,453905.8169682561
1310,71479.45581148434
1311,92118.52311409602
1312,143969.94218757402
1313,106893.85911734954
1314,140112.97223511004
1315,227244.8449779708
1316,114033.54422963895
1317,144648.01372770919
1318,116203.226345625
1319,372519.3827559894
1320,135683.22493445824
1321,176152.43036803431
1322,64915.010861318966
1323,223437.60719491832
1324,208737.42631706738
1325,174871.0541866528
1326,181523.78225013218
1327,156837.73880663115
1328,83643.88982851223
1329,216578.51208998557
1330,194819.82957190424
1331,122146.73916446329
1332,336837.7393926796
1333,222619.31736384876
1334,179333.23605790283
1335,205342.7574393691
1336,212236.34648307506
1337,475882.9096462221
1338,143957.20259325564
1339,192305.2546308391
1340,71536.15261130255
1341,243080.7750910013
1342,187360.20701297992
1343,202384.0009702992
1344,143360.83590062128
1345,188740.5786796854
1346,108659.13057262778
1347,180006.21356020155
1348,242210.19956499353
1349,289547.07189879403
1350,253587.79832241032
1351,109175.68527302828
1352,200610.37686499022
1353,165048.33176114984
1354,146268.35062143643
1355,112994.14190897667
1356,266436.408488298
1357,84558.11238136516
1358,107546.84889211587
1359,228491.99162697594
1360,140704.6178647684
1361,190093.52663713097
1362,293389.03535616957
1363,185989.12735127858
1364,62736.84070972667
1365,210684.8604441864
1366,229821.74832760985
1367,240057.52636652897
1368,394828.1272867589
1369,182835.77431714852
1370,331452.92065474053
1371,84486.09017490693
1372,95346.10250143889
1373,224831.94764658003
1374,165349.15746319786
1375,64495.83412571265
1376,144751.22379349047
1377,252541.94043647064
1378,75776.28514750906
1379,177098.05394526382
1380,227264.22388530406
1381,457393.5376178786
1382,115704.19670839088
1383,160680.37737865734
1384,178819.704331163
1385,211645.66846900634
1386,108611.1733860442
1387,127877.05302310524
1388,420064.95476535574
1389,255180.77542838978
1390,200200.06250726196
1391,249180.43635856014
1392,224776.62627707006
1393,245562.75351926987
1394,77907.84699976892
1395,326404.28160009487
1396,71597.87398120476
1397,82575.52899474087
1398,147284.31180568028
1399,158064.977977347
1400,178258.74986689855
1401,239487.1720897685
1402,175934.73607952337
1403,138122.05836825498
1404,194082.9558378031
1405,121345.4398384187
1406,279023.3595774049
1407,252447.69216806395
1408,163953.8856473822
1409,219005.51881194042
1410,101380.71003047487
1411,198542.22787351583
1412,284008.414040091
1413,129279.05278356909
1414,227176.54836884091
1415,165526.7466682945
1416,72066.13477692647
1417,381165.5895844383
1418,316140.21677635546
1419,214284.209328924
1420,87294.92009531042
1421,125328.84472006043
1422,197067.14579090415
1423,116276.79270281865
1424,504981.27475015563
1425,251310.92366582216
1426,206623.27914443007
1427,301735.56341432984
1428,217277.92299585752
1429,248030.0056994569
1430,244337.3293621908
1431,209541.13406077606
1432,497422.56911324663
1433,289883.59910483327
1434,138681.60423438772
1435,244423.0642115272
1436,216196.2321367682
1437,115685.0998841599
1438,344300.06095964595
1439,229950.2034844869
1440,331876.6699354845
1441,131193.6424100278
1442,203537.3080645889
1443,265984.0764702279
1444,275113.4132331231
1445,111930.43732840223
1446,159351.33140907934
1447,66703.64308906467
1448,223679.2251873832
1449,246606.30952577936
1450,210641.20995178632
1451,230176.834173449
1452,103721.1664074904
1453,281329.8585252632
1454,162313.17891936394
1455,132956.61395427902
1456,123486.16223596828
1457,189031.73118578354
1458,162901.34774983584
1459,209550.1025298187
1460,350542.653174161
1461,214284.57544173222
1462,175326.87730865573
1463,198882.78107126465
1464,320387.72894940147
1465,205215.6982289685
1466,152635.02785128768
1467,191356.53090944412
1468,160004.78811086903
1469,71311.18035808194
1470,103268.6938745695
1471,118078.52953129658
1472,413769.42016123753
1473,384034.3702649917
1474,317958.2557039046
1475,138445.4599371951
1476,167291.63045550624
1477,180623.67615858745
1478,318189.67716854106
1479,176580.1124572622
1480,113223.20055660601
1481,146334.89992555484
1482,110424.76438460352
1483,164748.75297819206
1484,208913.15660319512
1485,108106.93594357128
1486,144256.22358872226
1487,128058.13307915085
1488,149761.27827310056
1489,250214.00816394272
1490,135614.5331542671
1491,203526.02191673673
1492,153076.068062811
1493,209100.37155622512
1494,260692.9270167487
1495,203944.4407281827
1496,423256.1177738428
1497,359250.45448502945
1498,97138.27114083745
1499,308933.9400907005
1500,143532.13953354376
1501,137954.81581352337
1502,245360.42037499291
1503,384731.34268074523
1504,258413.14953888347
1505,248388.60470180283
1506,169433.8803438189
1507,248283.0724816609
1508,249253.13706431797
1509,111822.29185658922
1510,354016.40943256725
1511,108740.07696331287
1512,115485.79201500468
1513,335717.8535446361
1514,286023.1560143133
1515,156748.56711154184
1516,114277.66716856037
1517,144994.96357195097
1518,122517.72993912634
1519,133904.59513250706
1520,109626.95727176045
1521,172721.60182086256
1522,81939.23205164567
1523,202407.93344636788
1524,176379.1925691983
1525,87097.51689329783
1526,127760.86419412629
1527,109545.67159848387
1528,128004.9618670108
1529,222228.3692843715
1530,485420.09078364033
1531,175599.50699449502
1532,311550.60110283963
1533,99561.10342754424
1534,113513.66912991148
1535,149522.0909687945
1536,302427.7632521348
1537,289356.8277548016
1538,261245.97499187812
1539,250613.83921572802
1540,246409.27520050787
1541,159966.86036734332
1542,423927.67032193515
1543,149613.27797462975
1544,197541.5514918312
1545,295567.58836520364
1546,162210.15214744842
1547,149852.70784512747
1548,61787.92034940564
1549,117829.92382374634
1550,279458.7933013755
1551,108820.80639202998
1552,179157.17924727072
1553,211983.09244939763
1554,330989.6163440505
1555,109925.61157222999
1556,136151.1506347177
1557,213724.48742640435
1558,143537.25173901828
1559,193445.1293588937
1560,356775.9195647365
1561,227956.51206867912
1562,224937.9582483767
1563,418439.0022618997
1564,103986.14155771986
1565,322620.3592902198
1566,212384.0610441279
1567,153874.7303511572
1568,119049.53578937403
1569,103698.54159438035
1570,321451.11025414406
1571,163277.0089340404
1572,148321.47858460675
1573,132566.2730780716
1574,488401.87805568
1575,290195.50364665623
1576,164524.5235126931
1577,163057.77207603832
1578,249777.95776462008
1579,231314.47427633652
1580,83660.25126767742
1581,224881.85328618146
1582,142892.49164631966
1583,159862.289728303
1584,73102.54182623532
1585,153490.96045498404
1586,176950.92194817596
1587,233197.35391558174
1588,339605.9430359267
1589,313415.65384867805
1590,92426.14256638789
1591,203361.55179235907
1592,409684.20221660496
1593,72977.05357370932
1594,142272.05859574385
1595,184082.65005450553
1596,356743.24628722086
1597,483969.67824213725
1598,245897.02192897056
1599,290895.30491802265
1600,91418.93922545027
1601,167640.47413009236
1602,323763.37192149233
1603,106375.5346926686
1604,326284.7123785656
1605,191610.20328559077
1606,116438.66330800291
1607,152384.21488343363
1608,83678.60586402094
1609,216232.47966578775
1610,183588.84776222528
1611,264122.5827425755
1612,149948.3927843516
1613,253956.50916623502
1614,126518.97936293473
1615,121041.24067832745
1616,262716.9282779357
1617,266218.88594656513
1618,158416.26564448373
1619,295473.95419289795
1620,194118.6058988227
1621,161695.69084980784
1622,263526.75491544494
1623,90567.8266496313
1624,268603.08091087407
1625,83516.64032037472
1626,65747.27210965157
1627,226962.98056969466
1628,294792.1998847357
1629,191494.47617143168
1630,157027.71889460032
1631,235942.8344695555
1632,91921.22916339542
1633,181409.44220146592
1634,279215.58317503205
1635,320861.38838237827
1636,367904.9834698772
1637,243110.48179527442
1638,209281.21040763624
1639,224822.70220175726
1640,137263.93261354553
1641,221691.82203180683
1642,182733.38036136227
1643,157699.28831285203
1644,205342.20276949563
1645,189603.06156075568
1646,179219.8739170219
1647,354458.2643257237
1648,184908.22609426768
1649,243672.40068098748
1650,252226.99122152315
1651,206381.25610915342
1652,212185.78861909566
1653,321925.1881030041
1654,240182.55618242468
1655,206839.81255777422
1656,211225.79472735847
1657,212643.63840631477
1658,185301.78611124717
1659,177466.58206703988
1660,220742.2131633278
1661,199440.4050704348
1662,132043.59094465958
1663,322333.83836728265
1664,124637.13275935997
1665,140488.45068946524
1666,253555.82328845188
1667,167220.04131493662
1668,187242.84699555716
1669,407175.6413122418
1670,214283.745007009
1671,303471.1832933314
1672,343940.9206378099
1673,142246.29357436296
1674,182612.40462703316
1675,353510.20443040505
1676,136246.86398776446
1677,324636.14630389
1678,112733.54602632714
1679,112683.07130753872
1680,110751.26627901405
1681,112166.15210350156
1682,86563.4473812453
1683,101296.5745116872
1684,204012.79369209855
1685,353536.902368547
1686,190145.40136905652
1687,348969.68081086926
1688,115281.04111136065
1689,179792.04201851456
1690,289461.3469129077
1691,116388.85681298537
1692,240710.9915538661
1693,88462.51530532965
1694,347661.2849976439
1695,131025.000694112
1696,492643.9389098816
1697,241662.86844151592
1698,104730.65265789733
1699,337690.14753993717
1700,113803.25824675261
1701,426645.4053164076
1702,266596.04162096605
1703,95439.10078642653
1704,159150.23147678806
1705,163003.5753365317
1706,154461.07091823276
1707,482297.97912819305
1708,100210.88207138811
1709,108115.60296679377
1710,258096.9463971421
1711,109474.88294560998
1712,226983.22474278475
1713,98881.93458799057
1714,225930.58858685705
1715,81622.46176875482
1716,229612.8132233473
1717,130215.55208055345
1718,383198.5254522006
1719,89112.32008851758
1720,204630.20255306325
1721,197251.68764876577
1722,117306.48947911333
1723,117290.6387727338
1724,178597.0682285026
1725,473062.87268551864
1726,289668.0502436981
1727,152750.27884003814
1728,96578.90178718738
1729,297154.5213953564
1730,125300.42156404602
1731,476800.29218565597
1732,208229.63297933375
1733,204837.07685666767
1734,233852.5105430344
1735,286640.47278824775
1736,328458.06864891056
1737,133873.9359709411
1738,461348.98093495384
1739,141838.456167107
1740,409537.039197014
1741,324876.00419846695
1742,122844.91157836927
1743,315144.619831064
1744,303810.4514907596
1745,396761.03812864685
1746,188841.26173109087
1747,188074.87401618712
1748,197071.39051310415
1749,217955.5764810204
1750,166097.15643409008
1751,137046.8194904249
1752,105898.4532721635
1753,143190.51412795883
1754,202930.0898653866
1755,279892.70360701473
1756,166227.77708328355
1757,142530.20869735334
1758,293915.6648098892
1759,266491.1529026795
1760,285464.139218984
1761,107462.86215888022
1762,216419.61051495702
1763,137231.2984133924
1764,247517.73722313426
1765,243163.18552752724
1766,271306.98506003316
1767,72790.75652764855
1768,100087.00734003926
1769,66843.68138162505
1770,129808.43509978133
1771,432591.42213113187
1772,180346.65760661857
1773,111440.02495451993
1774,193310.0019797096
1775,278588.12513254397
1776,338539.6453850296
1777,132581.05751384722
1778,451349.72544701514
1779,217810.65029652207
1780,153579.8336038642
1781,219274.5983177288
1782,398964.02224632306
1783,311751.9408868494
1784,157034.54204276553
1785,147414.31277697347
1786,348986.84529831813
1787,193562.39466334565
1788,227612.09207440773
1789,283454.44192490476
1790,148287.54530737063
1791,161409.01644210666
1792,123950.59817087802
1793,245573.42485956685
1794,261366.48240132825
1795,120773.98909940482
1796,208612.44313686466
1797,152321.4652942719
1798,367088.37190563785
1799,147032.49064815688
1800,81061.5094449935
1801,191381.2901576305
1802,451489.9411283944
1803,112804.36099356618
1804,207233.21065259734
1805,497247.71741889516
1806,112014.9681278984
1807,128570.23140857609
1808,187912.54437568187
1809,214307.2225321382
1810,238512.1255790804
1811,118880.13433454315
1812,361587.88330999255
1813,202794.0534926786
1814,157485.1153995474
1815,198405.4990760143
1816,78755.87637592341
1817,157536.04630838582
1818,135806.32989578476
1819,374787.1665127645
1820,253754.45084241117
1821,174103.67097560698
1822,94676.00570554635
1823,339623.1179930954
1824,287080.3787445888
1825,351684.46486247116
1826,204501.90332111312
1827,242944.59905882025
1828,155153.77138118053
1829,236573.07565299122
1830,217442.0017778258
1831,378352.4716046175
1832,88020.59030610028
1833,302528.3760361341
1834,167532.65954279623
1835,292939.01675292046
1836,82596.95957371737
1837,108651.4234350759
1838,189982.78176938556
1839,218047.66286860636
1840,199802.9009555187
1841,182193.72781176356
1842,220234.02378031504
1843,287051.3875698109
1844,129670.40077389881
1845,175476.86962616156
1846,113262.23030465194
1847,136842.55947027868
1848,206162.5966557043
1849,231029.9302930952
1850,173144.67947622403
1851,160882.88328604714
1852,141872.74289378827
1853,254199.6297269169
1854,68265.1381417776
1855,196545.08821498734
1856,169485.0103835005
1857,198962.19843819435
1858,271919.221434176
1859,187098.86183959164
1860,289245.9565631992
1861,150251.26966985894
1862,224933.32970949193
1863,55095.25300428562
1864,108053.14863862035
1865,271203.86390275275
1866,99731.21510110753
1867,330286.1843807664
1868,100491.33516836034
1869,367080.044099824
1870,69825.97294611263
1871,208030.27253605108
1872,160490.3400542242
1873,203077.75919048578
1874,136865.98957446605
1875,248993.63965091037
1876,263934.18808874494
1877,245413.57651848262
1878,152634.53495684685
1879,106369.89258027643
1880,473985.12447772926
1881,54606.60053395808
1882,97756.20722640026
1883,190145.67672915
1884,317252.8404110205
1885,277915.7974799214
1886,82532.14545748616
1887,273853.17756559147
1888,245756.36401423454
1889,200779.713401767
1890,231192.7374830546
1891,170408.7160564071
1892,183777.31350140143
1893,218978.96210147557
1894,203481.2263465244
1895,99443.911971279
1896,313614.32796032185
1897,158821.3418888196
1898,390324.1520687786
1899,97885.99587854366
1900,154201.5724113929
1901,304290.54963068216
1902,155652.75966663705
1903,176090.46109253238
1904,435546.0387588699
1905,175968.89945164407
1906,192567.2986523014
1907,87981.02033622326
1908,89776.7686054309
1909,120515.74081184901
1910,271386.85988268745
1911,242844.74159861341
1912,231429.41297466576
1913,103057.7825006586
1914,87266.52180834035
1915,201966.49932593445
1916,189127.63223915698
1917,85148.4341979671
1918,100233.46173033398
1919,111648.21704042087
1920,223492.0179834043
1921,129015.10291202285
1922,286024.80501350417
1923,110469.26304799497
1924,177170.6057779251
1925,337166.78066634183
1926,181519.4546451711
1927,183339.99826846682
1928,171159.19141085565
1929,248219.31213339022
1930,174842.69999793242
1931,119580.34035805117
1932,88087.65276139534
1933,183682.87953814378
1934,104308.75082279665
1935,82420.52766503116
1936,144470.8165039367
1937,149712.98520903292
1938,256946.32599135497
1939,380353.5793941926
1940,133624.953241373
1941,224128.5952703379
1942,140659.7907005318
1943,257961.87238648857
1944,108786.79771888081
1945,71324.87290168018
1946,79617.39811858228
1947,104231.60007020738
1948,157482.2283485037
1949,167993.49655288472
1950,490913.345209998
1951,184069.51008048444
1952,119641.29114583747
1953,202588.91856786644
1954,167027.06868516363
1955,306976.8533593653
1956,417290.4943174338
1957,221337.9085121935
1958,152711.15302058982
1959,246131.05540795423
1960,73478.28944945191
1961,239384.10121270097
1962,176230.43329404993
1963,320064.46963803266
1964,426028.59267319023
1965,178710.90236171777
1966,197340.88924398608
1967,166135.6688694822
1968,60478.46205017582
1969,241766.84060643087
1970,178621.65749816853
1971,88627.795847877
1972,70907.47476961999
1973,218425.7283532902
1974,91882.42446236941
1975,132245.88941293242
1976,145606.26071983832
1977,261082.9177071847
1978,100754.05962041777
1979,62982.97369987858
1980,259139.90679190494
1981,125558.40481354909
1982,268450.00577527034
1983,218177.93255586026
1984,378662.39051671047
1985,244766.4078982887
1986,160295.39703804874
1987,178622.32638881865
1988,135372.59160883495
1989,99544.54812939894
1990,212205.78724750245
1991,220222.67758120873
1992,169894.08249248491
1993,133863.95302028625
1994,224126.06295617038
1995,418440.4277899324
1996,323707.2090601053
1997,137096.03090358712
1998,197209.79906195938
1999,347577.8589142786
