filename,warship,boat
image001.jpg,1,0
image002.jpg,0,1
image003.jpg,1,0
image004.jpg,1,0
image007.jpg,1,0
image008.png,0,1
image009.jpg,0,1
image010.jpg,0,1
image011.jpg,1,0
image012.jpg,1,0
image013.jpg,1,0
image014.jpg,2,0
image015.jpg,1,0
image018.jpg,0,1
image019.jpg,3,0
image020.jpg,1,0
image022.jpg,1,0
image023.jpg,1,0
image024.jpg,0,1
image025.jpg,0,1
image026.jpg,1,0
image027.jpg,0,1
image028.jpg,1,0
image029.jpg,1,0
image030.jpg,0,1
image031.jpg,1,0
image033.jpg,0,1
image034.jpg,1,0
image035.jpg,0,1
image036.jpg,0,1
image037.jpg,0,1
image038.jpg,1,0
image039.jpg,0,1
image040.jpg,0,1
image041.jpg,1,0
image044.jpg,1,0
image046.jpg,1,0
image047.jpg,0,1
image048.jpg,0,1
image049.jpg,0,1
image050.jpg,0,1
image051.jpg,1,0
image052.jpg,1,0
image053.jpg,1,0
image054.jpg,0,1
image055.jpg,0,1
image056.jpg,1,0
image057.jpg,1,0
image059.jpg,0,1
image060.jpg,1,0
image061.jpg,0,1
image062.jpg,1,0
image064.jpg,0,1
image065.jpg,0,1
image066.jpg,0,1
image067.jpg,0,1
image068.jpg,1,0
image069.jpeg,0,1
image070.jpg,2,0
image071.jpg,0,1
image073.jpg,2,0
image075.jpg,1,0
image076.jpg,0,1
image077.jpg,0,1
image078.jpg,0,1
image079.jpg,0,1
image080.png,0,1
image081.jpg,0,1
image082.jpg,1,0
image083.jpg,1,0
image084.jpg,1,0
image085.jpg,1,0
image086.jpg,0,1
image087.jpeg,0,1
image090.jpg,1,0
image091.jpg,1,0
image093.jpg,0,1
image094.jpeg,0,1
image095.jpg,1,0
image098.jpg,1,0
image099.jpg,1,0
image100.jpg,0,1
image101.jpeg,0,1
image103.jpg,0,1
image104.jpg,0,1
image105.jpg,2,0
image106.jpg,1,0
image107.jpg,0,1
image108.jpg,1,0
image109.jpg,1,0
image111.jpg,0,1
image112.jpg,0,1
image114.jpg,1,0
image116.jpg,0,1
image117.jpeg,1,0
image118.jpg,0,1
image119.jpg,0,1
image122.jpg,0,1
image124.webp,0,1
image125.jpg,0,1
image127.jpg,1,0
image128.jpg,1,0
image129.jpg,0,1
image130.jpg,1,0
image131.jpg,1,0
image133.jpg,1,0
image134.jpg,1,0
image135.png,1,0
image138.jpg,0,1
image140.jpg,1,0
image141.jpeg,0,1
image142.jpg,1,0
image143.jpg,0,1
image144.jpg,0,1
image145.jpg,1,0
image147.jpg,0,1
image148.jpg,1,0
image151.jpg,0,1
image152.jpg,1,0
image153.jpg,0,1
image154.png,1,0
image155.jpg,0,1
image156.jpg,1,0
image157.jpg,1,0
image158.jpg,0,1
image159.jpg,0,1
image160.jpg,1,0
image161.jpg,0,1
image162.jpg,1,0
image163.jpg,1,0
image164.jpg,0,1
image166.jpg,0,1
image167.jpg,0,1
image168.jpg,0,1
image169.png,0,1
image171.png,1,0
image172.jpg,0,1
image173.jpg,0,1
image174.jpg,0,1
image175.jpg,0,1
image176.jpg,0,1
image177.jpg,1,0
image178.png,1,0
image179.jpg,1,0
image180.jpg,1,0
image181.jpg,1,0
image182.jpg,1,0
image184.jpg,0,1
image185.jpg,0,2
image186.jpg,0,1
image187.jpg,1,0
image189.webp,0,1
image192.jpg,1,0
image193.jpg,0,1
image194.jpg,1,0
image196.jpg,0,1
image197.jpg,0,1
image200.jpg,1,0
image300.jpg,2,0
image301.jpg,0,2
image302.jpg,0,1
image303.jpg,4,0
image304.jpg,0,3
image305.jpg,0,3
image306.jpg,3,0
image307.jpg,0,2
image308.jpg,0,2
image309.jpg,2,0
image310.jpg,4,0
image311.jpg,2,0
image312.jpg,1,0
image313.jpg,0,2
image314.jpg,0,1
image315.jpg,3,0
image316.jpg,2,0
image317.jpg,0,2
image318.png,2,0
image319.png,0,1
image320.jpg,0,1
image321.jpg,0,2
image322.webp,2,0
image323.webp,1,0
image324.jpeg,2,0
image325.webp,0,2
image326.jpg,2,0
