id,type,air_temperature_k,process_temperature_k,rotational_speed_rpm,torque_nm,tool_wear_min,machine_failure,target,probability,temperature_gap_k,mechanical_power_w,torque_wear,outcome
443,L,297.4,308.5,1399,61.5,61,1,1,0.4497921941693478,11.100000000000023,9009.930650862847,3751.5,FN
904,L,295.7,306.2,2270,14.6,149,1,1,0.2773653697488704,10.5,3470.6221241757644,2175.4,FN
1088,H,296.9,307.8,1549,35.8,206,1,1,0.0122460066992598,10.900000000000034,5807.150244356637,7374.799999999999,FN
1210,H,297.0,308.1,2540,13.3,98,0,0,0.5376140363993831,11.100000000000023,3537.642767452346,1303.4,FP
1285,L,298.4,309.5,2153,15.3,98,1,1,0.4322883059617675,11.100000000000023,3449.5629814212007,1499.4,FN
1526,L,298.2,309.0,2449,13.8,45,0,0,0.5741145680922017,10.800000000000011,3539.1297879750464,621.0,FP
1655,L,298.2,308.1,1379,62.3,149,0,0,0.6276134250421546,9.900000000000034,8996.652185913674,9282.699999999999,FP
1683,H,297.9,307.4,1604,36.1,225,1,1,0.0841605701043775,9.5,6063.734588350827,8122.5,FN
1764,L,298.2,307.6,1511,31.0,209,1,1,0.062979181236204,9.400000000000034,4905.178049559983,6479.0,FN
2167,M,299.6,309.2,1867,23.4,225,1,1,0.2196006904546832,9.599999999999966,4574.975717716672,5265.0,FN
2245,M,299.3,308.4,1542,37.5,203,1,1,0.0042557357755694,9.099999999999966,6055.419839794326,7612.5,FN
2672,M,299.7,309.3,1399,41.9,221,1,1,0.0227182669649184,9.600000000000023,6138.473077579728,9259.9,FN
2706,L,299.7,309.2,1326,64.8,71,0,0,0.6267898041848858,9.5,8998.024014705741,4600.8,FP
2750,M,299.7,309.2,1685,28.9,179,1,1,0.0008272441587595,9.5,5099.485555184512,5173.099999999999,FN
2865,H,300.6,309.4,1380,47.6,246,1,1,0.3596801561822536,8.799999999999955,6878.831274300212,11709.6,FN
2942,M,300.7,309.6,1996,19.8,203,1,1,0.0076296857659421,8.900000000000034,4138.6084981330505,4019.4,FN
3237,M,300.8,309.4,1342,62.4,113,1,1,0.2347898923092807,8.599999999999966,8769.316069524406,7051.2,FN
3530,L,301.9,310.9,1567,39.0,214,1,1,0.0162611976126546,9.0,6399.738394627768,8346.0,FN
3590,L,301.7,310.5,2465,13.7,149,0,0,0.5949419012751967,8.800000000000011,3536.43849026847,2041.3,FP
3612,L,301.7,310.9,1405,46.4,207,1,1,0.0323503705335886,9.199999999999989,6826.890275760859,9604.8,FN
3761,L,302.3,310.9,1377,46.8,166,1,1,0.4952143064852119,8.599999999999966,6748.518011029306,7768.799999999999,FN
3795,M,302.2,310.8,1356,48.3,36,0,0,0.7187986996063628,8.600000000000023,6858.599417611093,1738.8,FP
3807,M,302.3,310.9,1360,44.0,67,1,1,0.3432309111436888,8.599999999999966,6266.430146360441,2948.0,FN
3830,H,302.3,310.9,1366,48.4,130,1,1,0.3861574483470877,8.599999999999966,6923.483777883233,6292.0,FN
3866,H,302.6,311.5,1629,34.4,228,1,1,0.0474874710594902,8.899999999999977,5868.243749493446,7843.2,FN
3929,L,302.6,311.5,1442,59.8,169,1,1,0.4766135912466784,8.899999999999977,9030.152035576453,10106.199999999999,FN
4035,L,302.0,310.8,1615,29.0,235,1,1,0.0919661217568629,8.800000000000011,4904.549731029266,6815.0,FN
4045,M,301.9,310.9,1419,47.7,20,1,1,0.0012565813620186,9.0,7088.0927609558275,954.0,FN
4079,H,302.1,310.7,1294,62.4,101,1,1,0.2995106195079293,8.599999999999966,8455.65945899,6302.4,FN
4117,M,302.0,310.5,1381,58.4,201,0,0,0.6478526196749179,8.5,8445.690138302607,11738.4,FP
4119,L,302.0,310.6,1366,47.7,206,0,0,0.8511847759106757,8.600000000000023,6823.350748037816,9826.2,FP
4208,M,302.3,310.9,1710,30.4,218,1,1,0.0449043592089087,8.599999999999966,5443.751750140394,6627.2,FN
4212,L,302.1,310.7,1314,52.8,8,1,1,0.2459428082101999,8.599999999999966,7265.372834397899,422.4,FN
4226,L,302.1,310.7,1359,49.3,41,1,1,0.2332982853764968,8.599999999999966,7016.0874573355495,2021.3,FN
4381,L,301.9,309.6,1410,49.0,223,0,0,0.6380220228489969,7.7000000000000455,7235.087881217293,10927.0,FP
4386,L,301.8,309.7,1442,45.3,233,1,1,0.132033876085036,7.899999999999977,6840.566675779487,10554.9,FN
4428,M,302.4,310.1,1379,48.9,107,1,1,0.2158249897216093,7.7000000000000455,7061.577718959528,5232.3,FN
4470,L,302.7,310.5,1446,40.9,211,1,1,0.0281204435028633,7.800000000000011,6193.2729254338465,8629.9,FN
4647,L,303.3,311.4,1497,46.0,234,1,1,0.1043323079883155,8.099999999999966,7211.211777050011,10764.0,FN
4685,M,303.6,311.8,1421,44.8,101,1,1,0.0104413395573478,8.199999999999989,6666.543386721636,4524.799999999999,FN
4779,H,303.6,312.2,1371,54.6,112,1,1,0.2797563939477623,8.599999999999966,7838.964821090324,6115.2,FN
4899,H,303.6,312.4,1460,53.7,214,0,0,0.5191487149313991,8.799999999999955,8210.238240891566,11491.800000000001,FP
5142,L,304.4,313.7,1509,35.0,205,1,1,0.0113107110720814,9.300000000000011,5530.77386664483,7175.0,FN
5153,L,304.3,313.5,2643,12.7,21,0,0,0.6420846441398496,9.199999999999989,3515.033772322012,266.7,FP
5310,M,303.9,313.2,1422,48.0,215,1,1,0.0617774011713539,9.300000000000011,7147.751605447497,10320.0,FN
5942,L,300.6,310.7,1438,48.5,78,1,1,0.0005843427619001,10.099999999999966,7303.469881310431,3783.0,FN
6000,M,300.4,310.2,1671,30.5,234,1,1,0.1885190750002661,9.800000000000011,5337.09467955102,7137.0,FN
6173,L,300.8,310.6,1577,37.9,227,1,1,0.0406923392052361,9.800000000000011,6258.92173991836,8603.3,FN
6257,L,301.0,310.6,1493,37.8,206,1,1,0.0211696414655301,9.600000000000023,5909.901268080047,7786.799999999999,FN
6420,H,300.3,309.9,1394,46.7,210,1,1,0.0268789575548173,9.599999999999966,6817.235114338827,9807.0,FN
6479,L,300.5,309.8,1663,29.1,145,1,1,0.0023697225752725,9.300000000000011,5067.734525432231,4219.5,FN
6760,L,301.7,311.0,1441,44.3,208,1,1,0.022041218085216,9.300000000000011,6684.921703745136,9214.4,FN
6991,L,300.7,311.1,2478,13.4,170,1,1,0.3396133525149394,10.400000000000034,3477.240412699327,2278.0,FN
7088,L,300.6,310.3,1648,30.5,217,1,1,0.0413139292474852,9.699999999999989,5263.633771334579,6618.5,FN
7511,L,300.5,311.8,1524,38.9,214,1,1,0.0176277514170234,11.300000000000011,6208.164074611862,8324.6,FN
7688,M,300.7,311.7,2097,18.9,232,1,1,0.4173263483761126,11.0,4150.389470584011,4384.799999999999,FN
7850,M,300.3,311.7,1374,47.9,222,1,1,0.0344155858632198,11.399999999999977,6892.088795298359,10633.8,FN
8112,M,300.4,311.8,1553,33.1,209,1,1,0.0268871077747213,11.400000000000034,5383.0457080975275,6917.900000000001,FN
8200,L,299.2,310.7,1737,27.0,225,1,1,0.1339017845134526,11.5,4911.251795356923,6075.0,FN
8358,L,298.5,309.5,1385,46.3,203,1,1,0.0052601999267617,11.0,6715.206656925742,9398.9,FN
8507,L,298.4,309.6,1710,27.3,163,1,1,0.0013558628843806,11.200000000000045,4888.632328251077,4449.900000000001,FN
8610,L,297.4,308.3,1475,40.5,222,1,1,0.0152682489656555,10.900000000000034,6255.696371460676,8991.0,FN
8691,L,297.1,308.5,1323,44.4,207,1,1,0.0286185558044913,11.399999999999977,6151.3640794349585,9190.8,FN
9016,L,297.2,308.1,1431,49.7,210,1,1,0.0121975864022343,10.900000000000034,7447.742287938787,10437.0,FN
9175,L,297.8,308.9,1871,25.6,200,1,1,0.00495448445489,11.099999999999966,5015.824942819416,5120.0,FN
9577,L,299.6,310.7,1922,23.3,205,1,1,0.0629365266793158,11.099999999999966,4689.622905621675,4776.5,FN
9759,L,298.6,309.8,2271,16.2,218,1,1,0.09622170678885,11.199999999999989,3852.6607348033067,3531.6,FN
9940,H,298.3,308.1,2636,12.8,84,0,0,0.5680523952627893,9.800000000000011,3533.3283135414167,1075.2,FP
