troop1,troop2,troop3,troop4,troop5
0.6033825452769456,-1.5819704732040605,0.8032087724980606,-1.6876782983116327,0.031073717288035534
0.6411055116381154,-0.8262498064962202,-1.6136267381003844,-0.14627266719565474,1.4549836742106115
-1.8264202879866356,-0.4907730466553823,-0.6709920332544382,-1.0588315987102375,1.513709084857622
-0.4269722025879459,-0.8959312748143385,-0.5993820921996694,-0.43144733329396184,-0.12842739804952388
-1.489132588757353,1.2735329965332638,0.09881483308432575,0.3092755814690769,0.2638003446669291
1.3186395741250074,1.1025619711754064,1.3609400441746249,-0.42194151109068495,0.6168778136187083
0.8119683592740019,-0.08489645284366201,-1.3512864732747412,1.2437710257604526,-0.8643075438114458
-1.1126425911527373,1.692340172094738,-1.1467850069933343,-0.5089563451052966,-0.6199808353170934
-1.4358766362474664,-0.7802744047193173,-1.6122496238493311,-0.5228494698639321,-0.8788076452057694
-0.861156148744939,1.5888955180967066,1.2301141903245665,0.8481825786856214,0.4508516526537033
1.10117776804297,1.3841613070589363,0.48991528038344734,0.4723369931099038,-0.9440581014802255
0.27275184011139897,-1.7299537976734665,1.01941570991342,-0.5177309502160138,-1.5436372941355057
0.5915478891636374,-0.28963066388143244,1.378842529438317,0.48623011786853926,-0.8737326097177561
0.6425848436522789,-1.0690573971304882,-0.12427767558629994,-1.1056294926340624,0.17752474137070373
-0.12666780371275138,0.44166557063242823,1.1488644495124252,-1.2284739641841023,0.5980276818060877
0.005732411554883639,-0.3011245143256581,1.378842529438317,0.3904406787432105,-1.5378372535777762
0.7054564542542284,-1.6767947393689224,-0.04302793477415849,-1.3330380084201483,0.5487273370653875
-1.8641432543478054,-0.3427897221859763,1.5241280829244344,-1.1480400840025284,-0.610555769410783
1.2897925998488187,-1.532403243163337,-0.076767233924963,1.5837869738007417,0.9982304802894186
1.0286904993489576,0.581028507268665,0.7632724592175165,-1.6218687599812542,0.9039798212263153
0.5101846283846438,-0.7328622716368863,0.9732823825031364,0.5695888664203521,0.046298823752075294
0.4243833715631597,-1.7644353490061435,-1.1936068915291447,-0.38026213681477855,-1.6552880748717973
1.0915621099509072,1.052994741134683,0.5057520942705597,-1.0690686380060743,-0.5641554449489476
1.5560723623982522,-0.5101689192800132,0.693039632413801,0.5827507740864278,1.396258263563601
0.7446587526295617,-0.5812871189036598,0.816979915008593,-0.42779124783116307,-0.990458425942061
1.6699809274888433,0.1428254590825598,-1.459389941982421,0.6302798851028124,1.112781281304575
1.0604961376534732,1.395655157503162,-1.2473143473202213,0.8796249136656912,1.0366557489843762
1.35340387645785,0.8288646574722818,-0.7832268447152777,1.5121276987298853,-1.4203864322837552
1.2698216176576111,1.5472303102363885,0.32741579875916443,1.4989657910638094,-0.4916549379773297
0.7705470628774234,1.4272632462247827,1.0648604801981771,1.1940482634663887,0.10284921918993728
-0.48984381318989545,-1.2349998629189969,-0.8803133994145315,0.788222777095721,1.331732812358861
0.4118090494427698,0.6514283412395474,0.9058037842015273,-0.6354569021181354,1.1011812001891161
-0.04308554491251251,0.4998531885063209,-1.1350795358593817,0.63759205602841,-1.035408740264464
0.297160818345097,-0.9045516626475077,-1.4965720267608587,0.6149243261590573,1.0352057388449438
-1.1821711958184227,0.7261383691270145,-1.4635212847355807,1.5837869738007417,-0.37420411668330866
-1.5623595234584473,1.172961805146289,-0.242709501176879,1.4989657910638094,-0.6047557288530536
-1.1444482294572529,1.215345378659371,-1.2665939468349667,-0.9425680809932354,-0.0936271547031473
-0.012759238622160357,1.5752465706941887,-0.08502991943128246,1.294225005147076,-1.293510545083424
-1.0497709805507878,-0.7903315238580149,1.396745014702009,1.0178249441594862,1.0410057794026732
1.43328780522268,-0.9182006100500258,1.2115231479353477,1.5545382900983513,-1.4820118632096304
0.8282410114298006,-0.6452216619996652,-1.5096546121458645,1.3666154973104925,-1.6922633334273225
-1.356732373489718,1.05946003200956,-1.245937233069168,-1.686947081219073,1.2882325081758903
0.48059798810137344,0.4057472879942229,-0.018928435380726704,0.6661095226382407,-1.492161934185657
-0.639256346620411,-0.690478698123804,-1.647366037251189,0.047499862332682156,0.6125277832004112
-1.322707737163957,-1.5007951544417164,0.8555391140380839,-0.18429595600876236,-0.6033057187136213
0.4428750217402037,-1.1207797241295039,-1.2011810199099375,1.543570033709955,0.9293549986663816
-1.0224033382887625,-0.0403577823722874,0.8500306570338709,-0.04682714260752712,1.0982811799102514
-0.8781684669078194,-0.3032796112839505,-1.5096546121458645,-1.6986465547000291,-0.01170158182521904
-0.034209552827531395,0.568097925518911,0.4093540966968325,-0.6120579551562231,-1.6444129988260547
-0.20433273445633615,1.2685044369639151,0.38663171155445397,-1.1626644258537238,1.2251570671105827
0.14848795092166328,-0.630135983291619,1.5351449969328603,0.634667187658171,1.1765817274395987
-0.6325993525566751,-1.1258082836988528,1.2376883187053593,0.27563959521132786,-0.25167825990127435
-1.4602856144811645,-1.2371549598772893,-0.46442489559645145,-0.6325320337478963,-1.2652353473644928
1.4724901035980134,-0.1279983920095084,-0.26818611482136406,-1.2621099504418514,-1.20505992657805
0.2165372235731852,-0.07340260239943631,-0.24408661542793225,1.0712037919163488,0.012223585475414874
0.5789735670432475,0.8432319705275639,0.13048846085855037,-0.2939785198927266,0.6241278643158701
1.3674575305924035,-0.9950657348957852,0.7784207159791021,0.4299264017414376,0.08254907723788425
-0.41957554251712825,-0.05831692369139007,-0.7446676456857868,0.28587663450716455,1.1026312103285485
-0.07341185120286467,0.7584648235013993,-1.497949141011912,0.5257158408667664,1.3382578579863067
0.8903729560246684,-0.010186424956194916,0.41417399657551884,-1.0076464022310543,1.0163556070323232
-1.6415037862161956,0.7390689508767684,0.5505083074297901,0.6763465619340774,-1.2405851749941428
-0.5726864059830525,-0.13446368288438537,0.7439928597027711,0.97541435279102,-0.9650832485019947
-0.43288953064459995,0.8489788957496768,0.30951331349547223,-0.409510820517169,-0.4778798416527223
1.5516343663557617,0.34037601359268915,-1.6721540937701473,-0.7005352233559542,-0.4800548568618708
0.6780888119922034,0.29368224616302224,0.28610237122756704,1.1421318498946458,-1.0325087199855993
0.768328064856178,-1.3025262342788229,-1.6115610667238045,0.11477183484818025,1.5369092470885397
0.5471679287387319,0.49123280067315156,-1.012516367515643,0.31439410111699523,0.6995283915663527
-0.8204745183554422,-0.360748863505079,1.6026235952344694,-0.9849786723617016,0.32615078066252046
-1.1126425911527373,-1.4620034091924545,-0.6847631757649707,-1.7030338572553878,-0.687406306800698
-0.6059713763017318,0.2821883957187965,1.2920843316219626,0.34510521900450525,1.3041826197096462
0.6211345294469078,0.3346290883705763,-0.6895830756436571,1.1253138567657712,-1.2347851344364134
1.1921566869140265,-1.7392925511593997,-1.5082774978948112,-0.37587483425942,0.18114976671928462
1.3119825800612714,1.7081442164555485,1.1591928063953245,1.482147797934935,0.6270278845947348
0.7609314047853605,0.6629221916837731,0.822488372012806,-0.4307161162014021,-1.6204878315254208
1.2232226592114603,0.7124894217244965,-0.9953024393774774,-1.610169286500298,1.0939311494919544
-0.6991692931940335,0.8784318875130052,-0.5635771216722851,-1.20507501722219,-0.20310292023029036
-0.2627663490157952,0.8963910288321078,0.4272565819605247,-1.0734559405614328,0.3210757451745072
-1.4343973042333027,1.6456464046650712,1.4449440134888727,-1.7322825409577782,0.566852463808292
0.6100395393406814,1.524242609347937,-0.9443492120885073,0.45405656579590975,-1.4986869798131026
-1.8360359460786984,-1.1732204167812836,-1.3347611022621022,0.8364831052046652,0.14199949295461095
-0.5083354633669395,0.026450223334774526,1.597803695355783,1.2898377025917176,-0.8142821940010294
-0.8426644985678949,-0.6653359002770602,0.38594315442892735,0.6544100491572845,-0.9165079088310107
0.9206992623150205,0.32888216314846347,0.8176684721341196,0.5140163673858102,-1.524787162322885
0.46654433396682005,-1.491456400955783,1.3203151737685541,-0.47385792466242804,-1.3246857630812197
-0.1096554855498709,-1.1143144332546269,-0.033388135016785774,0.14475173564313049,0.3174507198259263
-0.29087365728490205,-0.9850086157570878,1.316872388140921,1.322011254664347,0.5393022711590771
-1.4129469900279317,0.23908645655295013,-1.1151113792191096,1.1823487899854326,1.7464357122365155
1.1204090842270957,0.5472653215887519,0.3721720119183949,-1.6065132010374992,0.9641552420127582
-0.5386617696572916,-0.7120296677067272,-0.08778414793338896,-1.6832909957562743,1.4259834714219644
-0.13702312781189602,-0.7680621886223276,-0.41002888267984827,0.8693878743698545,-0.4974549785350591
-1.8456516041707614,0.9157869014567387,0.07678100506747383,-1.2270115299989828,1.1149562965137234
-1.2509601344770263,0.7462526074044095,0.07678100506747383,-1.9026561235242028,1.193981849112787
-1.1962248499529762,-1.283130361654192,1.0745002799555499,0.028488217926128347,-0.42930450198173825
1.4207134831022903,1.550103772847445,0.42037101070525845,-0.013191156349778077,0.5893276209694935
0.7446587526295617,0.8935175662210514,-0.6406955197312668,0.7626301788561293,-1.1673596629528087
-1.0690022967349135,-0.9411883109384772,0.08779791907589979,1.2101350395027035,0.38995122679754424
1.2690819516505294,1.4452223875438852,0.09881483308432575,-0.8080241359622392,1.4107583649579245
-1.6614747684074032,-1.2393100568355815,0.8679331422975631,-0.685910881504759,0.0636989454252636
-0.6799379770099078,-0.8126008590937022,0.5484426360532102,-0.07095730666199926,-1.5218871420440203
0.39405706527280754,0.527869448964121,-1.242494447441535,-1.0098400535087335,0.9866303991739598
